site_no,n_sequences,overall_RMSE,overall_MAE
02339495,27.0,24788.60123550742,17014.584395580605
02342500,61.0,66141.33829361036,45661.2304407814
023432415,0.0,,
02361000,1.0,67640.03749342135,59354.87809299999
02361500,0.0,,
02362000,2.0,660509.624711457,532292.2888809876
02362240,7.0,7585.493222669581,5558.905077854263
02363000,23.0,56115.002366843866,46555.9453189902
02364500,40.0,403355.63639818033,333678.8761289259
02369800,31.0,56801.864906292874,48612.63333731579
02371500,34.0,67260.10305269583,57914.433687643985
02372250,5.0,55744.346824447144,50382.678626164256
02372422,2.0,157435.05771644023,141492.18590859574
02372430,0.0,,
02373000,28.0,62419.75439575404,52713.07424454143
02374250,9.0,745498.012822992,703596.8174384878
02374500,16.0,75773.31444300014,63392.96412070014
02374700,14.0,150433.19787724738,132350.9000764331
02374745,0.0,,
02374950,11.0,97107.32877588843,85790.42082414724
02375000,3.0,135522.71848681459,112986.5304136434
02377570,0.0,,
02378300,1.0,30458.70365630925,30234.326979878784
02378500,3.0,20869.906750314112,19323.510075733335
0237854520,0.0,,
02397530,0.0,,
02398300,2.0,142504.03103962913,138078.94484666665
02398950,12.0,2881.623680565451,1665.1120207814818
02399200,74.0,22243.477631759615,15790.91934433286
02400100,42.0,100613.0232770917,88936.3066615541
02400680,6.0,19378.46799960262,17488.259880435147
02401000,58.0,76989.86217404323,68391.72212714687
02401390,99.0,64856.041512093754,51179.00169988066
02401895,14.0,81648.71082909162,72987.52346356722
02403310,0.0,,
02404400,28.0,209769.7321659998,191208.595014871
02405500,88.0,43542.3905043876,31026.05449749161
02406500,3.0,59734.14696179788,57679.88143193702
02406930,0.0,,
02407000,9.0,3922079.232548104,3641414.496718988
02407514,30.0,20662.569893684144,14185.205767756086
02408150,3.0,5651.500603106899,5217.742162922666
02408540,29.0,86721.91184623052,68956.28807250575
02412000,12.0,66618.21972840991,52465.543385692945
02413300,0.0,,
02414500,56.0,866423.9704372373,710538.1869605822
02414715,16.0,1050901.7586256813,893776.886435038
02415000,38.0,54684.56438146261,42613.26605589045
02418230,1.0,6617.894885146761,6001.342357647059
02418760,4.0,3857.643052287037,3223.6782583194636
02419000,77.0,57158.22414150216,45048.40543187534
02419890,0.0,,
02420000,0.0,,
02421000,20.0,3925.5844999785404,2367.67842606278
02422500,50.0,73619.84331766999,62307.11395698683
02423000,0.0,,
02423130,41.0,3521.647302014091,1906.1781314694417
02423160,24.0,26180.251654258605,19282.350166195716
02423380,1.0,9703.96654336649,9483.065311105085
02423397,33.0,14361.902969564051,12418.45442252274
02423400,0.0,,
02423414,6.0,89700.95981209958,77302.30897683148
02423425,3.0,7492.316167851165,4678.241792277334
02423496,68.0,51805.2706086314,36007.855178970516
02423500,115.0,74972.5412783355,54618.73955809965
0242354650,8.0,4942.911303538126,4131.528770756582
0242354750,17.0,12608.687120653942,10738.996913696255
02423555,10.0,89950.22247065377,77547.28367243244
02423571,5.0,3347.0344173109484,2216.829172948416
02423586,2.0,5693.199475577785,4964.223311096775
02423630,16.0,28676.73574734786,21296.889620566017
02423647,2.0,126980.17725538052,117872.34096461537
02423800,20.0,88701.89732755949,78551.02763547309
02424000,23.0,254544.96768649473,235348.47671382237
02424590,16.0,581109.6109660749,528276.2122161445
02425000,67.0,696262.0352747506,598751.5364000736
02427020,1.0,4140.246057849197,2869.269571442857
02427250,1.0,63026.21224500592,62459.35560329412
02428400,18.0,12082323.909234306,11394171.083572766
02429000,7.0,365095.4700366854,192021.41233670866
02438000,7.0,49286.49883436047,42944.70936645783
02442500,14.0,112293.41271640791,99573.86906906666
02444160,37.0,2772400.4487172677,2373301.479377357
02444161,0.0,,
02446500,155.0,404426.4939448068,305467.52438488265
02447025,5.0,1241012.955816979,1160958.729871238
02447026,4.0,2516580.3907568846,2330146.024623089
02448500,73.0,134769.73994628826,114492.13543641758
02448900,55.0,5986.898999495351,3338.9070825636304
02449838,0.0,,
02449882,8.0,903.8830212022638,699.4783560780781
02450000,38.0,51350.62831997992,42632.09593093522
02450180,94.0,240151.90675454683,165856.88990354456
02450250,83.0,19409.65984249616,14849.641102712327
02450825,42.0,50743.33450691247,39377.73622751985
02452505,0.0,,
02453000,100.0,52429.407666021536,40499.40522064132
02453500,15.0,587533.2478591577,432170.3011296181
02454000,36.0,37723.90448136268,24941.5290979707
02455000,97.0,47678.6531361369,37759.48301626963
02455185,21.0,4446.860217606978,3870.9860591622373
02455980,0.0,,
02456000,14.0,23934.86360435372,21886.717201547446
02456500,58.0,143164.0868593304,112163.46096963146
02457595,4.0,19864.80733363612,17194.98151221918
02457704,6.0,45208.08155165324,36202.42067886505
02458148,17.0,4482.243618378206,3418.5170452730245
02458190,4.0,4179.478980432704,3556.431162093392
02458450,0.0,,
02458502,0.0,,
02458600,61.0,123435.81071244243,98520.83250250069
02460500,0.0,,
02461192,3.0,24529.159372921553,22150.69842983308
02461500,0.0,,
02462000,21.0,137765.4086455889,124971.62948792326
02462500,0.0,,
02462951,0.0,,
02464000,131.0,62318.838617716676,42606.58474673789
02465000,8.0,1152934.3809957835,903265.5715544405
02465292,4.0,4502.305757841436,3925.3776293763967
02465493,0.0,,
02466030,0.0,,
02466031,0.0,,
02466500,19.0,40019.78957851272,24692.554868402516
02467000,0.0,,
02467500,66.0,169058.7780065772,145910.59902551706
02469500,35.0,23798.58871183631,17273.416885775612
02469525,0.0,,
02469761,0.0,,
02469800,100.0,52620.807282480164,37648.32880650177
02470072,46.0,2354.839130272832,1377.4732469530165
02471001,2.0,72304.20181016887,68214.74224775757
02471078,1.0,36658.728038451285,36227.818171675666
02479500,51.0,468677.35376394825,370019.5376500341
02479945,0.0,,
02479980,0.0,,
02480002,1.0,1969.3134983018438,1516.8725439999992
03572690,11.0,3095.793661825667,2100.172585715572
03572900,12.0,3385.163292637685,2084.179482593594
03574100,6.0,3744.889736515487,2372.985133102194
03574500,45.0,33685.01144316803,28295.018041701995
0357479650,19.0,5628.7138695475105,4863.39675138531
03575100,5.0,83518.42655322856,79292.2595615652
03575500,2.0,17375786.18216907,14570694.821628828
03575830,14.0,5806.408199811663,4801.256251535
03576148,6.0,5123.905527914694,3736.5265444930915
03576250,101.0,47561.460002116975,36470.6668352565
03576500,39.0,8647.250388043043,5194.583862817164
03577225,1.0,20245.173345906755,19777.145924064
03586500,33.0,7444.884937476778,4996.745760780206
03589500,1.0,4241279.449529836,3897682.3502769223
03590000,25.0,98176.46185361734,86983.03783752224
03591800,0.0,,
03592000,3.0,76143.48260027371,70482.8330289231
09379025,25.0,922.2539082620799,215.43411139891893
09379200,76.0,3113.1326100848833,1780.4558330404543
09380000,1.0,2453707.819468373,2453639.39328
09382000,86.0,5005.769528770499,4137.676801505301
09383100,0.0,,
09383400,11.0,2644.0680125093645,1986.2320315415018
09384000,37.0,5378.559112469865,2096.029947442397
09385700,36.0,2646.6767787089225,2076.7648196011223
09386030,64.0,883.3834910591961,446.78482656508083
09386300,42.0,575.7253317870291,225.94645014225645
09390500,166.0,6762.619664169595,4785.104331569844
09394500,229.0,14495.295912065905,9201.823523321813
09396100,12.0,2125.2623512843325,507.6082129081224
09397000,56.0,6839.654845145239,4097.951676248484
09397300,0.0,,
09397500,86.0,254327.81990597062,21503.096057139566
09398000,129.0,9299.737017192783,3855.7765642104237
09399400,40.0,1632.9363701687228,434.52461479042745
09400350,56.0,9243.52749531796,7051.968855579641
09400815,20.0,2900.019082392092,1101.2688320110362
09401260,85.0,10051.82185245839,3957.861254342165
09402000,167.0,9643.007564455072,2139.1567269386273
09402300,15.0,14633.42484401491,12360.680467796612
09402500,0.0,,
09403000,109.0,11156.386116898359,8349.43571778302
09403850,22.0,2684.566719767635,1905.1190691164277
09404104,14.0,180.16607149107563,49.068851031746036
09404115,53.0,11173.230170096527,8329.100424635917
09404120,0.0,,
09404200,0.0,,
09404208,80.0,3489.7086038495227,2660.2667632115713
09404222,49.0,2864.1505968809574,2139.0684452857313
09413700,7.0,5792.214714326368,3985.194758190415
09415000,0.0,,
09424380,8.0,10281.665964978896,7263.320748856976
09424447,79.0,8557.762424887904,5129.573775704876
09424450,113.0,8171.06042000395,4977.954638257275
09424900,95.0,4137.987564361469,2105.711021686836
09426000,144.0,52105.850149619095,24596.777324905328
09426620,42.0,14027.664643962033,6963.201298718026
09439000,42.0,173380.80989520554,123133.24788611813
09442000,215.0,112662.92230539276,84333.36957514704
09444200,47.0,9319.592545590522,6883.526664513695
09444500,241.0,70881.80294796887,55029.46773352569
09446500,2.0,8885.740074706002,7354.085285942859
09447000,9.0,43560.1122656677,20830.04081089005
09447800,90.0,4774.433465033429,3248.5998843833304
09448500,160.0,168766.05628768195,136832.61238454952
09457000,105.0,8417.498584451052,1844.4401395222933
09466500,202.0,122629.60895711687,78837.77516038637
09468500,212.0,15179.306995521305,10639.420746597187
09469500,142.0,204067.99356919437,105223.90008947547
09470500,114.0,1968.384272310227,1068.281289507814
09470700,44.0,699.57153537197,358.06777671313245
09470750,67.0,875.6589167705793,545.9933498527244
09470800,55.0,1169.978403224646,811.5819338743145
09471000,201.0,9074.631371801122,6945.32812608839
09471310,55.0,547.6351198103048,270.2733395666192
09471380,37.0,2493.4124524606823,1443.9520615448582
09471400,42.0,963.1616077025103,766.8928856998147
09471550,71.0,13608.427198021142,11020.934807789288
09472050,28.0,7.8700920152723555,3.9020909729574775
09473000,33.0,8849.985480502144,7606.635711609925
09474000,81.0,103330.2076317868,56783.23256950856
09479350,17.0,177.1500242348095,75.37063674596101
09480000,132.0,2023.2326961730223,1122.8660463120561
09480500,151.0,2881.88245703824,1260.369821179787
09481000,37.0,3121.303752605885,2202.704664055391
09481740,38.0,9263.328454332861,7930.9446058784915
09482000,133.0,217.42241630031984,44.51929499908867
09482500,215.0,409.32394742952306,117.0118325765645
09484000,162.0,1120.2738850284154,395.22373630713645
09484500,95.0,4487.102846917642,1274.909011920762
09484550,34.0,1411.2983185649457,814.0552110751815
09484580,32.0,248.66213940872797,77.95099842552851
09484600,105.0,1962.922900024506,1435.5931498624032
09485000,110.0,1542.639454220898,738.4696548324763
09485450,59.0,75.21835088629554,4.824679249559919
09485700,89.0,517.7466026475951,224.40135089097606
09486055,80.0,1056.5987413495986,195.88148651068812
09486350,70.0,113.90080659179205,7.143390785444744
09486500,67.0,12168.020718107231,5497.419385414289
09486520,29.0,46367.75652345356,37103.24996259269
09486800,73.0,482.3959644353738,130.18950170778237
09487000,65.0,202.63393052183514,51.98273102395792
09489000,191.0,2398.3449401950743,795.5389414817956
09489082,11.0,903.4175540204567,471.94810203038554
09489500,122.0,133834.46677555615,102283.32177862174
09490500,133.0,78430.69161839016,66239.57753423341
09492400,13.0,9232.90231842634,7924.498500431859
09494000,146.0,148208.38716663286,115507.84804768156
09496500,81.0,5113.831593476983,3596.791090493152
09497500,9.0,141942.8038091189,118566.10909529222
09497700,11.0,28619.02096884777,20050.693134026977
09497800,52.0,28522.396103351486,11589.81458355536
09497980,113.0,4401.896218296011,2837.6899053667476
09498400,101.0,3890.1747093622384,2565.720733630079
09498500,240.0,389532.2675095033,307405.84003389475
094985005,43.0,339.8449663142611,177.03015264591542
09498501,58.0,540.0968631960118,350.1630612493959
09498502,61.0,2691.9319713346686,2084.406044369855
09498503,83.0,461.92463142952266,239.23358426744338
09499000,221.0,32049.58625181361,23445.01416000972
09502000,92.0,236902.26874123415,104523.71573757449
09502800,85.0,1839.7178935483619,1214.0818707610601
09502900,23.0,678.2948418647647,543.4269455716311
09502960,64.0,717.3496387378019,365.14662936486417
09503000,102.0,1195.5256497325406,608.9109599066602
09503300,70.0,1375.4996547442554,472.6846938507319
09503700,107.0,6634.393611233009,5207.033734002916
09503990,5.0,5213.612415938929,4329.884739506384
09504000,88.0,16142.947986676316,12174.763736736195
09504350,5.0,1371.5285613853189,1019.6124608386707
09504420,20.0,18420.387692316348,16884.58972191365
09504500,14.0,44542.07669219653,41083.18551600825
09505200,111.0,3124.445715449218,2219.3073605784584
09505350,149.0,2475.584288663171,1194.052741053599
09505800,0.0,,
09506000,91.0,141457.4318935049,104326.95790269098
09507480,18.0,7343.506756734726,5674.541099081081
09507980,74.0,11669.201396993987,8176.782354467387
09508000,23.0,209871.16784898532,172536.88378776438
09508300,126.0,877.2906672708091,525.7251634995584
09508500,13.0,106441.99729520918,89960.13554990591
09510000,6.0,236272.95081578655,209654.41754005768
09510170,8.0,322.0774131936979,112.44189261538463
09510200,120.0,3634.4823450859444,880.0291210156613
09511300,15.0,84163.20538538214,55468.43149131788
09512165,64.0,6068.863040782625,1975.0123695572377
09512200,33.0,84.18673499516497,8.90184010536887
09512280,100.0,1909.7495988668566,954.293901224836
09512450,75.0,3628.6208774651004,2799.203895518248
09512500,206.0,3610.4443113356256,2382.0100857411994
09512800,129.0,8383.765241640265,4524.215664338799
09513780,115.0,1181.226773770202,539.9393849798713
09513860,110.0,358.1429571211395,65.23639498340259
09514100,71.0,82033.15522472307,27020.931102967013
09516500,89.0,1466.15689464911,963.9085991608122
09517000,3.0,31546.31283432367,30756.083350400004
09517490,69.0,1044.9492066454823,295.90931046687604
09519000,12.0,20940.064306656386,13541.201773204111
09519800,93.0,37812.103272705324,14223.572472995755
09520280,26.0,11188.918705294784,5364.276256177656
09520500,202.0,66875.41145908236,23742.795912121735
09522000,11.0,837987.095178144,627918.6733964147
09535300,125.0,115.02097226897752,39.17838148557587
09537200,77.0,1002.7992045496129,657.4109148755399
09537500,161.0,1005.0930137320676,528.7834137814764
07047932,0.0,,
07047942,48.0,136051.01817479706,92655.1785003419
07047950,32.0,108806.92945889462,65757.53327047218
07047980,16.0,73610.37310324656,45911.284841703775
07048550,53.0,74240.79036093394,39094.940530319596
07048600,58.0,26403.90522856076,18845.81013475378
07049000,6.0,10234.316951997333,8428.44662109375
07050500,73.0,47789.543534143515,38365.141755759236
07053250,5.0,14508.216277777985,11430.763552946939
07055607,12.0,65155.16130356925,53475.26472096493
07055646,36.0,5940.952649044779,3729.923650750577
07055660,35.0,39133.154193887,25142.414698320932
07055680,7.0,7077.158506042604,5624.657709369169
07055875,60.0,24318.07356904834,14724.515591816235
07056000,66.0,66280.69042249939,60357.920888738896
07056515,45.0,22301.31735085545,17112.795315867897
07056700,28.0,135691.2429439355,118381.2341098182
07057370,0.0,,
07060500,1.0,2395574.6664308766,2352572.044175
07060710,81.0,8327.893897023745,6890.344817441496
07061000,0.0,,
07064000,82.0,478228.3848901452,406796.9024450464
07064040,5.0,209280.56597761423,151688.76503528684
07069000,12.0,1230068.2179792642,1116218.318396917
07069220,8.0,178832.7426921079,141570.7643875354
07069295,22.0,77089.1651407734,66325.33525188373
07069305,0.0,,
07069500,3.0,204434.22307817062,188086.80012615383
07072000,31.0,330537.21679182415,285465.7972666956
07072500,82.0,2169598.958805663,1829034.898208273
07074420,17.0,3556274.0709567033,3266279.036113151
07074500,3.0,3850899.2515781526,3406499.7838848
07074670,10.0,267.88835868703785,88.75091009070631
07074850,0.0,,
07075000,94.0,53148.331887206776,28427.111442838654
07075270,22.0,8942.14599693069,5222.742134115011
07075300,48.0,7702.373482223017,3837.7814808643816
07076517,0.0,,
07076750,0.0,,
07077000,10.0,5216796.7195244245,4016825.968475314
07077380,83.0,366835.95028425084,246481.27934943602
07077500,3.0,455949.8608401036,343457.0122086621
07077555,16.0,172839.23474115966,107316.66768622331
07077700,0.0,,
07191160,20.0,20605.6311592806,16819.765314824508
07191179,57.0,45281.04405340393,34876.72839823135
07194800,81.0,91850.22093526206,64715.910176713165
07194880,0.0,,
07194906,6.0,152.29245720291004,77.84789436528926
07194933,1.0,44846.56552146001,43389.93693788235
07195000,162.0,133397.2136091463,107875.62480884304
07195400,2.0,44395.445231471174,36535.27801208163
07195430,21.0,219020.58646438975,201897.38466134516
07195800,0.0,,
07196900,114.0,6628.736231062861,4649.444600686788
07247000,145.0,22903.177183881293,12213.268500528618
07249400,116.0,25527.769494964454,15261.890442282174
07249455,1.0,225659.9399885013,124876.44767441861
07250500,0.0,,
07250550,6.0,15500066.270357266,13124015.302748106
07250551,0.0,,
07250935,32.0,2119.8051101505876,963.4065021167173
07250965,30.0,6175.979804276837,3241.3890828098815
07250974,34.0,1372.51976555985,677.6680633293095
07251500,14.0,4647.862881905607,1390.523275755585
07252000,106.0,28629.558820824743,19417.665437242278
07257006,38.0,30785.918851498667,20207.85358212261
07257500,69.0,33605.93958092755,17673.395353948705
07258500,114.0,24580.011220499335,10153.800411951996
07260500,216.0,235171.43985834753,130692.52527661757
07260673,23.0,5958.260986710075,3394.928151046412
07261000,57.0,4345.109419426414,2265.5984912972417
07261090,26.0,8024.570935205237,3522.1026650079584
07261200,12.0,19402.69363758986,9030.872035679256
07261500,113.0,30877.967002632304,18798.82588707547
07263000,39.0,5832.56344213433,2382.159019111448
07263012,26.0,96948.4275236983,66501.51500783673
07263115,1.0,60346.94269834767,45954.74850096128
07263295,44.0,2341.250556361984,1038.9066964006486
07263296,36.0,7668.29053120358,3035.633262925731
072632962,29.0,1384.1149298437997,480.34670608535396
072632966,20.0,96186.55253240559,49348.027170466965
072632971,32.0,360.66952111480924,130.0500865047195
072632982,27.0,380.3306184630665,154.6941568162963
07263300,48.0,45105.142855235266,25500.85461972669
07263450,2.0,10972469.866319828,9100403.141182335
07263451,0.0,,
07263500,11.0,8691789.182319043,8085707.586266667
07263555,8.0,20382.93464136804,13313.791164180822
07263580,5.0,3190.333604170256,2737.5263280670156
07263875,3.0,10509.702711500839,7075.82799489315
07263878,9.0,70623.03474412017,36192.002772161715
072638805,13.0,215829.18975611046,149559.116713587
07264000,16.0,10861.057334151948,5062.86741371916
07264200,0.0,,
07264500,0.0,,
07265000,10.0,429.1535479582522,58.837999999999994
07337000,11.0,2711470.107824877,2152396.5041623074
07340000,49.0,323140.9535586255,218547.0301971702
07340300,135.0,87309.44198334771,58165.963774943615
07341000,82.0,36843.110656046585,23446.149323016347
07341200,82.0,41151.22391172197,32864.936882183414
07341500,0.0,,
07344370,3.0,10751776.32770791,10123833.157057142
07356000,71.0,65916.29224642222,56256.016707835566
07358250,46.0,545.3896085012932,259.5802358309384
07358253,41.0,5679.648584992596,3324.83791512175
07358257,43.0,2596.205456927859,1958.6925908987093
07358284,11.0,5619.290822949601,4997.757377605948
07359002,21.0,491735.96366935334,418262.4897847176
07359610,2.0,62356.13996823433,58446.94806232837
07360200,8.0,19013.50575305078,16643.34933441036
07361500,50.0,4540.347357621954,2405.0387435312155
07362000,13.0,957262.3898483292,798265.7945910572
07362100,96.0,37639.600338874785,23843.400257412326
07362579,25.0,708.2058076133326,304.08045480635695
07362587,48.0,1673.1402697117535,833.4597570819967
07363000,78.0,90959.01380055271,70506.65535763562
07363054,13.0,190339.31739349017,142786.9947362334
07363200,37.0,142349.42668727227,105103.7225886092
07363400,57.0,43848.12822312902,27394.599096597678
07363500,143.0,350109.3438719145,254123.19761424547
07364133,36.0,40299.072738254574,25761.25601897477
07364150,105.0,129776.89961966753,101304.02665072198
07364185,27.0,135144.6150474587,91285.41259891453
07367680,7.0,81438.37664198558,33919.98292323142
07369680,9.0,61497.64252632205,44586.62675914941
09423350,95.0,249.8525413582365,86.5382854781864
09429100,0.0,,
09429490,0.0,,
09429500,0.0,,
09429600,142.0,344085.10632776824,269469.4836717719
09521100,0.0,,
10251259,6.0,138.2356128300695,14.584137066952788
10251300,99.0,605.5283841128415,369.1041643285922
10251330,37.0,2115.4533063201698,1656.7996535272725
10251335,12.0,269.62807984716096,185.50796775555557
10254050,82.0,2148.0463508075522,1419.1637447076325
10255810,112.0,1195.8211540821962,676.552896934273
10256000,21.0,6933.169184908103,5214.772802036244
10256500,160.0,5049.024059887248,3988.090158672901
10256501,130.0,6126.155559007978,3575.029054093158
10257499,39.0,956.6888776737956,694.1859306878962
10257500,76.0,1981.0009786705803,1412.4262767645635
10257548,49.0,81882.62240348633,30510.013088740812
10257549,27.0,5068.600698056226,1889.129248755303
10257550,64.0,116516.8952988261,40625.15465155684
10257720,66.0,1298.7623396331164,922.407868155367
10258000,134.0,1396.459956708063,867.3715388562413
10258500,172.0,2446.347393707294,1032.6539263800196
10258700,15.0,1225.149851050444,558.6117856137308
10259000,131.0,2597.5444957991335,2105.1831223325867
10259050,85.0,2202.187124541422,342.14592874144677
10259100,81.0,223.66473389392925,35.679338628196504
10259200,104.0,899.7440332891604,427.11650891929827
10259300,112.0,1982.3441670971058,226.00685666103954
10259540,126.0,35283.05561281006,26316.44562365731
10260200,12.0,91.33294281574047,21.95904716173913
10260400,11.0,25.258279548620045,7.333369304849884
10260500,173.0,6621.068068085635,4446.047932890906
10260550,40.0,990.4479084772662,625.1384697347967
10260700,49.0,1107.4832237106316,592.6423269344616
10260950,66.0,5131.521830349389,3192.4650175010065
10261500,59.0,16630.014604755434,7171.365348666417
10262000,21.0,331.4362941435165,50.59790221454333
10262500,65.0,15818.48785038576,4001.842027013413
10262700,8.0,139.76880370322093,14.47203780229885
10263000,158.0,3610.1445051033393,1126.3559429009056
10263500,57.0,4141.266109095232,3299.3988391402436
10265100,10.0,38372.75026338894,23127.33195548176
10265150,41.0,22241.234153775626,14494.069156156369
10270800,11.0,19016.5679945545,15169.715580363636
10270872,11.0,22049.57137266548,18878.344479420815
10271200,81.0,3237.7356769843113,2213.6250536806897
10287069,53.0,2827.9445097855614,2191.4961971607536
10287262,3.0,12546.672947472412,10751.767842830772
10287289,92.0,3338.8738502319634,2625.321695489471
10287655,60.0,10266.141478877564,7862.267546544105
10287720,48.0,6357.61809724869,4241.07192419787
10287770,98.0,308.77231833017083,145.58506625455604
10289000,28.0,5091.783194505154,4063.837564565418
10289500,24.0,7590.795649206255,6765.126099899461
10290500,40.0,32812.24623495798,15483.139076353029
10291500,5.0,17909.4941892235,16167.12668721688
10293000,167.0,170881.74958792978,125068.06253305104
10296000,15.0,57231.732332291744,53088.43525651188
10296500,4.0,78979.20023342893,74827.57735652172
10308200,101.0,98805.81499085092,84140.05502165307
10308783,62.0,657.0647689764153,333.85536036855535
103087889,36.0,529.749754349299,238.17046975835203
10308789,35.0,1026.7680501120662,755.4380199038554
103087891,32.0,401.8318523477674,261.98788610120886
10308792,31.0,2114.1346435809946,1529.8475716542562
10308794,42.0,2488.8966363777004,1750.8233920226003
10310000,154.0,48468.66460027567,39885.293030668865
103366092,41.0,11581.68233983887,9349.559138682163
10336610,60.0,19147.864128348217,13608.40297643596
10336645,30.0,2138.391385523803,1736.2057822801105
10336660,118.0,10058.987773869929,6985.179288595047
10336674,19.0,1126.5341546902007,747.36416973249
10336676,83.0,3762.3839736653545,2751.6863989882586
10336780,39.0,12427.288735885813,10206.697010392754
10337500,32.0,127024.3524163659,80390.31746978416
10338000,12.0,65133.51303700408,47737.355105714894
10338500,163.0,21103.794544473996,12561.403409629022
10338700,35.0,15562.991782254836,11470.874787485343
10339410,10.0,138471.90243332996,109109.98975053798
10340500,92.0,106196.36369296354,66903.74649259039
10343000,81.0,10473.602872299673,7966.368537701831
10343500,145.0,5156.525893259287,3848.321873027561
10344400,164.0,154348.09769183298,114148.627500502
10344500,247.0,188472.55861474224,141057.84985993034
10344505,2.0,234448.76148371908,224173.45939329296
10346000,47.0,251122.07942494476,191190.13526953507
11012500,115.0,1638.6287779362694,839.7590193605557
11014000,86.0,10007.075046786573,4784.887636916219
11015000,129.0,1434.4856062001302,807.5949692173195
11016200,31.0,263.0682705796297,77.87704943961437
11022200,92.0,1086.509555085888,644.742514170047
11022480,107.0,2023.2323778153277,993.4039554499066
11022830,3.0,883.5214663648746,521.0797448838096
11023000,64.0,3060.9664581510606,2388.0226391698657
11023100,2.0,179.4016575176062,125.75365963966942
11023340,126.0,2360.2899596227135,1789.66204720869
11025500,125.0,3051.8699356872944,1237.2918369363608
11027000,84.0,1567.0244274635097,725.8646953388925
11028500,102.0,688.8436129546623,232.98111201814652
11042000,101.0,9305.564130117918,6208.743746840368
11042400,102.0,2691.856318530263,1352.8924861319663
11042631,47.0,203.6545787890413,57.899182968778796
11042700,40.0,2474.2795937187175,705.3388470673783
11042800,71.0,413.26319327529376,159.71509354671403
11042900,84.0,305.3662740920109,66.36083420823572
11043000,197.0,3206.775167255192,1749.8257278041058
11044000,32.0,6191.879690789127,4836.7358628972015
11044250,74.0,1383.9883550697398,843.4350605640964
11044300,55.0,4532.418934024751,3603.1311330529034
11044350,64.0,3815.5365587287147,2916.19657792702
11044800,38.0,1345.342915118714,802.1168657935774
11045300,52.0,743.7801755085122,546.7722123068128
11045600,47.0,1539.3565562344681,876.2504362820597
11045700,14.0,327.2514705305548,93.82085540648463
11046000,97.0,5765.634128905774,3022.4477077387705
11046325,3.0,0.0,0.0
11046360,64.0,767.1113524195488,285.8813622610747
11046530,57.0,2379.415870942223,1185.4914353044976
11047300,73.0,3452.988973002071,2394.1897208781766
11048175,21.0,80.36688409981802,23.09695091954351
11048600,59.0,982.7654460338576,620.4521547171208
11051499,63.0,13009.42715995963,5417.893425904323
11051500,227.0,9634.92631356442,4212.3440283333775
11055000,70.0,4235.488526430582,1254.159394156109
11055500,159.0,1965.084771279924,1131.1811872926512
11055800,138.0,2903.622268743191,1429.1890075734093
11055801,179.0,8708.834987674718,5310.180112728387
11057500,62.0,1511.908566665251,1068.129215432693
11058500,196.0,3398.6454224845374,2350.8795289531663
11058600,175.0,2665.7812111014496,2028.7565738476205
11059300,75.0,16414.7810682351,7877.91934447447
11060400,77.0,1357.0634942902625,620.7062558493544
11062000,145.0,1971.485455481906,865.0454663375086
11063510,82.0,5530.6340098511255,3152.4515730492653
11063680,165.0,2925.661421326977,1535.242845920587
11065000,149.0,434.38691255023696,184.81867362769842
11066460,105.0,61074.08328799346,45592.28521452423
11069500,180.0,4823.803837960828,2791.736796250863
11070150,5.0,7.225411457795635,3.2312511111111113
11070210,11.0,489.12262143057023,225.64012708393784
11070270,108.0,323.29914026843204,79.46486644938932
11070365,60.0,3083.6559326968786,847.3094614773041
11070465,68.0,2281.3479362051858,465.42191361185445
11070500,167.0,1377.118331582402,790.7972532671295
11071760,12.0,1412.7754175663658,1172.1586291681092
11071900,9.0,960.7393720542302,318.3864935316708
11072100,41.0,5641.677030028185,3930.826376550472
11073300,74.0,1353.637793765586,711.7871618704185
11073360,105.0,5889.220431223858,2505.6039625014337
11073470,81.0,3172.630817566073,2365.200892188316
11073495,44.0,22740.06533602554,9274.314599213132
11074000,9.0,21708.329694801192,18538.43411956989
11075720,118.0,614.3392371244408,238.62466450003544
11075800,95.0,1110.4896338270469,626.7508230957087
11077500,193.0,158.7593632702228,31.237158676476717
11078000,216.0,6273.698118464155,1516.179780527539
11085000,111.0,16513.18754487127,4845.6587503175915
11087020,69.0,102071.95934247822,59052.386342935744
11088500,158.0,1529.9165685732721,865.3941912226528
11089500,168.0,564.2083516261844,348.35156159245213
11092450,35.0,14085.442408093524,7590.622172400382
11097000,153.0,5836.522839019893,1900.6360069222396
11098000,220.0,4217.581327235921,2589.745288389894
11101250,168.0,3839.1152520413775,3001.954596308175
11102300,76.0,54596.00679068294,24556.56527775793
11109000,10.0,18919.7726278672,13868.01752357958
11109375,42.0,17783.73245225139,11636.721705772014
11109395,57.0,1841.685507237337,1464.8708501427905
11109600,73.0,6328.696530150469,4558.070571787622
11109800,115.0,50689.68159590527,24418.38476254624
11111500,140.0,4617.547108486353,2571.645565372705
11113000,161.0,11873.185958657581,7196.048957709557
11113500,162.0,5343.657947250451,3966.7737280471574
11118500,144.0,7860.479080685674,4720.393996337447
11119500,170.0,2060.361041630847,977.2553789694198
11119745,49.0,1001.7194157550125,539.8532182363889
11119750,111.0,557.4084514141606,162.49777007782103
11119940,120.0,1113.721045525298,523.7805810305712
11120000,141.0,952.2443452983943,297.74995747040583
11120500,128.0,930.0395545445548,577.5333253283354
11120520,26.0,934.5879018369076,603.0112989541361
11120600,28.0,980.7868879763388,640.8715052592811
11123000,120.0,5071.435316275296,2415.4451846286656
11123500,123.0,3238.5289668058,1473.8695254342026
11124500,83.0,767.6144977503815,498.6618805976201
11125600,15.0,2775.694952950331,2128.7249546512
11125605,15.0,4711.713118110271,3729.2625120202624
11126000,90.0,5463.3931103139175,2979.275869062876
11126400,1.0,4980.089052522665,4706.610815372549
11128250,64.0,1050.9033198688098,463.76817194164926
11128500,136.0,6362.540920366611,3870.650978562449
11129800,62.0,426.45082246508355,174.6782930696983
11132500,157.0,3012.5902520192526,2135.4298303519618
11133000,97.0,4827.873200100733,2541.2608205694464
11134000,60.0,5132.04457253668,2164.903725352462
11135800,49.0,260.4001098983206,91.07360092285039
11136040,10.0,542.0242181399133,210.46088286229505
11136045,4.0,1669.5185870044722,862.15835397351
11136100,92.0,2759.5746791379675,1516.410925325866
11136500,43.0,3016.4476110173478,2125.6885726929027
11136600,21.0,811.8361763666593,393.8851065297362
11136710,8.0,1087.8006463000268,249.25547719066665
11136800,101.0,2608.30986844317,1408.7713182482867
11137900,88.0,1285.9216201748575,860.6004486953886
11138500,107.0,12014.519002350255,7275.057245405986
11140000,102.0,11119.972246801377,5540.0268930406655
11140585,31.0,12731.652046607189,7105.650981873877
11141050,84.0,948.9328375745871,615.5742225952225
11141280,94.0,4318.354711517043,2996.426548566767
11143000,79.0,12607.131289009869,9677.364526974856
11143200,91.0,10952.77136936387,7789.48831962503
11143250,75.0,7510.558001633898,4195.480844527121
11145500,28.0,3929.373155674823,2609.2825802481816
11147098,3.0,3690.3574758469485,1629.686413478341
11147500,114.0,6721.312567967079,2792.2525630539362
11148500,47.0,978.9906477727845,637.466368496076
11148900,82.0,29246.791541030998,16574.003487338756
11149400,36.0,207754.61822629435,129167.72915723905
11149900,66.0,4102.831947201209,2018.2663784517936
11150500,90.0,114451.34098353055,82383.63428568564
11151300,118.0,2481.1644677406944,1655.9551168540092
11151700,25.0,77131.85406007004,29787.72293516325
11151870,39.0,33137.24279827298,18225.667188566928
11152000,166.0,19916.508679209594,13215.016992285058
11152050,61.0,32278.713333910855,19205.43256782579
11152300,45.0,101070.177888461,22258.173616071657
11152500,63.0,28693.54967082183,6724.566928449937
11152650,36.0,5326.749581913618,3261.642595110239
11153000,105.0,5313.480567602057,3067.7814793810567
11153650,19.0,872.5503724645541,759.409434211357
11156500,103.0,6043.72262427553,3909.6953693540086
11157500,118.0,3518.7721089567594,2403.0553086631007
11158600,85.0,5255.047361096523,2630.8491805999297
11159000,109.0,28574.049555537553,22516.116352524594
11159200,98.0,2467.4934626743607,1094.285041642597
11159490,7.0,5821.4887447955725,3245.4293886462365
11159500,14.0,7443.480425023696,3992.2355009079106
11159690,28.0,3224.8736980085896,2113.696318219145
11160000,96.0,4537.719686857775,3330.267578094157
11160500,140.0,27360.283383947248,21113.481625005443
11161000,73.0,31617.311674585355,23262.925608508565
11162500,100.0,4151.806347130311,3254.4033400276617
11162540,6.0,572.3228674791894,458.54954655294114
11162570,72.0,5396.902278098085,3906.8183220883725
111626182,7.0,3830.390154980115,2940.7401055005184
11162619,8.0,3123.235891191199,2578.411571194296
11162620,45.0,2938.98805604729,2359.7182210640754
11162630,42.0,1186.6087164086766,546.8180871978176
11162735,4.0,751.0454769856593,423.26369196888885
11162737,5.0,706.0983397072471,393.1526870973105
11162753,26.0,3112.94716520875,2451.5784751896776
11164500,124.0,1466.9939413427098,791.1647996677628
11169025,11.0,25953.631602828988,16850.074066306734
11169500,164.0,2502.451422135853,1733.1374046237079
11169800,57.0,3681.8557654086335,2167.2676839332453
11169860,15.0,9470.069789536125,6872.328721679778
11170000,58.0,23404.706229263506,8884.438671576898
11171500,41.0,17180.648510938125,6212.766006068452
11172175,12.0,7517.791635641044,5156.095987740659
11172945,36.0,909.8240527006574,626.6680556444137
11172955,25.0,2900.643197687654,1745.7088262525397
11173200,57.0,7728.083798886659,5667.803898886422
11173500,47.0,16494.391442868986,10217.63893291036
11173510,32.0,5292.372694515116,2969.4650333504
11173575,32.0,6844.973644441305,4159.041621264198
11173800,18.0,1380.5533369295122,805.3885781641026
11174000,75.0,1075.096854277938,418.24584810383686
11174160,0.0,,
11174600,2.0,811.0552612945254,684.780569266087
11176340,1.0,3055.2515234024,2900.6396738742847
11176400,83.0,2885.3852952208276,1583.0322131117537
11176500,103.0,3745.3022684144075,1299.820238564528
11176900,73.0,8765.519009269983,6203.852084665697
11179000,133.0,23172.424689537525,10712.348740719397
11179100,10.0,6521.633170705085,3972.4664145044335
11180500,95.0,725.5696385064609,365.3304089150541
11180825,75.0,1392.2422124078832,876.647601294255
11180900,49.0,1312.386968590071,884.5428641505695
11180960,65.0,576.4914898721456,309.83196360858403
11181000,98.0,3226.3786733591105,1803.0858900142737
11181008,95.0,807.2741640004953,502.5454989301797
11181040,22.0,1300.6763472113187,982.0997221061378
11182500,108.0,792.8041284751456,506.191050048937
11186000,124.0,101234.83449612011,77652.18562239525
11186001,148.0,209277.52432182463,173099.92537651584
11186550,9.0,3559.2090614233093,2785.736920358744
11186750,1.0,55.779992580766844,50.987631111111114
11189500,144.0,55575.67682944704,42283.37959196878
11192500,68.0,86437.58184454648,55140.37418897628
11192501,1.0,87393.47077418241,77354.09975771427
11194152,1.0,81273.05277999937,79878.63361770667
11199500,55.0,2939.3932346735496,1809.4194003093808
11200800,54.0,4168.830586690461,2870.8976148693146
11201095,1.0,2284.381714322559,1862.3628941000002
11202710,49.0,37276.35539518433,25674.272288298485
11203580,40.0,6898.327802910868,4721.307856587079
11204100,33.0,7438.53251157115,5045.0942326404875
11206500,105.0,30945.654686326958,24489.06332924667
11206820,20.0,2536.461371898228,1306.7485924989692
11208000,115.0,10050.377436033015,7487.858417446724
11208600,0.0,,
11208730,110.0,28364.620492192313,19821.15027306264
11212260,2.0,0.0,0.0
11214600,71.0,88857.88581353062,52045.92004386047
11215000,152.0,55999.15388968172,40042.84624937359
11216200,57.0,18715.607968682987,8729.276272943553
11224000,30.0,46710.85342229146,35422.40114845526
11224500,120.0,3231.536504993094,1457.7088037299595
11230070,9.0,13348.1339894184,9856.450000375584
11230200,72.0,3413.933756220582,2427.001812512973
11230215,9.0,3565.8203286672565,2480.7902595254236
11230500,86.0,18782.19143600031,13660.974356425228
11231500,193.0,147465.3912382376,102464.8471186444
11231600,64.0,10060.785726856042,7355.397254163389
11234750,80.0,27206.384677511,19026.11890939879
11234760,105.0,74323.39762899683,41575.21356995397
11237000,159.0,11744.678508850122,3640.6440797963223
11237500,158.0,12628.298198723936,6325.408602417928
11237700,74.0,2366.79168413438,1675.5082483965045
11238500,78.0,16448.921693616216,7887.402909045699
11239300,56.0,6605.855250328315,5854.971528087257
11241500,82.0,4640.156211729617,3463.616751994165
11243405,22.0,6939.47889006338,5758.196643950493
11244000,162.0,4530.094743874107,2918.622034548039
11244050,12.0,1540.3559009162932,1192.9777536693973
11245300,17.0,9326.805935830424,5241.931824440945
11246500,103.0,7764.699417518215,3491.7973353806474
11246700,79.0,32071.336353654668,26582.43008746704
11250110,21.0,1867587.5648313183,853473.2765822735
11251000,108.0,218555.27717043593,175351.39213472905
11252275,0.0,,
11252975,3.0,166667.56354338265,139530.00742859486
11253058,9.0,201363.9084220203,149292.84861296232
11253115,12.0,65784.2051424707,36712.5912411886
11253310,80.0,2093.9969239233965,855.759399849679
11254000,2.0,582505.7826335604,473778.9344550291
11255575,37.0,718.3464636789004,301.9420519613001
11260815,6.0,89422.64834304282,53963.828679298436
11261500,86.0,225177.07244251142,187439.3683937978
11264500,150.0,56275.17303912618,40808.06622749185
11266500,107.0,41647.69223066892,34319.8558807888
11270900,126.0,575942.678066233,355675.13932580146
11271290,16.0,166291.78393695474,136076.5082982781
11271360,0.0,,
11273400,14.0,251876.48827916107,202344.46308331616
11274000,65.0,286037.24724836077,209601.65562659776
11274500,92.0,5023.924874108005,2470.5205867338095
11274550,13.0,329517.5677810146,177336.455960915
11274630,72.0,1509.292475054081,886.79868827806
11274790,30.0,56545.01727111547,39712.29291146329
11276500,84.0,96845.34080490249,74820.41038421358
11276600,10.0,25813.940448228543,22321.586606910998
11276900,103.0,98094.33460079867,79079.76606991247
11277300,165.0,13641.815191179012,9484.738916415768
11278000,185.0,40117.90535057647,19694.261999809845
11278300,128.0,103958.11969736296,65930.15793006073
11278400,27.0,236479.88503629866,159027.18148426854
11284400,67.0,891.1460459412266,432.65495338116074
11289650,91.0,735598.7049436826,453847.1293482094
11289651,13.0,383901.41436677123,316568.4608887353
11289850,8.0,595.3838713132618,331.8058069495146
11290000,80.0,288581.7195920418,247166.03165319108
11292000,72.0,52841.08656834504,35643.80821355279
11292700,0.0,,
11292900,90.0,224069.1556541987,145064.04120512508
11293200,5.0,69837.10790920546,48305.68221942857
11293372,25.0,5052.2870385472,2233.8350296947006
11293462,28.0,2948.2495072190313,2222.036747333024
11293600,30.0,10446.468248490499,7944.269197330318
11294500,148.0,105516.90536981472,85273.98150158382
11295340,20.0,1992.1133971980496,1652.2248254147041
11296500,216.0,66776.06020483069,56626.29601321441
11297200,11.0,23042.795688757935,17004.631529253864
11298000,136.0,10995.916781169431,7652.32904926499
11298650,13.0,23295.6230385004,15438.790987798435
11298700,39.0,2300.1320596539654,1747.288810456684
11299600,55.0,666.7891777855378,380.35743038763917
11302000,103.0,865324.1684283762,524651.0264926715
11302500,5.0,246319.3112787518,201038.70475762273
11303000,144.0,875902.3219633165,623040.9950862409
11303500,30.0,765545.4184811236,583512.3066732573
11313472,54.0,13510.188504165651,8906.434785185736
11313477,29.0,19841.95236242447,13767.910267957075
11313482,2.0,1610.0174270331004,1175.8516128000006
11313485,20.0,18379.681616001322,14181.482683068647
11314500,135.0,134326.81320139577,90084.91799724704
11315000,117.0,5206.785400064115,1695.7105268993007
11315030,47.0,6458.209225517236,4734.36028203188
11315900,36.0,5132.345421908587,4378.16625166522
11316100,43.0,23322.428803238337,13065.159896518837
11316605,30.0,5021.581991029439,4196.8971589514085
11316670,40.0,38491.28267128355,28069.18258578844
11316800,101.0,5735.067238566009,4513.671451782821
11317000,85.0,7089.971924162378,5635.444513151383
11318500,80.0,13035.937129590382,9546.873319744016
11319500,5.0,142768.01254611756,106179.18999824657
11325500,66.0,252617.5528426603,117775.56706935285
11329500,81.0,4877.395720082927,2262.254249127404
11335000,98.0,20963.61804865099,13422.609526763024
11336585,50.0,1802.0904040502194,1154.2028613265
11342000,72.0,181627.13803771572,155914.59648695172
11345500,29.0,58185.695944099774,32494.330776771636
11348500,211.0,131538.87210987843,98481.81014709854
11351946,23.0,35766.462331398114,17699.640650741476
11351948,27.0,81386.418571462,43472.08114076815
11351950,50.0,78407.61360185684,54400.31107518733
11354500,17.0,535523.4568840788,215949.16866089447
11355010,0.0,,
11355500,136.0,76655.82635177489,50878.06503606256
11358700,39.0,3817.808544769493,2034.8427561878805
11359120,26.0,20169.99342935165,14339.658895373603
11359200,23.0,71939.8500088709,42567.0850484469
11361450,14.0,512843.7595538572,149212.61250678415
11362500,98.0,822932.3678004838,551364.3901067291
11362880,58.0,9955.062598464792,5144.394538104169
11362890,17.0,10746.028167392056,7675.442778256019
11362940,39.0,1017.314190577201,205.68507101580707
11362945,52.0,5667.152217903102,4140.252381528374
11363000,170.0,437810.2236509697,274797.53414095775
11363930,83.0,2100.2339651378084,1613.6526522596234
11365000,0.0,,
11367500,24.0,102140.01254340308,85168.29544155985
11367760,2.0,286263.5164299722,215963.26430628568
11367800,36.0,35329.81308579863,28096.485612825025
11368000,28.0,132913.3516433414,109097.78964688373
11370500,23.0,7608474.873447507,5161226.388808824
11372000,41.0,68698.9690496603,64954.95026793296
11374000,88.0,48270.28293412955,37419.436473528775
11376000,129.0,117540.29140044533,98179.8658550253
11376015,72.0,4579.475516645171,2473.044872893971
11376040,6.0,4661.957713684135,4073.8656211591842
11376140,33.0,9380.134021450582,9128.288840563235
11376160,24.0,12178.97728793854,6103.940486202589
11376440,,,
11376460,35.0,20580.855438740997,10854.27717042814
11376550,0.0,,
11377100,27.0,2161004.7023749943,1819391.4349771666
11379500,112.0,5956.991650541175,4351.300856868325
11381500,132.0,81107.00073698965,69764.42428498747
11383500,155.0,98404.01477860108,84408.75974076797
11389500,12.0,1353011.2991037474,940675.2679812413
11389720,15.0,10815.252542267977,7353.372201836905
11389740,1.0,25319.554696421776,23388.217446400005
11389780,24.0,42612.218853453465,30929.21882892141
11390000,106.0,73778.3589771846,62365.46148400347
11390500,2.0,6425778.763389576,6129954.133574401
11395030,177.0,161616.47935268303,111300.71476102433
11395200,118.0,16403.1797750913,7659.536555504985
11396000,142.0,49489.28481167514,20942.36580528653
11396200,89.0,5282.195591851308,3888.5992190711563
11399500,146.0,294328.481352131,122847.32555081637
11400500,113.0,78079.34382831934,34111.636015706914
11401112,92.0,516924.5690922659,308264.12486968446
11401920,22.0,24926.193718305436,19580.929624003216
11402000,21.0,65874.70579221874,62646.25657839325
11403200,26.0,127119.87794241126,67753.9891889983
11403530,47.0,11213.539086952202,7788.05469621974
11404300,61.0,6194.292624528926,4870.811055169298
11404330,46.0,278561.86010318075,193339.22839660902
11404500,120.0,805501.5012054524,520120.94465212675
11405120,65.0,4254.2136767269185,2578.8494062459317
11405200,16.0,22037.048644424816,16198.063448919153
11407000,67.0,622858.5353888473,441782.2141964189
11407815,86.0,168247.67486063717,132481.67646559922
11408550,37.0,22272.35399090106,5604.941351348508
11408880,96.0,52277.44785386907,35543.58199563138
11409400,10.0,8207.678864823358,5836.297613205012
11413000,134.0,183993.8253493171,162911.2535694288
11413300,142.0,8933.20067221089,7273.752423632582
11413517,33.0,1576.6195203763418,1132.3054531038656
11414100,111.0,111464.11062406632,76657.55737521783
11414210,42.0,8899.254433507544,6052.184493103783
11414250,96.0,25099.175236595696,9846.006646533406
11414265,3.0,736.2527677959507,486.18000776296293
11414360,17.0,2860.3627848683705,2125.6422303099935
11414410,1.0,266.73127736718703,238.22152817777788
11414700,5.0,1376.131415614482,1075.4822674354116
11416500,216.0,8605.068847024377,4756.003327099312
11416610,16.0,1027.3004398454068,719.7089023018867
11416620,3.0,1172.9734112950957,1071.2626464237037
11416700,2.0,1097.5573831356094,995.4396673155555
11418000,138.0,1285636.84856646,1037576.9727655306
11418500,146.0,18580.483661834867,13174.970861753918
11421000,32.0,890627.8028091791,638877.3173665088
11421710,40.0,6883.993336397887,5698.190795217505
11421770,64.0,4731.412655730444,3070.0500672049384
11421790,72.0,7016.661034505712,5754.5708146078305
11422500,97.0,151189.609496905,105437.77761842283
11424000,150.0,71100.83264491773,47070.72003294356
11424500,27.0,4634.52104673038,2465.0157398186966
11425500,0.0,,
11427000,136.0,227898.53773777405,154038.6073506352
11427500,123.0,16661.480990780736,10404.236968498431
11427750,97.0,4758.226999623412,2990.0412518801045
11427760,87.0,37629.595784992525,30732.7457315306
11427960,81.0,9481.73043421422,7418.129067618987
11428400,16.0,2677.5481267738933,2209.9156071444872
11428800,25.0,8046.978520177054,6567.929934038711
11428995,16.0,8897.00182321328,7432.328582384235
11429500,50.0,6781.890778939271,5609.582434955374
114296005,21.0,6660.647297612314,5591.25192607324
11433300,22.0,171435.2535681943,136867.0143931554
11433930,13.0,9025.96359946491,7376.12690583368
11435100,56.0,11773.109203874435,8917.803438026542
11436000,133.0,30155.684604818405,16730.512930678153
11436510,2.0,3046.7385126883387,2902.9893885333336
11436999,57.0,26665.919431639195,19313.72735082234
11439500,64.0,37629.223893369715,20325.89263013062
11439501,130.0,156891.2856538111,138015.0604657078
11439510,18.0,636.7543922397961,444.78258664259823
11439999,26.0,4646.34075113347,3142.1615603077244
11440480,16.0,733.6364740696665,494.3031892700996
11440530,13.0,762.9494283910392,484.74411143582387
11440550,23.0,655.8281952995748,382.4375770271881
11441500,129.0,19818.814581874936,13117.490847651325
11441800,24.0,8268.457687352624,6843.732705439213
11441900,68.0,13502.66545648516,9791.120316278615
11442700,72.0,4546.847430636986,3643.4485830063154
11443500,143.0,137046.07262853996,86573.01625051902
11444500,14.0,180022.3011361371,164462.96369489087
11446500,92.0,4107591.2135350867,3259323.6914405995
11447360,68.0,3305.801055899751,2164.9674237261056
11448750,6.0,1083.7091846002086,564.0978621064515
11448800,5.0,4379.604845807674,2467.4241264542857
11449235,4.0,1492.3102218492406,534.977222829932
11449255,1.0,0.0,0.0
11449500,104.0,5735.8813278762545,4357.6013914142595
11449820,4.0,984.4000786374661,429.3002157966996
11451000,90.0,78509.61066818265,28203.785285092028
11451100,76.0,6195.083223414808,3871.198044437246
11451292,10.0,93853.21996743423,29940.8976339887
11451300,57.0,64771.38904224108,35802.14714955304
11451715,37.0,5275.1741431742985,3718.3056252196393
11451800,3.0,122183.82081459576,59626.067065155556
11452500,85.0,1083.2427928029988,332.19687938776894
11453500,97.0,22355.163854076374,15750.525995679733
11453590,4.0,6841.740885172407,4087.533267401923
11454000,115.0,98346.90098321319,70458.75970131638
11456000,121.0,3047.986882672898,2103.2543415782866
11458000,92.0,10203.18589021658,6549.6329209468395
11458433,24.0,958.9417558561922,426.3701229896216
11458500,75.0,2832.7709262818303,2112.183358219119
11458600,13.0,437.47222270049343,279.4056643531707
11459500,119.0,1203.3706275403026,824.1821116800559
11460000,77.0,837.1999026586191,642.3884447548905
11460151,19.0,1265.7606695483073,957.8563514914957
11460400,36.0,6737.394997056088,5423.194426205334
11460600,81.0,8892.475233582503,7545.3732240013915
11460605,9.0,771.2025923793049,591.6697741373534
11460750,60.0,4298.3263335265465,3451.48657026556
11461500,72.0,94100.45299222539,74783.75364634709
11462080,26.0,90903.29194556976,76131.4584520228
11462500,6.0,68937.16232045673,52584.43264732104
11463000,128.0,212263.76254457075,180444.57444301102
11463170,55.0,2203.903950480278,1842.2718186964028
11463200,61.0,6810.515568096472,5372.516045215581
11463500,11.0,103413.56892139644,91289.53821158073
11463682,5.0,72922.43537529316,54055.78342107119
11463900,50.0,2412.0720616141184,1659.125877552161
11463980,0.0,,
11464000,120.0,205610.99793755435,170993.1160908051
11465240,28.0,57968.16825869327,41907.41982880734
11465350,34.0,130535.44378867855,88373.66923089582
11465390,3.0,82894.97110452922,70153.04428183957
11465660,18.0,864.4478964341145,435.6942071935802
11465680,45.0,2562.462132011567,1547.0267301272438
11465690,19.0,609.4275721634473,325.7583442955504
11465700,36.0,379.5528754306201,232.87880405724482
11465750,33.0,3274.747753120869,2021.0631518295056
11466170,25.0,2678.6965029794587,1591.672309149845
11466200,20.0,7522.211409605281,4466.458958892182
11466320,38.0,5341.849074047816,3992.7283663957196
11466800,25.0,9132.359664664984,6119.8705040424275
11467000,157.0,240966.8137480987,203482.89184625616
11467200,45.0,19773.580945597023,14183.061775089518
11467510,26.0,17007.382735437608,7762.348138962666
11467553,25.0,5981.4684701264705,4937.1729271152935
11468000,119.0,43448.68509956707,31708.395962556937
11468500,119.0,83505.06322245131,52362.67735871524
11468900,32.0,11666.06001974953,8836.603543453579
11469000,102.0,51076.531653574675,40215.874473350246
11470500,19.0,98693.61097523362,76546.43421418079
11471500,174.0,67516.00791184037,38383.91221406783
11472180,7.0,3832.267198320756,2501.7724132959543
11473900,72.0,58966.32024454182,39761.36996924252
11475000,95.0,424736.1129933866,259895.7322059861
11475500,31.0,10945.679345523364,8229.403812409708
11475560,110.0,3854.3335125034446,2647.410090503205
11475800,70.0,35633.41764062583,28917.977548845425
11476500,119.0,86159.20746078379,69898.70336276024
11476600,86.0,15676.683105194556,11379.183672066629
11477000,147.0,346045.1641381447,246149.114120015
11478500,95.0,59195.10055977945,38372.12166018189
11479700,13.0,3472.6346585341275,3092.8483686141335
11480390,57.0,35587.454315850206,20725.677571844917
11480410,19.0,74291.11298500294,69184.201631691
11481000,92.0,110407.71103285057,92400.39466390824
11481200,90.0,17631.224807758546,12274.063348894595
11481500,73.0,64235.03322771421,44901.36052700145
11482500,112.0,294354.7421832348,202436.70305906492
11516530,17.0,1053451.8507278885,721773.1641911435
11517000,79.0,150261.75681508728,112559.23033262954
11517500,171.0,119086.62537661937,93805.83165739547
11519500,93.0,91224.26667404259,72592.61973070739
11520500,26.0,1340566.3225822938,1202884.8614402474
11521500,97.0,53756.128413950384,43473.139121795146
11522500,115.0,266352.93391695037,238880.04549313357
11523000,85.0,2286437.6163561004,1859483.5109200221
11523200,106.0,57360.708522619134,46724.43555281284
11525500,14.0,525511.3570329808,462233.2785645878
11525530,30.0,5249.373054337172,3937.2788985024076
11525655,84.0,296049.71984433325,239154.53192694756
11525670,20.0,4572.31392339714,3328.0859126085556
11525854,0.0,,
11526250,0.0,,
11526400,11.0,244531.38338142942,213390.73869946902
11527000,115.0,537085.2661233207,451535.2991603417
11528700,73.0,124624.91998699542,96956.51754994171
11530000,126.0,743833.1166846156,627972.7067549017
11530500,1.0,2191674.2718312354,2130304.8770666663
11532500,115.0,259172.82952967202,216842.3013224933
14361600,14.0,45046.00594433001,35657.51565099515
373507121472101,10.0,838.4396118404484,430.9532725130092
06614800,54.0,2633.164590298043,1923.847905703354
06620000,192.0,150580.32723780346,128408.52647870469
06696980,20.0,7228.68859569926,6133.07181357647
06700000,36.0,101484.39484827807,73014.99242396912
06701900,0.0,,
06708600,19.0,3531.397572648083,2101.046568559617
06708690,15.0,3829.2012652091935,2222.4127053281595
06708800,44.0,4719.710620740783,3627.3535528546504
06709000,12.0,15418.073132495801,13205.909454970117
06709530,31.0,5044.181731182484,2855.277591164034
06709740,18.0,942.7210633541597,601.8737370055248
06709910,19.0,2604.1037829140982,1845.8614676554746
06710150,61.0,1373.6014589552822,912.407507244392
06710247,2.0,25550.16183819291,20569.06543811282
06710385,42.0,10035.605178983791,8200.03980772529
06710605,17.0,9989.164958724075,6617.99462990748
06711040,29.0,3329.1309422762597,2508.099041081366
06711515,11.0,967.344198849973,703.5301011763837
06711555,4.0,2480.389167963899,1806.3920731777778
06711565,0.0,,
06711570,12.0,390.99389866203643,178.25039905441176
06711575,13.0,3232.3823198856508,2449.4165010176685
06711618,12.0,2184.172971193964,1363.2065448946237
06711770,14.0,2072.73531358521,1572.7704655883424
06711780,2.0,4095.919609999851,2988.2426100000002
06712000,140.0,4804.660684675127,3485.310732617298
06713000,83.0,1981.9988376249537,941.0388151903161
06713500,10.0,3806.2059255436366,2920.3467095590204
06714215,77.0,132058.80214952712,68579.58421360742
06714360,23.0,20108.495415323418,17567.577046465918
06714400,22.0,13839.244303892516,10113.288581034767
06714500,23.0,5049.932480169356,3267.026298884106
06714800,9.0,2883.6489157379315,2602.7447930517483
06715000,21.0,11981.425889545944,8467.098764805623
06716100,17.0,10059.961883463726,8906.069591196381
06716500,26.0,26548.77650222446,23492.853563946217
06718550,51.0,3779.375969084563,2690.6390055046772
06719505,60.0,120643.60702851226,108012.13221489113
06719560,10.0,1418.2902881318673,649.5696355168317
06719840,19.0,2699.4424297591645,1811.5149814891179
06719845,13.0,1848.836899193064,1359.2136463759493
06720460,68.0,1946.4779995034282,1375.0801924198927
06720820,2.0,2219.5751348970543,2146.1995188645164
06720990,0.0,,
06721000,29.0,175420.99808139855,159736.4905297254
06724970,0.0,,
06727410,10.0,3362.914879964506,2419.737141547619
06727500,48.0,3386.1708170187057,2389.956028733021
06730160,25.0,738.8620711943973,432.7514778808729
06730200,73.0,60842.889702903485,47584.37991684059
06730500,40.0,34610.88127758067,21039.100334154624
06730525,0.0,,
06736000,2.0,5683.445454571804,5028.175054688525
06739500,18.0,18073.79087475079,8221.580091831986
06741510,30.0,11506.668580643167,8312.59110235981
06746110,54.0,3640.5472735097987,2321.146904186725
06751145,0.0,,
06751150,48.0,72673.43106636193,44032.59431858262
06751490,65.0,7797.235974510476,5938.53004435737
06752260,72.0,44447.14522638641,27563.45874109474
06752280,62.0,30845.056246298493,17017.53783541194
06759500,0.0,,
07079300,43.0,7623.155881824348,6226.634514185968
07081200,41.0,14362.164382731431,12202.51560463438
07083000,102.0,4614.586602182178,4025.929250211179
07083200,9.0,8186.084821538861,6431.23879230622
07083710,0.0,,
07086000,138.0,98511.1779498024,80679.85154816709
07087050,5.0,205054.33325847297,186189.62853890908
07091200,24.0,266859.9563091219,235645.19755752213
07094500,88.0,423671.2256184952,318460.4908481425
07096000,32.0,475591.6624764036,424742.03286917025
07096250,9.0,2960.0189982067736,2277.4101088633333
07097000,11.0,329469.21524550806,279908.81726562645
07099050,46.0,16869.863056310027,13893.339450379288
07099060,58.0,667.5315756243949,158.26206635659787
07099200,13.0,615558.8383492796,531731.5735239043
07099215,54.0,1707.1882833924637,778.759844831173
07099230,48.0,1743.6026386576386,1025.750513974279
07099238,23.0,150.26944985554934,19.50159045263158
07099400,49.0,199327.78678952606,157132.81023603768
07099970,9.0,73484.81302352558,52621.53855893802
07103100,20.0,731.7451576908973,397.9823750833819
07103700,9.0,4088.5329076773937,3328.062019518181
07103703,68.0,1066.7239813729902,364.53861933195543
07103780,64.0,5525.955620992757,4382.442877783511
07103790,5.0,3784.4775174048486,2714.70493469304
07103797,75.0,3786.399098225448,3073.041916657532
07103800,87.0,4007.754626188809,2843.0307621931615
07103900,35.0,866.0648853950742,484.3268405638758
07103960,23.0,1614.6665692500487,1131.3330593569306
07103970,4.0,7001.628444590724,5689.518512286896
07103980,76.0,1548.1112032297665,1089.1884670921422
07103987,13.0,1846.7377870112946,1412.5808767196233
07103990,47.0,3952.5203072779927,3066.0165811301154
07104000,108.0,20580.150760700937,14450.77923332684
07104905,0.0,,
07105000,33.0,2755.976134662732,2171.789221560827
07105490,65.0,3846.2804290963904,2699.5567181009615
07105500,5.0,82816.57778269322,77735.21737272727
07105530,0.0,,
07105600,23.0,4043.353131013772,3501.2981453339894
07105800,3.0,15634.364332086867,11760.284635607844
07105900,130.0,1917.5470353690728,1394.1041539244611
07105940,28.0,1834.5250648532176,789.8728615102913
07105945,70.0,2130.0235092484327,1468.6474540680001
07106000,14.0,16880.738878225922,13766.204568934194
07106300,7.0,65512.409855864855,58612.112218071576
07106500,105.0,75558.56746442153,48887.51988945198
07106510,7.0,170968.4201693931,157299.12014865453
07108900,17.0,16606.023191663287,9133.407669032087
07109500,112.0,690006.0897464389,574274.2997800553
07116500,70.0,3223.3018981379055,1866.857128022619
07119500,114.0,4648.9242253338625,3590.761415803965
07119700,9.0,165029.76261769963,129042.02661881733
07121500,41.0,17149.856756437617,9240.87842628615
07124000,146.0,120454.49473676071,81714.68188493619
07124200,5.0,15244.939245761443,14120.258863177653
07124410,88.0,38123.840815564625,6723.856730480759
07126200,103.0,1140.0174449264964,479.900818101367
07126300,20.0,23662.1569296539,18482.58773289003
07126485,9.0,19736.404876399298,17474.770558912
07128500,59.0,5701.334166074338,4405.918053436545
07130500,120.0,110972.55962735356,53202.31277017296
07133000,142.0,19881.43649443626,11744.813144804724
07134180,48.0,60352.57197065368,40705.122459281396
07134990,30.0,2737.458329803185,1586.598290757503
07135500,14.0,19830.21243374709,12132.419889695007
08227000,50.0,37106.63529127611,24073.271759770993
08251500,77.0,70930.99544767676,55160.3525959874
09010500,71.0,7638.867570249722,6567.230419902514
09013500,12.0,14333.46263616396,9722.758796854238
09014050,20.0,938829.8384656108,859680.285767566
09015000,52.0,33667.20951413068,25673.57115832483
09019000,2.0,67538.10169119312,51502.336275294125
09019500,13.0,24117.49283626121,20375.479420085107
09020500,6.0,5375.5803880732465,4670.326359050846
09021000,73.0,20903.307368733636,9573.624828524486
09022000,79.0,7009.670913638072,4867.230329046153
09024000,100.0,4838.397144588529,3392.944713035992
09025000,160.0,6997.446172586888,5386.951932500775
09025300,33.0,1010.9234395655099,842.108570162776
09026500,60.0,5232.601064854742,4180.346573194728
09027100,4.0,26242.036230822763,22684.651622697675
09029995,0.0,,
09032000,160.0,5504.368697281596,3929.0769921879114
09032050,13.0,741.8258287197972,485.1196062560345
09032100,63.0,4686.1055715805915,3331.794152160265
09032200,9.0,2306.4699973785023,1804.9601415979107
09032300,9.0,999.7396625136479,552.3471868275863
09032400,9.0,782.9288378791965,480.9890757098151
09032990,7.0,6936.278144912014,6043.923510635403
09033100,6.0,10582.780141680654,9839.404416212323
09033300,25.0,116639.57821121611,82660.98830121245
09034250,0.0,,
09034900,107.0,2655.645551064996,1831.4178058415603
09035500,130.0,9118.529336065885,6089.918713552093
09035700,38.0,4739.569600359767,3370.8007791771665
09035900,29.0,7441.125838184164,6131.498843894789
09036000,123.0,21731.28605248988,15928.06355656164
09037500,230.0,49427.06034252448,39960.647989233694
09038500,129.0,123356.2000550791,90649.38645480757
09040500,5.0,31181.28634780029,26316.379585599996
09041090,37.0,10316.516065332913,8213.611719719405
09041400,28.0,7668.3709636749545,6132.691063073235
09046490,22.0,4532.76269898394,3920.4247496126454
09046600,126.0,37027.118495092946,27834.996453124524
09047500,73.0,12873.51695783495,11164.446827351698
09047700,122.0,5686.047640483621,3492.971000015365
09050100,79.0,26550.110871023437,20248.07538635042
09050700,115.0,75839.38924617077,55872.1973610857
09051050,10.0,3373.2552502261715,2664.3775598289308
09053500,45.0,99725.05164183381,86235.25620718261
09057500,10.0,205235.97299321456,156432.66753245506
09058000,2.0,183303.08909953912,172965.67926243896
09058500,60.0,5946.593557377503,5281.658216759975
09059500,62.0,19570.685162728383,17598.841198384638
09060770,2.0,37247.06831716239,29407.70763966316
09060799,0.0,,
09061600,67.0,3885.5454018619484,2743.750014180227
09063000,121.0,11430.992921128216,9933.690492041103
09063900,69.0,3305.044463424215,2225.6727116628686
09064000,34.0,4251.6879550005515,3150.2031443583937
09064600,64.0,42860.59291393638,34608.15718446057
09065100,72.0,7490.334001334439,6491.169676956485
09065500,86.0,3769.6346720934225,3195.0859537043057
09066000,124.0,4372.46232529394,3244.001122087123
09066200,104.0,3939.708019176184,2682.176208420024
09066300,71.0,2658.5063274899035,1724.4628376528162
09066310,14.0,29209.54077244421,24176.689650673816
09066325,23.0,20559.66412134474,14263.517800363938
09066510,43.0,36257.204190806624,27657.906845779857
09067000,77.0,3820.1961944939026,3112.6451060753275
09067020,21.0,104644.5330726762,94193.03319118428
09067200,16.0,3314.3997920784896,2690.0102182361734
09070000,0.0,,
09070500,9.0,790430.8548104042,707847.7655125854
09071295,4.0,1814.82548566039,1477.2119675955555
09072550,22.0,2329.6544272569504,1019.9065746431536
09073005,41.0,3543.672717005251,2647.283153929026
09073300,22.0,9270.256741061217,7947.546148323665
09073400,31.0,31497.162617021284,22814.04872863839
09074500,17.0,19380.510101009895,17172.641076642976
09076000,11.0,27797.58215714259,22494.547123019525
09076300,0.0,,
09078475,13.0,4244.4337840896005,3597.613850832233
09079450,1.0,7791.310915568486,7488.384403878787
09080400,83.0,122759.5207466117,92480.11269991167
09081000,0.0,,
09081600,1.0,85272.8834500603,84589.85712680852
09085000,0.0,,
09085100,91.0,617131.9937970778,486696.14606416813
09085500,6.0,8851.652767041589,5712.832538092669
09087500,12.0,19642.495386598694,10449.779853996917
09090785,3.0,2208.781159856771,1293.6224079179487
09092570,0.0,,
09093500,24.0,16909.631323004312,11399.856338476251
09095500,0.0,,
09105000,144.0,185500.32276273947,158394.80721076395
09106150,11.0,1091193.9110722311,797911.8978722821
09107000,98.0,33718.28122851036,26602.67611493387
09107500,12.0,14096.305814429534,10951.816165907692
09108250,0.0,,
09109000,119.0,154747.4995131327,118441.47210865554
09110000,160.0,163958.66272066842,137320.12412751617
09110990,9.0,1871.2731518202597,1298.232238623576
09111250,10.0,5974.637519953023,5078.351448912959
09112200,0.0,,
09112500,128.0,77947.85356401965,68347.8691619431
09113500,34.0,13003.499273775975,11575.464036172412
09113980,1.0,26650.579108827915,26522.770200952382
09114500,101.0,201556.66288882217,175829.53541659075
09114520,0.0,,
09115500,14.0,18987.264624130516,16126.80819686438
09118450,1.0,10075.19188833795,9972.756096000003
09119000,128.0,144761.69450306843,117897.16672512764
09123450,2.0,18005.08546894414,11377.355102399997
09124010,3.0,19904.89165162155,18500.731379770114
09124500,105.0,82237.66894212159,69062.27294404883
09126000,105.0,82821.66800449546,48346.07112390666
09127000,7.0,95270.8463605134,88364.94883294955
09128000,33.0,1147783.5582786468,961699.8786423315
09129600,25.0,9780.164687557517,6823.585064797748
09132050,7.0,28945.89585202232,25685.745196809814
09132095,5.0,81580.79865977609,73203.28625007693
09132500,147.0,112869.26106909841,98571.49263402764
09132960,13.0,1400.4899964296155,799.4700633015692
09134100,34.0,113032.4265721297,84506.59827746224
09135920,3.0,6214.361626366247,5407.581472865409
09136100,19.0,183216.8042146786,158668.06296282788
09143000,69.0,8383.740191180917,7033.749547115004
09143500,92.0,4932.185294382192,3979.075348429856
09144250,0.0,,
09146020,39.0,33528.46700854138,26269.87538433486
09146200,91.0,111695.9677944556,81689.77262735381
09147000,58.0,33502.237084648084,23189.606735885918
09147025,0.0,,
09147500,3.0,59823.73631379643,51335.24487907247
09149500,32.0,137204.20773585993,112832.61867656959
09151500,47.0,20267.991319187673,15744.21162413945
09152500,7.0,1640470.979277468,1520391.0890140794
09153300,16.0,26159.591564459395,21560.031706696216
09163492,8.0,61168.01189502839,40821.8020246616
09163500,2.0,2390527.296934023,2110659.718738028
09165000,111.0,53102.16525000534,45684.585388786916
09166500,154.0,94918.32411557375,83899.04842004387
09166950,77.0,2180.3561751413627,1328.1105822224165
09168730,22.0,36604.97259998283,29474.637822251232
09169500,111.0,65255.25358181541,48452.80890066973
09170800,4.0,5188.628802369184,4010.256005565217
09171100,107.0,69522.63076278701,54630.28606306948
09171240,3.0,3065.725017346002,2824.04967691
09171310,5.0,23785.799035938548,20700.132915454546
09172500,0.0,,
09174600,72.0,150759.46502489742,127279.3064234464
09177000,52.0,110488.38180345243,95264.85474303878
09179450,12.0,146570.28674931827,123580.42738282152
09237450,20.0,35837.639816348536,25310.689789902917
09237500,36.0,51270.9974634836,37418.45222894808
09238900,80.0,11835.18192491154,9903.693288870363
09239500,212.0,180077.42854568432,158896.6509066845
09240020,9.0,190200.60432655006,175941.62876235295
09242500,24.0,89754.50141495292,78471.37133521671
09244490,0.0,,
09246200,49.0,8791.188768285936,6628.313192475519
09246500,56.0,29313.182447755928,12859.214365241694
09247600,37.0,320415.83820735774,291137.410159041
09251000,80.0,385320.72436683165,321543.48980154796
09253000,84.0,83553.59313071045,69025.29101629667
09255000,37.0,19612.13117258199,15679.263321942091
09260000,47.0,300462.9526607637,269697.1158889899
09260050,46.0,560494.3495621782,460985.0233409242
09302400,3.0,6134.725613009077,4888.800198144
09303000,57.0,52305.737833343344,43314.1570469769
09303400,24.0,135578.29784194223,91882.922676
09304000,0.0,,
09304115,0.0,,
09304200,5.0,106806.29979367803,76180.57599979015
09304500,0.0,,
09304800,0.0,,
09306200,32.0,8681.457187713377,6140.986745623792
09306222,39.0,5978.298213519962,4161.551748334177
09306242,44.0,2604.2527509188067,1717.14952466352
09306255,79.0,2579.7546804980484,1744.5439652468922
09306290,1.0,544506.4390560597,534637.2180799998
09342500,116.0,104401.61745705678,95072.95411677625
09346400,3.0,32276.61927217674,24032.891987140734
09349800,79.0,122644.12471247262,108610.46379092397
09352800,8.0,28437.409201276605,23691.617380361156
09352900,50.0,23900.757342293666,20719.661453966735
09353800,14.0,50392.434288385455,25380.61470565178
09354500,95.0,93948.6954982976,75573.83705111536
09358000,56.0,43882.049920530626,32548.73137752861
09358550,76.0,10759.616991914132,7508.014503806462
09359010,33.0,18118.368900783993,12149.013417957494
09359020,0.0,,
09359080,20.0,9891.06567559893,7307.137721218253
09359082,12.0,4110.6885492390775,3058.0565256391037
09359500,1.0,23834.154829932355,18840.852936533334
09361000,88.0,55259.429843400394,46371.24219375676
09361500,124.0,171429.76676055102,150319.27630298884
09362520,0.0,,
09363500,138.0,608679.5181384305,553922.6222158492
09371000,123.0,13909.707272357316,9696.722966515626
09371010,0.0,,
09371492,83.0,13760.467079571867,7766.247447576124
09371520,4.0,10948.015970696357,10043.856330809302
09372000,11.0,43897.38583802953,33297.318981226665
383103106594200,4.0,102093.67333182166,87734.12215282761
383926107593001,9.0,12487.389233110309,11982.496746507462
385106106571000,30.0,54474.00989668367,48136.42252339965
391953108130201,3.0,3705.8630772890892,3124.3559349999996
393109104464500,5.0,11503.553129436548,8225.388992299064
394220106431500,40.0,151129.3998447704,134519.45578824863
394329104490101,1.0,29710.050448704776,29650.875633280004
394839104570300,0.0,,
401530105475401,4.0,20085.757283356314,16408.22210065635
401723105400000,39.0,3203.1492525676776,2448.5090362610017
401733105392404,81.0,4843.511014821504,3151.274722822609
402114105350101,26.0,5930.516066259959,5058.761136281006
01118300,95.0,2833.3346093923237,1819.7625955052335
01118500,10.0,84815.52625608988,73078.00303452731
01119382,13.0,57209.59792365947,42434.677257247386
01119384,0.0,,
01119500,0.0,,
01120790,7.0,9814.350831176513,8208.247616495999
01121000,18.0,3153.0724915115443,2463.9412271301267
01121330,13.0,7478.779532682688,4932.765801077895
01122000,104.0,91461.76032917837,71994.78672625634
01122500,46.0,140997.55994063872,123776.20027199999
01123000,10.0,10079.826272477303,8381.4190592
011230695,7.0,169823.83527255917,144777.1207700169
01124000,75.0,73693.64879200666,61062.4051130592
01124151,53.0,94072.50548477427,74169.37997861663
01125100,48.0,115458.2827930286,86145.71322453373
01125490,7.0,4604.162443985811,3729.1321499113637
01125500,16.0,90286.03754909594,84029.54355637917
01127000,4.0,267269.0372795391,238895.9382706667
01127500,202.0,123507.11940628527,89085.62399303105
0112779610,2.0,619.8119525477674,288.76998352666664
01184000,0.0,,
01184100,36.0,3320.9655000528487,2229.955704986174
01184490,3.0,11250.481885209763,10258.396179252893
01186000,27.0,102350.00505886921,88421.82666333488
01186500,57.0,72022.82194233165,53958.432099400925
01187300,76.0,7946.28691918354,5526.519068024008
01187800,44.0,8954.76516035751,7111.099235744082
01188000,121.0,3235.5354626376884,2543.0861689755106
01188090,5.0,147034.80696615682,134209.8126405203
01189995,1.0,152243.14795137235,122447.0672626087
01191000,39.0,7284.628877784769,5592.607421408249
01192500,0.0,,
01192704,1.0,4422.477103451262,3026.7661915
01192883,13.0,3558.302186658238,2779.07470266426
01193500,105.0,59871.2667061228,42614.648945308334
01194000,45.0,6291.367730985871,4523.189525391056
01194500,26.0,3729.7568498124783,2889.601421246268
01195100,55.0,2808.8865048628045,1790.0271218282573
01195399,2.0,5553.122732483976,5364.667265280001
01195490,21.0,11532.789167359215,9261.862971687651
01196210,16.0,4370.72051931131,3069.3973304145075
01196500,0.0,,
01196561,15.0,2784.1039763774806,1468.5791152726317
01196620,6.0,5536.559710701169,3993.8517715047624
01199000,28.0,289505.06832195737,250114.71410437752
01199050,4.0,8235.837465968349,6683.722156159999
01200500,0.0,,
01201487,0.0,,
01202501,11.0,6834.122656485478,5094.268952966871
01203000,0.0,,
012035055,10.0,11220.122177857049,7819.646278583441
01203510,1.0,4862.191618458707,4455.240571381818
01203600,44.0,10983.50452886017,7760.075413225652
01203805,8.0,2492.1354378612828,1837.9568992512532
01204000,17.0,16330.588198877009,14461.959529765132
01205500,16.0,868231.7001273516,755372.914379738
01206900,55.0,66868.70600597122,49253.52803506342
01208171,4.0,81446.63562481891,62277.92487649655
01208500,0.0,,
01208873,0.0,,
01208925,20.0,9385.680051946156,7335.085913551456
01208950,18.0,845.0761182056209,596.7033424972456
01208990,29.0,3279.784818689764,2408.616860457463
01209005,15.0,30015.812846250457,17062.86820964619
01209105,17.0,5141.200147961467,4270.67896100813
01209500,24.0,21368.032296205078,18351.172548314742
012095493,23.0,3868.809963653932,2957.959638579807
01209700,12.0,5772.873673393138,4823.231258696551
01209761,53.0,1709.4818166330513,1129.1412547825423
01209901,6.0,6085.461235899368,5307.056951229358
01212500,7.0,4157.465558108099,3196.0004147303753
01477800,32.0,2432.2852711098626,1731.8504879590505
01478000,13.0,5509.560017989803,4357.971329603089
01478650,30.0,39673.252627264585,31007.125575377522
01478950,4.0,2407.961330961357,1860.2864882735748
01479000,0.0,,
01480000,0.0,,
01480015,0.0,,
01480017,11.0,788.6640235607803,561.9553998730984
01481500,0.0,,
01483155,67.0,2283.585344509096,1847.5693276224492
01483200,119.0,2478.9657221985935,1723.0937576783497
01483700,36.0,11297.00611320139,7712.591038933334
01484100,144.0,3240.8605177802597,2665.6062759160927
01484525,72.0,54003.00706166756,42243.57040723774
01484695,62.0,2596.2820024409284,1818.7556732239132
01487000,169.0,64787.79343549575,53872.4794362814
01488500,16.0,8215.780257816816,6993.913658163562
02228500,99.0,34159.36956978872,10790.688442583296
02231000,44.0,51888.77440111796,46795.27454877237
02231291,0.0,,
02231342,64.0,8885.47507720209,5540.67977549932
02231396,38.0,6187.323528135547,4042.7275193518635
02231600,140.0,116414.74664310906,74076.37539769495
02232000,106.0,221748.56524578558,175356.7558665742
02232155,25.0,873.0338299704031,543.2116312106983
02232200,138.0,4033.5997007056267,2796.07698459334
02232400,37.0,156410.17323087447,117401.31965625777
02232415,35.0,1709.4312527084921,1120.0107563983763
02232500,59.0,186403.30916666385,134664.74753103603
02233475,1.0,16387.74746259662,14067.284464457143
02233484,19.0,87881.05508927413,73558.92177770798
02233500,106.0,60358.655804850336,50293.32245236928
02234000,23.0,478906.6180937173,367487.42550565285
02234308,41.0,2553.056811110307,1622.2279043221658
02234324,109.0,25832.363497223283,18385.277422060713
02234344,3.0,18799.163123582537,17345.925066626412
02234384,4.0,1006.5875083036017,919.3616508864865
02234400,4.0,1071.8833117764186,911.3090207182482
02234435,0.0,,
02234500,0.0,,
02234990,45.0,21405.516215485633,17057.688625570194
02235000,27.0,55365.03553909244,41893.466187906975
02235200,27.0,9074.522009377873,6988.553671006249
02236000,3.0,424047.4325833365,309412.79332740745
02236125,0.0,,
02236350,40.0,907.6633953307445,538.8881151788612
02236500,83.0,4261.800386878222,2735.7990044782055
02236605,31.0,3423.1258151547095,1712.1471755555344
02236900,79.0,12385.878634116723,6480.781707708807
02237000,26.0,125321.02696861689,88334.60560646848
02237293,61.0,1971.6728424222088,881.2302435231318
02237700,53.0,62337.54582025396,35326.95331246338
02237734,57.0,1240.95196615017,736.3800370517871
02238000,128.0,526068.0481807126,401358.55667063856
02238500,35.0,47748.65470040831,31380.137324369636
02239000,38.0,369734.4933028504,234694.26153851033
02240000,1.0,217582.3489838707,217182.15462400005
02240500,0.0,,
02243000,150.0,75236.84012942832,43593.33705174694
02243960,17.0,634502.0613015918,513408.462849625
02244040,0.0,,
02244333,0.0,,
02244440,0.0,,
02245260,0.0,,
02245500,17.0,31803.92576255535,23726.273592241887
02246000,245.0,123990.4444943967,95240.89124942268
02246318,2.0,10122.890102533009,9714.127843291428
02246459,2.0,107598.22783896879,99437.51344974601
02246500,0.0,,
02246515,5.0,4067.268676481653,2730.6442264656407
02247510,37.0,4518.923154689468,3078.287759639522
02248000,130.0,4101.431533855389,3222.8400728543957
02249007,0.0,,
02249500,11.0,6576.573228415137,5559.827191259812
02250030,110.0,153474.0387842483,129110.45638646664
02251000,48.0,43974.17316111489,37252.94052271738
02251500,1.0,10641.946678551958,10565.303963927274
02255600,45.0,5035.979482506195,3160.7224353066113
02256500,80.0,6852.779339317892,2264.039685430616
02262900,25.0,10455.34448195358,8265.871887743571
02263800,128.0,47692.44680987868,35910.39271678339
02263869,47.0,713.9649641930708,302.75240428311895
02264000,120.0,909.6620986273143,440.9842858210096
02264003,31.0,503.03337179754396,269.49965415793815
02264051,114.0,1458.8797701078317,944.243550837452
02264060,35.0,905.9296704017216,466.611160773043
02264100,30.0,5172.010229886995,3950.5986224047674
02264495,82.0,118557.64400874119,94740.16846560234
02266025,53.0,686.3998173999483,383.0755381547035
02266200,80.0,1098.5949202697725,545.8163694774373
02266205,56.0,1813.3010400734292,806.6780410963388
02266291,68.0,5681.4255811605035,3307.332318649422
02266295,64.0,6043.288944106839,4422.624073619254
02266300,23.0,9285.909245120536,6345.920822365254
02266480,6.0,1881.826258494752,1601.2526478967743
02266496,49.0,7695.071988613571,5014.400506880446
02266500,75.0,11397.5350738039,6080.079319357809
02268390,0.0,,
02269520,12.0,56032.063923199035,28128.162712058125
02270000,10.0,2612.9226630058142,2018.3074515737228
02270500,122.0,101375.19077205214,84069.1778453477
02271500,52.0,21777.073186073263,11587.726926965179
02272650,35.0,5259.882334379785,4109.476639136554
02272676,31.0,2979.514106844199,1837.2782311768729
02273630,37.0,960.7032925293281,451.9150577707718
02274005,56.0,3570.92175949404,2972.5609795977925
02274010,45.0,10132.085436175377,7701.790854898343
02274325,12.0,5658.9473163306975,4399.41406981017
02274490,39.0,5307.85967645553,3801.6435697002503
02274505,46.0,2358.0088416351136,1609.1067279095296
02275197,34.0,2628.698848267459,1497.5942387599537
022929176,0.0,,
02293055,2.0,26629.360111115722,24650.064607293752
02293987,17.0,15135.7747958531,12406.4263393093
02294161,39.0,50600.23945867829,37532.16922957982
02294217,62.0,24811.018531020178,14583.847862600844
02294290,15.0,3590.846490827975,2712.012364536105
02294330,20.0,4242.460481980603,3448.1763183284297
02294405,16.0,744.4386784719302,468.98257286295905
02294491,93.0,43184.51888357995,27526.06009917993
02294650,150.0,126577.65509263602,97774.17939260577
02294655,46.0,94978.51395461748,68638.29693680568
02294775,66.0,149936.21715523774,98468.22069671076
02294781,45.0,98651.99834540352,70670.83676548385
02294898,79.0,104514.260726132,72260.28821943956
02295013,61.0,4492.87602449367,3692.512881656015
02295163,0.0,,
02295194,11.0,68076.4987765471,55551.52203659539
02295420,100.0,73408.8194000542,51992.026320110126
02295637,11.0,64359.387819498676,56910.59721513514
02296260,34.0,12911.406045578438,8119.595544813965
02296389,9.0,4457.015999180135,3272.460356142723
02296500,142.0,83893.16991172147,54692.70078951764
02296750,48.0,222628.95214116076,186779.17171625493
02297100,171.0,36855.028514646314,28289.238446576626
02297155,67.0,3811.9781374394615,2626.043858728861
02297251,13.0,32159.18787793772,12327.5887416652
02297310,166.0,118160.60831097602,75921.57377495534
02297635,0.0,,
02298123,92.0,64119.41788276074,48292.14595540157
02298170,21.0,90417.64753526966,72927.58398532197
02298202,104.0,101281.81070814656,80644.66332619102
02298488,31.0,4878.03166414991,4054.8633721093697
02298492,46.0,4201.146161268404,3356.048348241647
02298495,28.0,1034.4790773032432,428.53220086734433
02298527,53.0,4338.965417081952,3170.6475770179914
02298530,23.0,5271.236896728377,4176.1936324179205
02298608,68.0,19359.31047524944,15008.382890405424
02298760,42.0,859.0407769109871,545.4684214766053
02298830,178.0,72566.06037752994,45363.44207441073
02298880,7.0,4795.581403614081,3522.2087715162584
02299410,107.0,9565.537731327477,5970.677785271916
02299450,33.0,3424.6849812603214,2327.4199559627327
02299472,13.0,4274.460330786171,3105.0818737812388
02299861,75.0,2177.034413361842,1651.926520966573
02299950,26.0,6790.8509652213115,5340.3384469257735
02300017,31.0,950.6090397364806,605.7528822923596
02300018,15.0,7309.220146717114,5825.925837799317
02300033,32.0,4572.957562412132,3821.6943887435295
02300075,20.0,4953.91825696405,4295.793301565131
02300082,0.0,,
02300100,82.0,4386.190576551446,3226.284237122778
02300210,35.0,4751.539945828532,3752.056216544098
02300300,2.0,1862.5808260467277,1372.3276072459769
02300500,225.0,124062.99253586367,93697.77788400244
02300700,50.0,13654.93882159556,11254.994890539314
02300882,8.0,10404.79157660467,9261.522737177778
02301000,191.0,152061.1965750331,121580.1948595331
02301150,4.0,8829.862256011978,5286.02134
02301300,140.0,63603.671850258,48205.99563983354
02301328,0.0,,
02301500,81.0,109727.00518208221,85301.98125283697
02301718,0.0,,
02301738,84.0,2056.9589583398397,1311.5414955231875
02301740,64.0,2258.3212192751575,1538.483042072982
02301745,76.0,1553.6752409929477,1026.085466774386
02301750,61.0,2885.527310521248,1812.9755704825716
02301793,56.0,636.9264499312385,310.6415576638399
02301900,113.0,4175.377790549011,3332.024308639526
02301990,19.0,6857.326906588386,5692.299305757874
02302500,23.0,7195.85531972713,3932.1863796729044
02303000,111.0,97204.00868338527,74306.85163624607
02303205,36.0,3542.869042141495,2410.637462060241
02303330,10.0,26835.609417088996,23421.996283504755
02303348,26.0,2682.949242426134,1689.941469867647
02303350,103.0,1332.5084843565403,623.4811359924423
02303400,58.0,1333.2345772002054,478.4081954105011
02303410,33.0,2149.615196808675,1310.9554926274302
02303420,85.0,5592.8943571364625,2460.340975408172
02303800,81.0,6590.215426185684,3074.4159777591585
02304000,0.0,,
02304500,5.0,315983.84068754164,309482.3697044827
02304510,12.0,77798.07672466603,71761.31125602349
02305851,54.0,801.7801927190885,392.7169119295961
02306500,164.0,2273.553057628705,1623.8953234985981
02306647,47.0,4655.993521813694,3736.297775055658
02306774,44.0,1317.4736079455522,752.6623964630427
02307000,98.0,10595.036042635955,8271.44033859518
02307200,72.0,684.1541723569508,274.2754725928468
02307323,78.0,812.625266447716,275.7763960063179
02307359,107.0,796.7481126097127,399.34431523910786
02307445,41.0,641.6296896496466,239.30325202979094
02307498,53.0,12448.44709855455,2523.540863348943
02307668,46.0,2306.585962799159,1840.9634012588333
02307674,16.0,4587.54200163717,3850.809169319611
02307780,51.0,1988.7808768425423,1427.7291989829964
02308870,27.0,1571.336813377882,1029.3726609306646
02308889,27.0,635.138238470858,275.83779259503547
02309415,65.0,813.0494676599467,572.272543091162
02309421,15.0,4625.169117950257,4026.9378337772305
02309425,0.0,,
02309740,16.0,2862.365652079228,1133.6462932143147
02309848,,,
02310000,107.0,6621.672832728064,5954.640006300367
02310280,50.0,719.6347419085812,356.8423005929736
02310286,36.0,529.7789091422578,220.76478209654448
02310300,101.0,4230.206402315349,2796.2871498994064
02310308,0.0,,
02310368,12.0,4109.763540774806,3100.646929927272
02310947,133.0,40841.92995554052,21538.632932434142
02311500,70.0,37310.0273032136,25037.66033437005
02312000,129.0,77365.56226749669,61131.467218360216
02312180,78.0,2091.7804889558674,1015.8053842680984
02312200,61.0,4847.675638146718,3246.797827945952
02312300,10.0,39536.33348171343,26426.360305517584
02312500,121.0,143879.70362110023,116045.52180916017
02312558,33.0,122041.26865807256,89519.7861728281
02312598,19.0,81894.91678163501,53449.20078897487
02312600,41.0,103218.99749131665,72952.2435836796
02312640,32.0,7712.367772769773,6281.909267198427
02312645,10.0,3541.854388856344,3011.348084089146
02312667,19.0,6144.881675597166,5079.623700902778
02312700,120.0,128803.58117275177,103953.75639886371
02312720,17.0,60299.92523184054,44418.134433998595
02312762,3.0,34552.141009680185,21905.713899432478
02313000,1.0,40518.161006887916,33509.411227428565
02313200,0.0,,
02313230,25.0,177299.27425512546,163637.51937657222
02313700,0.0,,
02315500,102.0,183512.5733538515,133265.34547629216
02315550,24.0,320010.1144217303,268126.67034939025
02317620,29.0,151547.48276849694,129637.39783499442
02319000,84.0,238256.03410772682,209469.41729914225
02319394,28.0,445315.0167893554,383622.9174246828
02319500,40.0,1005185.653755722,827460.8684904949
02319800,29.0,1055157.539313082,866797.9313685525
02320000,11.0,718458.6753316968,563946.133288856
02320500,26.0,1226411.0475650083,1021437.3268843819
02320700,65.0,3711.919799036364,2063.6496117578595
02321000,102.0,17586.42170000636,12427.753928739226
02321500,126.0,59573.0636493676,44158.06572714911
02321898,3.0,76334.96992677165,72786.63721395744
02321975,7.0,192255.77097400496,128195.34548689531
02322500,7.0,179751.78909372652,149411.4309449697
02322700,5.0,45576.711421657375,39348.06817613445
02322800,0.0,,
02323000,0.0,,
02323500,0.0,,
02323592,0.0,,
02324000,112.0,54956.59265486389,42895.016035973655
02324170,0.0,,
02324400,73.0,3626.8459456998994,2994.997876381641
02324500,9.0,36403.013428436425,27158.137331213682
02325000,97.0,88027.92197298788,69243.19892832903
02326000,82.0,32105.834133483306,28841.578425468255
02326500,69.0,80125.78842181714,58737.77460014408
02326900,37.0,200655.15773423956,162413.28259413815
02327033,33.0,32142.20951298,20027.6086560035
02327100,136.0,99912.20945091538,56786.49379757112
02328522,51.0,529293.2574294832,399058.2819562506
02329000,22.0,68840.61246020133,58422.86931312508
02329500,1.0,118971.08137711427,117928.95243636363
02329600,26.0,96905.24100867906,77739.17198581128
02330000,21.0,252756.563117216,220841.1304246903
02330100,2.0,70085.15757154344,66302.06195866669
02330150,23.0,399653.78169568797,348554.57579719723
02330400,17.0,27069.869096003375,5295.817897509328
02358000,52.0,7429308.85340737,5962276.642363405
02358700,36.0,7526797.082207859,6252843.513966246
02358754,30.0,5960981.457878913,4939962.47420344
02358789,43.0,460413.22208888194,367724.86047427787
02359000,2.0,402444.2904627703,393992.263488
02359170,2.0,3022897.826205085,2635543.5364821916
02359500,5.0,171435.89934867524,140456.48445999998
02365200,37.0,1900163.5409693103,1501656.5735795926
02365470,10.0,38914.98148005406,35293.48317172538
02365500,18.0,1152455.4570946058,1009345.980024958
02365769,72.0,127627.28689440218,92529.9643057605
02366000,37.0,77354.39960024868,59973.60886700552
02366500,7.0,1805246.831065022,1694661.27304
02366996,33.0,38309.45058871713,30201.90401799591
02367310,90.0,52531.13370006676,44727.04446671293
02367900,50.0,514312.86956717964,426000.0216547158
02368000,12.0,226431.84800701504,198854.9977950365
02368500,4.0,58463.54231071778,55894.890184279735
02369000,0.0,,
02369600,8.0,756083.1391158033,608150.3865052252
02370000,55.0,93177.13253163964,79414.54846640647
02370500,0.0,,
02375500,23.0,1251748.5463985421,1115037.6858755741
02376033,0.0,,
02376100,0.0,,
02376115,48.0,47448.17676464654,37215.000017678314
02376293,0.0,,
02376500,154.0,332535.62686861394,264135.201873797
02176930,22.0,69900.06656286561,55367.5770246014
02178400,88.0,71149.90763279545,55865.45282134661
02180400,0.0,,
02181350,27.0,103683.90282765475,80868.900877394
02181580,16.0,18679.51697690499,16465.04842797576
02188600,3.0,38600.16841693412,27948.890622901963
02191200,35.0,51679.430486853395,42884.32348669145
02191227,1.0,4591.374680933649,3963.4288769959185
02191300,10.0,209602.91029804404,160309.33332764092
02192000,3.0,197308.15457560355,163977.54835539823
02193340,37.0,4083.0983381847172,2601.868933741617
02193500,99.0,62872.0610441717,44938.33961380756
02195320,18.0,5072.762824916927,3960.247426087676
02195470,0.0,,
02196820,23.0,3734.1489819857743,2737.178016983846
02196835,12.0,5031.940727852426,3802.4733388457626
021968385,3.0,7035.973354498135,5522.837006121739
02197000,0.0,,
02197020,1.0,3646.4745838591216,2846.9824317658536
021973269,13.0,6048944.293103377,5650750.45999236
02197500,0.0,,
02197598,1.0,10381.04077782247,10003.3981998
02197830,4.0,83535.80076868572,74619.23764443428
02198000,5.0,253127.0980044724,193073.09360674507
02198100,58.0,5906.665642584415,5066.266917594846
02198500,0.0,,
02198690,78.0,25295.797365018552,14562.21208477088
02200120,5.0,9594.849342093741,7569.219915497437
02201000,63.0,54766.82201410433,42842.92052924933
02201230,1.0,66947.24224739014,56548.44146986667
02202040,10.0,305435.16320010443,245468.39032937578
02202190,8.0,333586.0022463514,246663.64105816316
02202500,41.0,535587.9233563058,405879.2156180596
02202600,58.0,8866.741911442954,5545.960672104633
02202680,14.0,508135.82054896,383568.996479906
02203000,98.0,56156.44505945608,31230.12763624314
02203518,8.0,77956.9896492591,70833.92823761192
02203557,12.0,4045.1874459134056,2740.4648836845713
02203655,7.0,16320.406054327506,12268.494064474999
02203800,0.0,,
02203831,16.0,2283.381298993935,1764.271507603091
02203863,7.0,3718.237999943247,3034.743629449275
02203873,6.0,2510.2022642672237,2047.8069446661225
02203900,32.0,143383.02911097617,109713.88015772651
02203950,2.0,2649.0234311340687,2398.757287891262
02203960,0.0,,
02203970,44.0,313.64327702424754,204.9975672175941
02204037,3.0,3888.1109354834757,2989.943747313386
02204070,3.0,104935.73515999445,94490.3573405148
02204130,21.0,15803.612362228803,10409.553941762664
02204285,3.0,8154.238522078035,5963.82389173913
02204520,0.0,,
02205000,68.0,1665.5556626700177,1248.7706243829548
02205522,9.0,3263.3251846899047,2380.890670734262
02205865,5.0,5859.872662086127,4455.856883297561
02206500,62.0,85654.15756217221,68115.7296294009
02207000,19.0,3930.1936129532855,3237.310626346076
02207120,0.0,,
02207135,23.0,2176.4509254797063,1595.4966228624774
02207160,2.0,4014.316896527759,3358.0085518577775
02207185,1.0,1019.963304237886,945.7726144561403
02207220,3.0,52180.357629812956,46101.1186162963
02207335,3.0,92216.05235131604,73486.2283824
02207385,7.0,8510.595202599872,7108.815600707807
02207400,3.0,584.6606179176046,484.6586018526316
02207418,6.0,45764.08197416236,37680.17015367773
02207435,8.0,7924.986844006421,5726.372555626666
02207448,0.0,,
02208000,1.0,75815.01722914714,69858.03096585366
02208130,17.0,2687.7138473089412,1894.9661993676393
02208150,0.0,,
02208450,0.0,,
02208485,9.0,5231.787414756741,3840.6529506836523
02208487,25.0,3257.388205533243,2633.5062280462903
02208493,0.0,,
02209000,20.0,109090.9012853983,88115.30256084756
02209360,29.0,3600.9066735899637,2837.771097987786
02210500,8.0,382100.7355234432,345019.5735340059
02211375,15.0,2930.2427326507227,2328.6419121263157
02211800,12.0,76250.12364174513,62722.7134020662
02212600,33.0,3051.283671799568,2050.66811906302
02212735,2.0,515713.9830855879,501418.26536363637
02213000,104.0,911317.6622223349,763870.2651276818
02213500,185.0,116326.26825455623,88307.73126299611
02214075,3.0,59938.15915701841,55305.52978909092
02214590,1.0,12881.028708259935,9553.96620218182
02215000,6.0,790571.7090131806,723515.7278722146
02215100,24.0,15047.576635873085,12324.329878512626
02215260,8.0,1162961.840134717,1018664.9083986087
02215500,28.0,1157701.9576638935,1035198.1754120325
02215900,0.0,,
02216180,60.0,3482.4358529291653,939.5977205470955
02217274,68.0,1795.3540077562325,1287.7820788521838
02217297,1.0,10287.33700100281,9448.338891682542
02217475,0.0,,
02217500,4.0,35318.12295696954,27143.658864794324
02217615,2.0,22433.544264632394,17372.74890596721
02217643,26.0,3783.5367831687063,2874.9724711043527
02217770,21.0,82915.45960811252,67109.76384456323
02218300,14.0,195571.45162308903,150353.37471711278
02218565,17.0,2530.017156523486,1821.7724826107471
02218900,6.0,116101.44915809424,91010.32493683501
02219000,92.0,118585.68447567728,97510.83123289802
02219500,1.0,31421.8163194335,23415.74781538462
02220788,4.0,4898.40040529983,3922.2315745311485
02220900,95.0,101327.54801650169,78740.19242234783
02221525,14.0,11474.334875036015,8114.154219900149
02223000,59.0,827161.0125380798,673001.8643239173
02223056,12.0,566310.5977297317,530065.7609145545
02223110,0.0,,
02223190,21.0,45439.04353199577,39215.801634616735
02223248,19.0,558422.7947463421,486806.26192695653
02223360,31.0,43926.23335110154,34558.68277061833
02223382,1.0,1259208.2157548366,1167789.3343359996
02223500,67.0,1088092.1585194282,910206.1282052315
02224500,14.0,1352615.1088363898,1273794.3951648714
02224940,7.0,1765060.907148876,1660063.2172454055
02225000,15.0,2245994.99519054,2058937.5294377143
02225270,21.0,49000.68436435699,29640.71182511034
02225500,38.0,79705.1437996918,73119.85465437008
02226000,23.0,4687943.217687575,4199674.124509388
02226362,11.0,19378.98369280315,15681.588853797884
02226500,187.0,414528.3234288562,266468.1000799406
02227270,16.0,4947.210675291346,2191.9761388011066
02227500,95.0,46062.90229040824,20037.612852468017
02228000,125.0,311470.62367957464,232448.74183051984
02314500,157.0,568894.6348542833,415430.16205170006
02315920,7.0,177.96420278774994,54.971768919230776
02316000,82.0,35743.37745149772,21235.351806314695
02317500,49.0,67555.79920706262,58481.16304464639
023177483,56.0,46990.6492346707,33606.18340933904
02317755,3.0,6066.247188462964,2518.2823054666665
02317797,31.0,21942.49063333574,11552.755009920955
02318000,51.0,14390.033977180292,9679.969103901261
02318380,15.0,44125.16185646098,38279.89452018488
02318500,64.0,79637.49123891059,61861.65562986287
02327355,34.0,77986.74418962575,46288.09296078611
02327500,63.0,45918.92514122055,36578.299149439
02329342,0.0,,
02330450,21.0,33564.50053134707,28618.44636818244
02331000,0.0,,
023312495,31.0,96026.76382047297,80133.74648974813
02331600,137.0,391981.11830130237,316486.4170768767
02333500,22.0,87176.6314688488,71284.05732373668
02334430,2.0,634402.6642549833,528167.7665721008
02334480,0.0,,
02334500,1.0,1225869.5117114505,1029265.604389333
02334578,20.0,2859.9980192358967,2051.7216839426487
02334620,9.0,3906.132128194183,3026.712673273995
02334653,0.0,,
02334885,2.0,10765.387428956567,9271.160212722893
02335000,0.0,,
02335350,0.0,,
02335450,0.0,,
02335580,1.0,16795.074216626665,16209.954084363635
02335700,80.0,52937.387500936784,41613.22518255709
02335757,39.0,123326.48786840116,91576.29737721126
02335790,9.0,4216.71043626248,2821.505554490956
02335815,0.0,,
023358685,3.0,4659.323812082976,3576.891308314483
02335870,1.0,2174.552063639289,1973.5035451675672
02335880,0.0,,
02335910,2.0,6538.557242523827,5383.077557527272
02336000,34.0,727927.312886727,584153.8517003601
02336030,17.0,1845.2064561384273,1127.2838934212893
02336106,0.0,,
02336120,0.0,,
02336152,6.0,2038.1084187334266,1648.6453708223999
023362095,7.0,1329.381497802193,976.0323617882353
02336240,3.0,9678.861616772647,7513.109634108528
02336300,12.0,42595.73613974468,32663.266782050654
02336313,21.0,1667.5695272004227,1003.2295128610526
02336340,2.0,8141.935204069239,7919.114617640509
02336360,2.0,5649.410110614668,4597.588823545679
02336410,0.0,,
02336490,0.0,,
02336517,4.0,3188.540396212109,2647.280803891358
02336526,0.0,,
02336635,1.0,3858.4193883232438,3351.5132132848485
02336728,1.0,5377.765571471323,4408.90392064
02336840,5.0,10574.701101189847,8329.833827969362
02336870,5.0,7918.3492078671925,4092.27820751828
02336910,17.0,80675.97649825594,52745.032347025575
02336968,2.0,2440.7349390919308,1676.1985885155555
02336986,6.0,3524.952458825761,2031.2428293884298
02337000,83.0,92135.72910746557,70782.86800854023
02337040,1.0,4485.864943022299,2898.3747280711113
02337170,0.0,,
02337260,0.0,,
02337410,31.0,36202.152290902704,27151.318192458617
02337498,15.0,10189.26928737237,8449.23123005885
02337500,11.0,9968.024478491401,8995.27187121807
02338000,3.0,757684.993885442,644701.3452741285
02338500,18.0,2234668.7589793922,1950771.1022797371
02338523,10.0,6763.199595007334,5324.998696210527
02338660,15.0,11498.089842942341,7762.649420106631
02338840,39.0,43886.56037246706,33471.49527478335
02339500,7.0,2200738.9651994556,1859124.7903111111
02341460,0.0,,
02341800,0.0,,
02342850,30.0,42043.47952987145,33405.682765106176
02342881,0.0,,
02343225,3.0,135992.77746108003,119033.8532272676
02343805,0.0,,
02343940,12.0,22082.305326389884,20178.558804433225
02344143,2.0,6850.197549992313,6533.370945702129
02344350,80.0,129754.50527711079,97457.56425255118
02344396,13.0,73135.47247490945,55754.62840145136
02344424,14.0,2359.947744562943,1961.4124511755308
02344478,1.0,766.293563847975,636.8107015822222
02344500,94.0,88950.4926633912,67370.95481089986
02344605,9.0,2834.180461508875,2050.9212025059664
02344620,8.0,3662.340868546144,2593.8993152988764
02344630,16.0,14332.445030728963,12915.607507892386
02344655,1.0,8600.761601666805,8521.054265828572
02344673,4.0,9132.036330335624,7315.727279495386
02344700,18.0,18154.584273008684,14639.347511979367
02344872,39.0,313008.7020887729,232881.0712693229
02346180,2.0,306570.14191756776,286192.6984988764
02346310,13.0,3145.7231051105878,2351.1587593806453
02347500,13.0,356986.2957016328,266117.2492596679
02349605,39.0,819008.175529955,685985.6965494307
02349900,91.0,10494.669423798774,8867.989922213976
02350512,44.0,2437701.930797859,2135997.981756115
02350600,2.0,64224.92400857973,59312.833048500004
02350900,1.0,60634.08701096928,52030.00819764707
02351500,72.0,141552.85971623592,109285.65693131501
02351890,23.0,157356.07853054328,129226.89741351957
02352500,0.0,,
02353000,0.0,,
02353265,15.0,90401.10175420753,73551.02611634765
02353400,1.0,97279.5158679607,95065.42883952943
02353500,196.0,571072.0031403851,479108.1501654309
02354350,18.0,55636.35391305933,35289.13050773295
02354475,19.0,3477.605826466102,1735.282184019377
02354500,18.0,12321.17351746173,9483.156528702177
02354800,0.0,,
02355350,0.0,,
02355662,3.0,1294954.7196167868,1149042.6326634148
02356000,90.0,3987479.777707961,3253392.051253723
02356638,3.0,14237.620785623467,12157.050210832225
02357000,55.0,62524.72418075701,48761.961410415126
02357150,0.0,,
02379000,1.0,206362.77068682527,199980.99362064517
02379500,11.0,95168.19048892774,84990.25875703056
02380500,0.0,,
02381090,23.0,66717.63693247503,51913.53730567475
02381600,27.0,5138.733950560966,4060.9168273225414
02382200,63.0,76483.99058614777,59745.57301189531
02382500,4.0,388998.1081178959,345129.39225983474
02383500,3.0,536895.7039828122,527492.7084517647
02384500,12.0,52431.17020479888,43532.0189593081
02384540,29.0,3557.855596643917,2689.9505840696443
02385170,0.0,,
02385500,1.0,26248.3081131929,25951.415029999996
02385800,98.0,32246.61192356492,23196.54299351881
02387000,36.0,163304.70429021778,138435.0249153206
02387500,69.0,556695.1484580749,467772.0672224227
02387600,27.0,35020.94257164266,28286.649880251218
02388320,74.0,4259.050106454218,3650.5191495048266
02388350,12.0,70568.97548347608,57916.519558887616
02388500,15.0,657004.6260426234,583533.1508751381
02388975,0.0,,
02389150,17.0,81693.01649401564,65857.932980873
02390000,0.0,,
02390050,3.0,176502.80418358932,148724.5619081143
02390140,1.0,14972.067528279853,14122.021227243242
02391540,31.0,59812.45555919006,47700.91892499913
02391840,26.0,6821.891320610757,6135.592499380893
02391860,3.0,135728.9925542196,109002.45100239417
02392000,3.0,274476.2420603083,226839.71266950355
02392360,3.0,5122.981925897522,4245.939470345763
02392780,17.0,78004.6104022128,57373.21944939636
02392920,2.0,4685.3918814365,3197.9548499306666
02392950,4.0,8805.25118925561,6853.735848208283
02392975,1.0,6063.0177559987915,5261.310744066665
02393377,17.0,1872.4909786913854,1092.4979874520916
02393419,2.0,3938.8613739702178,2496.368293621621
02394000,3.0,483577.10754053947,435778.8427424
02394670,0.0,,
02394682,12.0,3953.500886321459,2687.5090210999006
02394820,0.0,,
02395000,40.0,1731139.9521182578,1568417.3940211823
02395120,1.0,19900.19375404343,19765.054620000003
02395980,29.0,1136751.5217149053,971440.8602924696
02397410,4.0,23494.82242407846,21193.15582231579
02397500,48.0,36143.249185223605,30931.41016757258
02398000,62.0,101345.66393008351,92847.87189774604
02398037,3.0,136738.42037191047,127540.96112541539
02411930,24.0,59260.694034233056,43242.88397203977
02413000,5.0,23228.923256866943,16902.77169684793
02413205,0.0,,
02413210,21.0,67450.5997674633,55885.903945050944
02413215,8.0,5627.797357135888,4351.079886755556
03544970,1.0,28423.114165287796,25653.79705792
03550500,93.0,69845.4007010653,54204.28702362817
03558000,0.0,,
03566700,1.0,63482.41559462632,63087.902504
03567340,8.0,57630.44152292597,54155.067542439516
03568400,4.0,5493.152722279581,5026.319507092914
03568933,94.0,106729.93375667052,80728.86169597322
10039500,113.0,168972.10698240992,142427.6645403273
10068500,97.0,308222.4217044854,215469.11883635056
10075000,76.0,466026.27565398265,374138.9837243963
10079500,113.0,517140.64312985673,399283.6176761365
10080000,52.0,8290.345456937483,6512.166062070777
10086500,12.0,607173.0761481909,469773.94171407254
10092700,0.0,,
10125500,20.0,43604.718545505435,27122.238977655168
12305000,0.0,,
12306500,1.0,131800.83520721822,131596.49576700001
12321500,176.0,106364.01674046641,81160.24060109617
12322000,0.0,,
12322001,0.0,,
12391950,2.0,11707385.678235246,11124088.429550001
12392155,52.0,49091.46490209051,29901.42529866802
12392300,8.0,81050.52141753018,73987.31703088607
12395000,46.0,405576.5566784025,339884.76580530556
12395500,4.0,10554790.351585206,9897504.125025123
12411000,51.0,77026.47649374884,68394.2980953773
12413000,38.0,165465.2458805231,145526.48331150354
12413040,1.0,6573.916807068072,5502.491064975609
12413125,0.0,,
12413130,2.0,1260.4214406331778,1200.74175204
12413210,62.0,105006.00967759312,95043.49639639436
12413250,13.0,83047.00550515405,73461.5149790576
12413300,1.0,80700.08726310321,79104.22426666666
12413355,24.0,112592.01730877429,104617.02043859886
12413470,0.0,,
12413500,14.0,318673.1846679537,303512.6348851337
12413860,23.0,654555.1312262457,561707.3377681306
12413875,19.0,78878.8062955163,68990.00965148311
12414500,56.0,373119.09515688516,351868.5176511075
12414900,78.0,57171.71627674267,47890.32734026784
12415135,25.0,965318.5086116138,832662.305029165
12417650,1.0,1175270.159720274,1055067.7899419607
12419000,15.0,1883624.1151156325,1575354.3588146009
13032500,41.0,2083180.9372231113,1479212.649185309
13037500,41.0,1921456.8946937842,1544682.816900718
13038500,48.0,1125923.5351624973,905925.6430943802
13039500,79.0,32103.15307901563,17386.65429732905
13042500,102.0,419025.348833836,342949.78808950755
13046000,9.0,1774681.375363087,1685886.3636872296
13046995,63.0,229676.10465935472,173581.48667813733
13047500,102.0,133662.32496476203,93376.13043665838
13047600,55.0,239789.32572014476,194190.03362363853
13049500,23.0,911743.5138810041,759152.8549749311
13050500,2.0,1206498.435657085,1124490.0165306332
13052200,19.0,159904.3964192339,140910.11679444084
13055000,182.0,310828.73670380836,239560.315669945
13055340,0.0,,
13056500,10.0,767068.9644041149,637842.0625146952
13057155,0.0,,
13057940,70.0,35018.842655075496,27841.631976319608
13058000,101.0,120843.87291485562,65097.58925486479
13060000,0.0,,
13062500,22.0,2948781.460625314,2593385.4946963713
13063000,57.0,144086.80935949855,119282.4000628119
13066000,104.0,172330.4282179148,130575.3174822274
13068500,217.0,174681.24997356324,128237.35781391148
13068501,4.0,39812.879406070824,34446.49806034483
13069500,0.0,,
13071010,2.0,13212.91519337185,10899.809269262223
13072400,4.0,53347.28488550362,49419.99251618462
13073000,1.0,92127.61195090837,91700.87775111111
13074400,0.0,,
13074810,1.0,2887.909106325407,2037.171606712195
13075000,76.0,44998.38989597657,33504.3963406553
13075500,116.0,107332.0322208026,85728.37793398893
13075910,0.0,,
13075983,0.0,,
13077000,77.0,3360069.7701598117,2353113.66798392
13078000,3.0,5422.564340012132,5312.413479964444
13081500,43.0,1516075.8837319182,1044220.988506182
13082500,38.0,32100.023540099508,25602.670389491937
13088000,203.0,1731253.8627739227,1014181.9572563004
13090000,159.0,2823027.014275383,1687053.3104994802
13090500,67.0,3313063.892270828,2172883.45015697
13092747,1.0,6684.594826633471,5133.323028999999
13093383,1.0,518180.0972718985,516812.04176
13094000,11.0,843562.2895946831,637591.7265899543
13108150,106.0,106296.79729080894,84942.10311655833
13112000,131.0,10179.234856944651,6570.883323252661
13116500,22.0,50177.37932320189,34534.95667269841
13117020,33.0,37843.76017650953,30607.917641464202
13117030,4.0,35479.539675849504,30786.145358659218
13118700,37.0,32142.095292964445,24560.53021775701
13119000,80.0,53452.701930476374,32409.636933958976
13120000,90.0,30933.1381566086,23061.31557075169
13120500,166.0,88079.70244388474,75116.34495124298
13122000,5.0,54481.00998451114,38667.68755537381
13124265,1.0,33770.73560752699,33310.12358772093
13127000,168.0,94034.20466845445,69638.49255271991
13128900,12.0,3682.8872673972705,2654.2151053376206
13130300,0.0,,
13131000,7.0,28612.480975224655,21821.216555360283
13132100,11.0,4084.105322210032,1573.5412439907218
13132373,4.0,1883.3723392531926,976.0627304146893
13132500,37.0,40199.9505219549,18064.674481071976
13135000,0.0,,
13135500,44.0,88997.94819461132,76028.65597760167
13135520,0.0,,
13136000,0.0,,
13137300,1.0,1555.432971341865,1074.2114244363638
13137500,40.0,15820.791961672532,12557.473578344187
13138000,18.0,10432.960632564836,9237.068172909945
13139510,102.0,60856.92869375923,49935.972886919386
13140335,8.0,112796.18139238766,90907.26719536094
13140800,40.0,139760.58367831178,95634.14586619545
13141500,142.0,31347.82584811286,20392.940965194466
13142500,206.0,344556.6630089995,262872.89600347413
13147900,24.0,45059.15326218817,34804.026546629044
13148500,154.0,52702.868699526836,35241.13923119992
13150430,69.0,140760.8959844505,118626.16841774146
13152500,193.0,130638.87158121106,94837.21267096019
13153500,0.0,,
13153776,0.0,,
13154500,0.0,,
13159800,53.0,16777.638679420877,8291.920976906411
13164000,7.0,4680.314440896899,2912.192908068572
13168500,129.0,134423.95963906575,116893.58239104661
13171620,1.0,2541746.906165196,2229453.6907354835
13172454,0.0,,
13172500,0.0,,
13176400,10.0,26500.008452575716,21119.225411546602
13185000,10.0,308791.49057143054,279843.09061894735
13186000,96.0,226320.9084002562,195557.69577300435
13190500,23.0,2153970.5455532,1475225.1482912225
13192200,0.0,,
13200000,1.0,89764.99155977488,87226.73521032257
13206000,5.0,220535.1653829435,192450.67649837324
13206305,1.0,205157.30419917253,192004.72303020416
13206400,1.0,4659.582403919664,3880.7067798303033
13210810,0.0,,
13210824,5.0,20258.410529529592,16694.11326510891
13210831,0.0,,
13210980,23.0,72537.31446967043,40189.74262747319
13210986,13.0,1703.1318413849433,1078.3773127019667
13211205,0.0,,
13212549,8.0,3099.0967907205913,2732.0678605390067
13213000,1.0,716993.9978442612,715037.8337515789
13213072,22.0,45647.35553936487,33917.05511286826
13213100,0.0,,
13235000,151.0,386539.73648846126,329940.89412447985
13236500,133.0,189848.92836437662,119044.72581257441
13237920,28.0,126056.68008249188,112582.24346523473
13239000,47.0,59183.520499324826,40536.90249054705
13240000,122.0,39125.15984117144,33825.25610820661
13245000,90.0,498985.8176062683,366911.1642361977
13246000,12.0,371671.29452840675,311112.7174308385
13247500,136.0,969617.1509389167,789442.3780018145
13249500,22.0,681973.2617256388,578736.9177861466
13250000,49.0,1247150.392197531,967142.09008591
13251000,33.0,1142309.8237253088,985653.1259309909
13258500,73.0,105842.11989781763,97498.77416928828
13265500,73.0,54306.96845294587,20969.541428636767
13266000,73.0,219956.05984970657,187398.42429095923
13269000,0.0,,
13295000,194.0,74882.89565943668,57955.03497041516
13296000,61.0,82781.64856027607,56080.544034368286
13296500,1.0,70002.14663753404,67953.4357894737
13297330,3.0,4842.657281326617,4403.87230301982
13297350,48.0,1717.5838193052182,1241.7775933844057
13297355,34.0,5996.434184411928,4463.33224311985
13297380,0.0,,
13302005,0.0,,
13302500,9.0,892119.7896519584,721161.1488761497
13305000,21.0,158385.32279843275,141806.30107080648
13305310,2.0,38979.306716014646,30654.52620234965
13306370,11.0,43972.73050932271,39328.58083529588
13306385,19.0,3999.176447898615,3226.0517215389455
13307000,11.0,1402772.5584048193,1183496.7686528966
13309220,2.0,459243.6969533164,435235.7183612121
13310199,55.0,1022960.8555715943,894259.1404000799
13310700,0.0,,
13311000,32.0,3508.0596800634,2829.319345713173
13313000,76.0,84935.80895361445,74662.97648178205
13316500,95.0,193306.40055634777,169517.62869370074
13317000,10.0,2122615.239472342,1813093.4369542976
13336500,74.0,659608.8936062338,580994.5420762331
13337000,138.0,630943.5433653109,537928.6308079967
13338500,0.0,,
13338950,6.0,8936.945588588243,7100.053631123477
13339500,59.0,54696.71244256099,43721.973960630436
13340000,92.0,2888778.478506155,2503212.336436012
13340600,28.0,667089.5519258452,590762.5561419718
13341050,0.0,,
13341140,11.0,8175.997960803915,5711.705351440534
13341570,28.0,36211.74945144611,22580.384483013237
13342450,49.0,16612.768960290523,13254.205381378722
13342500,0.0,,
13345000,26.0,7809.615522975916,5602.871240179733
13346800,87.0,1702.9091202318125,1019.5760906245426
03336645,51.0,44424.9356758638,36673.53105164862
03336890,8.0,5940.7960171333125,5300.919631535017
03336900,107.0,38893.91960604607,28599.774860098136
03337000,44.0,2704.9884400591186,2148.49411845736
03337100,6.0,3791.0448547723054,3081.139113794392
03337570,14.0,34696.883662998895,26734.772733740865
03338780,2.0,5032.019906682055,4372.666914962962
03339000,10.0,73645.50090133789,66960.66216454904
03343400,158.0,105113.14723434781,70605.33269005988
03345500,109.0,116288.19162115832,90258.95835278089
03346000,128.0,36925.975301750725,20585.112481730794
03346500,23.0,159352.5478762295,129667.91181146818
03377500,53.0,6236231.932758802,5609245.111374272
03378000,109.0,14321.234752800154,5485.0671694621915
03378635,114.0,69039.66021505892,37527.20772754402
03379500,184.0,158660.3704221628,93534.865002449
03380500,209.0,37510.22043845609,21179.203067605213
03381500,121.0,290579.401701366,188408.4920452077
03382100,50.0,14224.116695401683,11568.428900077768
03382200,13.0,13876.78364650737,5608.679662364532
03384450,79.0,2262.350607100349,1245.480666344414
03384500,0.0,,
03385000,36.0,617.7380545691288,235.14172551311077
03399800,0.0,,
03612000,57.0,5772.046041109611,3824.7076383356602
03612600,0.0,,
05414820,5.0,16026.38621059103,13002.366392445898
05416000,5.0,58646.5193958318,47014.75020840765
05419000,136.0,89498.84099574457,71886.44051579537
05435500,3.0,212365.79791348014,166748.4256257471
05437050,3.0,502941.2558140254,339396.56515171175
05437500,4.0,1871127.3691160458,1747411.884764835
05438170,38.0,142795.94055036467,111455.45439602474
05438500,68.0,120349.03055400445,100848.15941710425
05439000,29.0,4962.199437535309,2971.234756419934
05439500,17.0,58198.580120818566,44824.19870475321
05440000,188.0,445827.44658487826,361637.6374406472
05440700,21.0,5511836.722293915,4806488.402799617
05442300,1.0,1954540.3303791294,1824797.2227121952
05443500,0.0,,
05444000,182.0,61268.829450321566,48361.928861555665
05446500,83.0,3473441.0794041553,2879055.3130669966
05447500,75.0,183858.38816179798,154905.8680249186
05448000,43.0,4163.127396041226,3014.5064961228136
05466500,116.0,53170.06790024934,41644.14606171603
05467000,126.0,26686.722243496937,19720.15278831319
05468500,5.0,21256.6733115083,20297.89404675
05469000,127.0,59996.376602879805,47285.041055270616
05495500,174.0,53529.70626737869,27426.62528906017
05502020,13.0,1083.1639057300206,645.054256010929
05520500,1.0,454743.3040827174,442354.48602666653
05525000,51.0,74672.11622740715,66898.47170496672
05525500,88.0,45881.20680710668,33048.46005883942
05526000,40.0,183873.24062494605,140842.04492551842
05527000,15.0,902763.6135302183,775635.1882292827
05527500,62.0,1122582.3327309655,970130.0994448272
05527800,113.0,36011.60155842394,23717.73636041501
05527950,22.0,5078.672598701764,3591.2187878604545
05528000,13.0,7826.272125678847,3753.5135800956173
05528100,18.0,111284.7597491588,96071.53301913042
05528500,50.0,3422.8640444348225,2283.516928257504
05529000,99.0,105176.92652656218,75678.37152578654
05529500,95.0,2441.6553274704725,1557.0133009733452
05530000,71.0,3190.7994102651455,2151.1345605457363
05530100,0.0,,
05530990,11.0,5019.375425008799,4050.3480040015747
05531045,5.0,49247.22757939043,43128.65874186935
05531300,109.0,181237.93469076828,157309.23146602744
05531500,216.0,153766.3613374374,121797.50235293871
05532000,20.0,4632.345964953224,3599.321005407338
05532500,22.0,57839.05259762369,47592.594471229575
05533000,11.0,5143.304238215759,4327.465743984437
05533400,34.0,2647.860189714252,1650.5727822530014
05533600,0.0,,
05534500,28.0,880.186756031411,528.4834511309456
05535000,4.0,2242.700277751055,1709.261601184
05535070,15.0,5414.727586265714,4389.164594122825
05535500,8.0,612.3334563253436,498.3605010705882
05536000,68.0,49801.4033298166,39199.402133691336
05536085,0.0,,
05536118,0.0,,
05536162,1.0,1527.3246888716553,1410.7636377333333
05536215,0.0,,
05536235,10.0,1996.1015311080337,1049.077356447303
05536255,63.0,3005.9713583581706,2059.66883652333
05536265,83.0,3933.1610794650014,2671.3079025687653
05536275,69.0,46509.17667022338,38865.10088176418
05536290,62.0,85681.76718418389,74736.86247717933
05536310,1.0,3434.420473877379,2650.4661076799994
05536340,67.0,3070.789161998222,2189.4100848507387
05536343,9.0,1878.2426006817066,1073.6573661361256
05536500,75.0,2278.2774857903473,1252.9028692803931
05536580,0.0,,
05536890,0.0,,
05536995,0.0,,
05537500,72.0,2903.4166681703814,1891.6203405370013
05537980,0.0,,
05539000,139.0,30982.320770206898,24377.308041744487
05539900,12.0,9715.752812653105,6620.740505471329
05540060,26.0,3607.12495547217,2735.0468405341862
05540095,22.0,41186.66200732962,35512.54826642662
05540130,98.0,154095.65837493824,126489.225279209
05540160,0.0,,
05540195,26.0,2439.1138179611994,1594.603638729811
05540250,0.0,,
05540275,53.0,4039.698762674354,2972.49987024992
05540290,0.0,,
05540500,42.0,85823.70677877584,71413.9201902027
05541710,11.0,10892.840049734354,8633.730389441573
05542000,141.0,68523.18269969676,41228.68086429026
05542500,0.0,,
05543500,0.0,,
05548105,1.0,10809.450266876605,10376.665547160976
05548280,144.0,166583.2395084908,139581.00653621086
05548500,0.0,,
05549000,0.0,,
05549850,13.0,18628.30927540399,13351.448444143369
05550000,0.0,,
05550001,1.0,361780.0929850617,319331.30013419356
05550300,19.0,11119.07829280179,8854.747825818005
05550500,51.0,4259.741112848299,3208.7765899709334
05551000,1.0,464657.9727637474,436112.66967238084
05551200,14.0,4849.416514880257,3917.741703912251
05551330,24.0,5745.616197206899,4296.9516509464975
05551540,0.0,,
05551545,7.0,6147.505492944823,4889.417295015273
05551580,1.0,582816.3889498775,528873.924936
05551675,4.0,10262.557215066327,6636.762178419231
05551700,8.0,10323.449517844132,8083.972355861758
05552500,22.0,833773.4133435164,725159.9950056651
05554000,34.0,18920.92783017112,9939.166908187037
05554300,11.0,3170.3016352878167,2148.8168285847955
05554500,112.0,45184.17336133662,30048.97647027909
05555300,181.0,278678.1688577012,184748.63637045003
05556500,94.0,16919.24461557402,10151.576708397144
05557500,46.0,3062.2375079540802,1639.3777522643372
05558300,0.0,,
05560500,67.0,3956.155483455329,2641.8343131479965
05561500,98.0,595.1266576098315,203.63728149272765
05563000,10.0,5924.395711816665,5243.744194550847
05563500,18.0,21373.069656002084,16252.622341667506
05564400,40.0,2983.673426108568,1835.570480434455
05565700,9.0,3097.035626637326,1931.3581897420763
05567500,102.0,38200.111980551716,29966.46620348239
05568000,88.0,98561.45540224793,81719.57517226563
05568500,0.0,,
05568800,36.0,6946.096074166243,4420.326044093411
05569500,97.0,142303.94236976936,110256.65068060815
05570000,81.0,150195.47948053174,119103.99643036979
05570910,70.0,44219.72056585898,29015.755021644218
05572000,144.0,53686.32072903725,36639.88478604375
05573540,45.0,29415.52903374489,10783.732404418635
05576000,73.0,34747.54476785896,22976.375481867948
05576195,1.0,4004.7551293659094,2318.814792673171
05576250,18.0,44684.04587997386,36469.55483338165
05576500,29.0,155388.021332333,105246.79308534296
05577500,56.0,5192.375145999434,2520.723833666667
05578000,14.0,241137.72053493257,210139.00384138353
05578100,5.0,10285.930206406283,8088.952034742857
05578250,6.0,4800.967519847862,3516.5337118289017
05578500,4.0,5392.688297094232,4269.311198569833
05579500,179.0,120646.0611185029,86621.40358740481
05579630,10.0,713.4839657575624,524.5800017242798
05579725,23.0,15731.46878321546,12925.147511312149
05580000,197.0,114349.11074121782,77933.50535288737
05580950,0.0,,
05582000,51.0,209059.97673527655,185744.25276820533
05583000,104.0,620923.4133228123,539181.0286056049
05584500,91.0,52085.18450444296,36894.22897023675
05585000,120.0,108487.86835531253,80209.85499872644
05585500,0.0,,
05586000,36.0,1690.2361075978054,893.3017122339699
05586100,0.0,,
05587000,108.0,44859.10496492282,29543.383503490262
05587450,0.0,,
05587900,72.0,15985.70844072399,10396.251156875158
05588000,112.0,2672.301559468882,1346.6353855612774
05590050,7.0,4652.312505989182,3976.3453306837923
05590520,19.0,43775.53241930017,33239.16747309077
05590800,93.0,33172.171224705045,19005.665233757492
05590950,41.0,60988.50810442552,46276.15693664639
05591200,57.0,66871.00121721296,47675.15948248354
05591550,54.0,2123.574203215965,910.0475363752298
05591700,77.0,19489.140550636974,8077.463660839454
05592000,155.0,345017.0550186953,204713.1711909501
05592050,49.0,5002.908180422785,2565.5816535055196
05592100,54.0,152846.87930121823,111013.10784091701
05592500,95.0,135851.8850885182,103458.40632541748
05592575,50.0,1258.5655715479515,532.551351281756
05592800,78.0,20373.969690282072,14516.413797326599
05592900,49.0,2642.459210887644,1221.7257471840057
05593000,73.0,321098.9061481538,206891.10887350608
05593575,64.0,2261.960694208268,1476.1658689297776
05593900,83.0,2797.9651476816084,1611.8095049738915
05593945,17.0,43218.88212282868,36190.72778513584
05594000,92.0,51796.69580510631,40386.00218926853
05594100,36.0,303013.78125921823,257741.47106878037
05594450,98.0,15365.671052990716,9422.428845990458
05594800,60.0,42402.933890471475,31504.907766789463
05595000,48.0,479220.1440517455,378744.86651448434
05595200,65.0,25697.541545062915,20436.85017176833
05595730,61.0,2672.129072309906,1012.4796465172038
05595820,24.0,6205.884344065157,5776.433030772413
05597000,161.0,383169.09292638936,194264.05924116677
05597500,98.0,1536.1648130972173,735.3046258903647
05599490,82.0,166240.73016582234,114221.65888903198
05600000,36.0,3811.6199827915725,2593.3488239222884
07020500,0.0,,
07022000,0.0,,
03274650,71.0,2314.943569471468,1656.2589184431613
03275000,0.0,,
03275500,2.0,13677.731284307447,12313.376165377778
03275600,0.0,,
03276000,48.0,112251.41547181501,95915.46546558785
03276500,54.0,243884.07616625258,220095.10080561403
03291780,58.0,2462.18521642445,1246.0572566178148
03294000,89.0,30058.394534514002,17097.401478912016
03302220,29.0,6248.730493185308,4672.278970303185
03302680,66.0,3242.6824472724315,1989.332592751817
03302800,103.0,57293.140071551985,40567.46459772679
03302849,13.0,414.64006934258094,186.14802559892325
03303000,36.0,55372.45965949941,48558.376490171235
03303280,0.0,,
03303300,66.0,3185.7703185298355,1640.016500668349
03322011,18.0,3902.364903695574,3169.537796298152
03322900,68.0,41067.840983010814,32913.42639655311
03323000,88.0,63315.29544474785,44607.27078036154
03323500,29.0,44564.56271415312,37789.368782123885
03324000,102.0,54457.40935412115,43697.76956823014
03324095,1.0,178526.4479422594,138984.9273515294
03324112,0.0,,
03324200,26.0,5446.790348793548,4345.235695748368
03324300,94.0,59280.684563681185,46796.76585089195
03324500,65.0,63687.13164824997,50148.87257894664
03325000,47.0,182660.21925180836,150730.47007813837
03325519,11.0,14053.475104769681,10442.410689340171
03326500,1.0,33221.18935100959,30153.476790588236
03327500,78.0,576200.6485963472,481146.5084052139
03328000,84.0,107938.7984447921,97702.46046187791
03328500,62.0,177358.87615366923,156802.95714984977
03329000,60.0,687046.5013686377,604041.77842304
03329500,40.0,843227.8777946966,710138.0856356848
03329700,0.0,,
03330241,9.0,7833.13280823732,5559.021686698929
03330500,79.0,44374.13749469351,32917.64467774257
03331500,0.0,,
03331753,11.0,308436.1844156198,278881.4139148827
03332345,0.0,,
03332349,1.0,107024.07615702185,100910.09464031372
03332555,2.0,620117.1658133441,588719.1318490139
03332605,9.0,632891.5866380894,569520.915648932
03333050,3.0,891817.5631295453,817946.9758874074
03333450,59.0,11419.197601516262,9121.289886349541
03333700,2.0,28788.24091095985,27510.16931219753
03334000,51.0,87873.49595580286,77282.68591838868
03334500,156.0,95456.5072177234,78039.70973578178
03335000,55.0,172519.97972064491,152758.31541080226
03335500,3.0,1231799.6819707118,1171913.357408
033356848,18.0,30412.522372406558,22482.15031434142
03335960,12.0,1639.794545108224,761.1867418127765
03336000,99.0,3120726.7281077052,2624344.5962573704
03339280,26.0,6577.812277781694,5121.899221362211
03339305,0.0,,
03339500,2.0,3943.277796565615,3017.5285864918033
03340500,18.0,1639240.322926437,1513968.0883726487
03340800,56.0,13586.614252893733,10344.925841613567
03340900,25.0,20395.05870149824,14463.574990921628
03341300,0.0,,
03341500,9.0,1871564.0817061567,1715282.8749159717
03342000,16.0,4855183.9630818935,4628022.024781699
03342500,95.0,36706.36095040509,25192.105296486137
03343010,0.0,,
03347000,156.0,69782.89054379663,52420.24085594301
03348000,60.0,116684.55378118013,102459.29429582457
03348130,2.0,106660.29829500997,101659.52271329035
03348350,58.0,30270.93248929571,24889.869124166693
033483827,11.0,2107.6352187872913,1436.5636003751242
03349000,152.0,366828.360396935,293311.8530411245
03349210,18.0,4666.912444565009,3725.275902374528
03349510,21.0,9582.928024419,7517.521635900533
03350500,98.0,110494.85833306424,69064.32793376097
03350655,20.0,3066.972052605074,2265.453778999392
03350660,6.0,5600.279620141834,4285.205900442975
03350700,12.0,8637.77192282903,7710.453394225455
03351000,51.0,227187.2460917953,204603.36464585454
03351072,8.0,5097.300430229646,3700.40395080851
03351201,3.0,168461.05919505353,131259.39550035086
03351310,29.0,3710.383189764826,2832.7571847434147
03351350,9.0,187547.70132134008,152335.178118
03351500,124.0,68040.65828299579,54446.67303723807
03351710,6.0,51286.75312338744,40296.94059253081
033521504,2.0,550.4019305830649,436.0566437411765
03352500,93.0,83956.3206658512,74132.39207048966
03352875,9.0,85288.69994585517,73160.76054201786
03352953,3.0,236646.7215487378,209792.09249786046
03352988,17.0,1915.6720316439162,1035.7965541092346
03353000,20.0,234625.92495717877,197046.30875467238
03353120,45.0,2400.145297929773,1699.7226498854995
03353200,106.0,22622.196124795977,15104.61363496384
03353415,17.0,1361.6271677902037,755.9587551856014
03353420,17.0,1462.8558435315492,823.3949122248341
03353451,5.0,4146.524093015463,2843.92197737931
03353460,26.0,41232.428145133854,34156.18576207194
03353500,100.0,24764.166305812516,19825.597040537898
03353600,32.0,4047.536034959057,2859.9203610060454
03353611,7.0,469482.0259637759,430554.5720425316
03353620,22.0,3354.1726229596043,2309.2500255649634
03353700,62.0,2972.7636208451254,1614.9110192932249
03353800,4.0,15077.937105924768,10571.001424099377
03353910,1.0,7590.1258539014025,6912.909542901961
03354000,61.0,687128.9745071318,623746.5975554682
03357000,53.0,587941.4424856186,509471.77933343797
03357330,26.0,23537.5347905176,18677.499836670755
03357350,107.0,1403.884902597712,740.3570272168527
03357500,74.0,71135.45216142238,53152.72672529762
03358000,116.0,68167.7855727797,43041.63636869009
03359000,16.0,25068.272435989267,19056.124367816916
03360000,28.0,66717.0218045636,59542.559822200354
03360500,66.0,918203.4776411408,824688.7343071665
03360600,12.0,6119.508281543382,5031.069849115429
03361000,101.0,94945.44553491844,80105.11909976015
03361500,17.0,85475.17368022662,78813.92564616975
03361617,0.0,,
03361650,85.0,27429.23392078149,19103.11339422771
03361850,13.0,12493.810911983883,8337.539501713089
03361872,0.0,,
03362000,136.0,26980.385185968196,18751.671605314714
03362500,45.0,65883.82437638064,59222.78686234392
03363000,43.0,256326.9809374686,227489.72364120875
03363500,126.0,70488.08475952008,52008.8535312966
03363900,40.0,89383.03480146178,80831.44347684359
03364000,73.0,394000.5916288776,348065.84462271753
03364042,19.0,2437.099542227965,1342.699181807154
03364200,32.0,4001.8923879114836,3437.4335428470317
03364500,114.0,18548.853807219846,10652.085812116178
03364650,30.0,49917.775175541356,32376.883187464206
03365500,106.0,501166.293382823,427852.4942137665
03366500,126.0,40813.752226575256,25999.737294852905
03368000,75.0,754.8225521270973,308.6250850953318
03369500,98.0,23432.41777227829,14688.835132544735
03371500,44.0,869846.6700762183,734685.8610508818
03371600,24.0,1277.9721968306606,468.1204502762567
03371650,26.0,3144.779774445867,2099.9967708014724
03372500,59.0,66621.21979182103,46980.22565893931
03373500,73.0,858828.8915015318,745783.4732870836
03373508,24.0,2652.044247196851,1667.2166627489476
03373560,0.0,,
03373610,16.0,3717.625503267942,3146.865072819381
03374000,2.0,1893307.462197954,1775300.3650410387
03374100,0.0,,
03375500,77.0,66511.65483318418,50648.387466369604
03376300,88.0,438959.3953629536,295076.6436127471
03376500,84.0,174557.7214311674,116229.79439037202
03378500,11.0,7373417.472562098,6600984.937335385
03378550,48.0,4747.9138437652655,2060.3956064677855
04093000,128.0,52033.85238455554,40687.74325888519
04094000,11.0,55798.32739695361,50211.06765228637
04094400,1.0,8962.116296169337,8544.887827413333
04095090,1.0,585815.5698315569,552662.356645
04095300,6.0,43023.31792603139,38048.75848580531
04095380,3.0,103032.73006717827,90831.88297893578
04099510,123.0,51845.699128932494,42225.911449292376
04099750,27.0,145908.69055031505,121839.17601778576
04100222,106.0,203120.00291476672,164131.49833520572
04100500,3.0,104648.88489758983,94714.53009943925
04101000,0.0,,
04101225,0.0,,
04101370,14.0,8680.354508802668,6246.475554185021
04177720,100.0,13588.251980376186,10521.610875962246
04179520,7.0,12958.638648877124,11222.878917842427
04180000,2.0,56755.145381732036,54880.36090158729
04180500,1.0,102836.02659354976,101862.6343380645
04180610,0.0,,
04181100,3.0,5738.743908648678,3197.394808491338
04181120,9.0,58932.440823537494,53365.19789013539
04181500,84.0,68831.069693404,61197.82547647087
04182000,83.0,61646.33875537156,55372.33343438925
04182769,15.0,111560.7807840496,97261.1293802328
04182808,0.0,,
04182900,4.0,121976.94672138656,102285.75916166442
04182950,3.0,163654.27398155167,151297.70047316237
04183000,8.0,247050.0270536789,218942.84865884666
04183032,4.0,704.6267744705283,328.55664869344974
04183038,15.0,2239.357948004288,1574.604619088865
05515500,6.0,276282.5971438002,250446.4063351542
05516500,1.0,54382.55511566713,53566.957925333314
05516665,8.0,123722.09825960493,112263.68960669768
05517000,0.0,,
05517500,1.0,817388.788329654,788938.0153684209
05517530,0.0,,
05518000,67.0,729921.5956164601,624181.7206927461
05520980,6.0,1523.3109249790352,825.1283361165829
05522500,104.0,66086.43663928528,49884.829263689935
05523865,13.0,3674.446439316854,2715.920571642618
05524500,70.0,85218.15570883412,70454.56658205557
05536179,43.0,11319.770876561168,9290.272600124636
05536190,15.0,11726.971323762376,10582.738279734598
05536195,2.0,15957.80190669974,15643.880137170732
05387440,30.0,104071.30308003373,85421.75507443375
05387500,72.0,114718.27347663196,97662.52036855606
05388250,38.0,160533.19445767486,137727.34194988746
05389000,81.0,75812.34351812086,58310.33191600601
05389400,7.0,7214.116331023597,6456.862972823529
05389500,0.0,,
05411500,0.0,,
05411600,29.0,53411.87939168152,31011.3059722659
05411850,6.0,82600.20489129903,71259.80711307042
05412020,1.0,471538.1543390211,470733.7755657143
05412400,29.0,103984.08954063087,84431.97067910984
05412500,54.0,182668.5216465235,153118.70706660632
05416900,26.0,99990.24857730042,90747.94491665738
05418400,0.0,,
05418500,16.0,167820.42908631658,140472.84454212003
05420460,0.0,,
05420500,0.0,,
05420680,41.0,96477.46459413749,81083.67678605705
05421000,98.0,164606.57176727706,134479.54511476625
05421740,17.0,318535.0502719373,262466.24592384545
05422000,28.0,255890.7062780727,217289.86791935223
05422470,2.0,1878.5726788972597,1243.6274547636365
05449500,4.0,20720.719418551016,12096.538823314286
05451080,2.0,3740.364087954666,3442.8261031253332
05451210,64.0,144868.36784705822,104222.91382060287
05451500,206.0,525364.4987031416,403882.8483960597
05451700,47.0,15973.142736219008,8609.147234742662
05451770,18.0,221625.90578702575,179461.42079377276
05451900,99.0,8910.516850823766,6430.370154358375
05452000,53.0,18939.30204250616,13614.222659106927
05452200,58.0,5047.111056025545,3563.9975887140813
05452500,29.0,258089.7419791959,208884.1686089446
05453000,70.0,18304.396268905235,13745.996221414433
05453100,86.0,473306.6510396737,376270.1895043034
05453520,45.0,830654.7746768763,681120.3563760335
05454000,65.0,2290.9004417475426,757.077553884376
05454090,14.0,5000.867993993805,4140.726858764147
05454220,20.0,3263.67981141688,2504.8755252369606
05454300,38.0,7224.308039294505,4297.567284028587
05454500,70.0,418830.22440691653,310885.0325434901
05455010,89.0,1538.016854198857,965.2016907782718
05455100,60.0,14938.774516584166,10132.221856606458
05455500,105.0,71311.45102023667,45404.458007920955
05455700,53.0,582348.0509650663,465187.7799783936
05457700,114.0,416368.43316503847,346657.65110975655
05458000,145.0,100212.58973408792,78643.3281818098
05458300,10.0,318355.8135350048,292390.4271753362
05458500,47.0,194303.7029967163,163909.5977375494
05458900,41.0,63567.306935948494,51598.17509587059
05459500,139.0,96800.76816919105,81499.33264302864
05462000,38.0,240652.0950662529,211253.00124259558
05463000,10.0,56312.32830453999,47186.01039295712
05463050,9.0,763046.012735938,678106.3896793798
05463500,0.0,,
05464000,21.0,664622.8712733861,523436.7477413487
05464220,1.0,59234.50148286947,57260.52649338776
05464315,1.0,363640.24245729926,313721.65734
05464420,3.0,1086418.4383794495,1030523.1378122107
05464475,8.0,4137.40229428686,3059.776309659504
05464500,79.0,786893.2051769716,662273.142205473
05464695,4.0,3777.27383078935,3352.358731257436
05464730,2.0,870863.9264451409,753505.0952470588
05464780,4.0,799063.1817875666,734922.9670162962
0546494170,26.0,2932.7154595034626,1987.3566325470333
05465000,52.0,1159494.536126229,953774.1530752687
05465100,0.0,,
05465500,80.0,2804782.7812212165,2144692.40479235
05465700,4.0,4331539.836984276,4035094.0783889657
05470000,219.0,137484.97134432086,95548.10268697895
05470500,64.0,14195.158399363992,9295.111381358782
05471000,77.0,65307.49505323773,41615.39053807552
05471050,32.0,62872.29638635136,55037.344351882355
05471200,84.0,89096.64693043234,55192.42099971994
05471500,70.0,123226.25362228758,100976.73597976839
05472500,23.0,28346.479110216205,18758.061499683812
05473400,18.0,25869.374784526033,16582.83054837908
05473450,43.0,4657.1983702907755,2912.418842496514
05474000,148.0,635590.7296636774,450480.1338451919
05474500,0.0,,
05476500,67.0,75472.6993185155,54019.466161013086
05476590,7.0,64695.88335454352,56420.72662051051
05476750,64.0,204413.7553830539,176301.886487525
05478265,10.0,26701.783119019565,20438.51256135885
05479000,77.0,78432.7408838036,67477.50029939051
05480500,55.0,219491.4964716924,180419.95984210118
05480820,18.0,60099.49770748447,45346.2954570838
05481000,101.0,52963.509224025605,43784.76585550272
05481300,90.0,923140.8612256001,684634.6754131751
05481650,59.0,493122.6160122236,397938.0252363695
05481950,37.0,10776.559140611549,6391.241944292895
05482000,102.0,539686.4569088777,440189.4454356821
05482300,90.0,84797.18908447059,63799.745897984416
05482500,118.0,202947.89445225016,159460.06615707194
05483450,2.0,60047.58413388441,58629.44276583784
05483600,4.0,71407.73132276029,69895.80183595403
05484000,10.0,82412.65635931157,65980.3801922689
05484500,78.0,244899.93578891916,206937.85942065512
05484650,18.0,331861.4305590473,280832.1928005628
05484800,13.0,7870.869741277878,5975.796148859562
05484900,10.0,213268.8548396195,173737.17871554213
05485500,85.0,769845.2498480988,661310.7107320625
05485605,7.0,7055.513219082938,4695.366106972701
05485640,19.0,10785.500571367043,7378.029532184074
05486000,205.0,119844.69182703225,77105.00208124671
05486490,13.0,24825.017672166643,12838.206926622152
05487470,137.0,41297.925273371555,26463.978474398864
05487520,15.0,1840337.39171812,1380962.729061893
05487980,145.0,85039.03989925314,50087.8554860021
05488110,17.0,1194066.529587925,942420.4458622715
05488200,66.0,5731.785263552949,3789.282085392067
05488500,55.0,712201.9361817838,604231.6303530786
05489000,179.0,80351.87712053866,48254.99690617546
05489500,23.0,609621.186894186,535246.6053613696
05490500,32.0,859075.3075158804,747300.0214255191
06483290,3.0,57696.91692078481,50842.92905303529
06483500,27.0,26105.940779291417,21083.68975699668
06485500,102.0,249200.74382651315,190725.40356268495
06485950,7.0,671720.5535760169,537556.184617328
06599900,8.0,8116.054195094396,5985.214122583549
06600000,12.0,4870.394765675263,3495.040203133564
06600100,127.0,56951.060383641896,35061.4195712368
06600300,56.0,11508.747856093778,6748.547979472203
06600500,54.0,79058.85076354344,45510.83046851928
06601200,0.0,,
06602400,116.0,118626.15866942392,93671.50995470071
06605000,4.0,4027.1567501916666,3202.302473350508
06605850,92.0,448839.4660030755,349032.5443031824
06606600,38.0,79353.76533887633,56969.07636866802
06607200,116.0,107780.3882004194,86996.844668044
06607500,79.0,272167.03786932846,191453.25929355147
06608500,197.0,135351.53758977397,101048.32704405347
06609500,106.0,122405.95335765375,95317.52105240394
06807410,76.0,108965.22826045685,82473.22573611197
06808500,78.0,202598.75520244424,164653.45261664185
06809210,9.0,55151.27514725649,46168.52833340541
06809500,44.0,99850.18530325888,62800.35381186726
06810000,50.0,310931.13034438255,239358.59784278573
06817000,124.0,78531.19512242464,63068.18749450957
06818750,47.0,20661.12189469567,14983.793100424158
06819185,61.0,4575.912951607803,2845.471742280991
06897950,41.0,3515.0285895669267,1890.1698742985448
06898000,149.0,52444.59688383223,37880.460046571236
06903400,74.0,5145.387676873422,2988.5508622191487
06903700,61.0,5781.128435904188,3585.6776252843497
06903900,97.0,86284.42296671458,53764.29002876806
06904010,27.0,75041.65029404266,65935.30843755168
06814000,59.0,7623.413539457158,5050.882998817987
06827000,39.0,6106.216483002502,4797.414588422004
06845110,64.0,5263.045725681497,3660.2533782856085
06846500,127.0,2368.47130420951,995.0896907143872
06847900,71.0,3114.297591153573,1404.0621837939202
06848500,81.0,4333.662903191083,2190.830981592009
06853500,5.0,53693.61321141633,41769.426935513045
06853800,96.0,4975.507406084063,3718.023320531637
06854500,9.0,72908.74288262542,61189.360217381654
06856000,22.0,88961.80721974387,60315.168889054745
06856600,202.0,519803.6492455956,401758.92114288703
06857100,80.0,230554.1401862013,164074.6448211391
06860000,139.0,1582.5991947577998,725.4907685560805
06860900,18.0,2356.7274095174503,1010.5884184648978
06861000,143.0,4381.678648836171,2118.145057469939
06862500,23.0,42667.692969011754,29358.39184551841
06862700,54.0,6336.304188357039,4107.893505081564
06862850,52.0,5245.243772023653,3554.6962013340067
06863000,36.0,10232.43302155494,7221.512294400666
06863420,30.0,4861.476550969675,2821.743125415883
06863500,113.0,4931.1491852574845,3393.8780056869564
06864000,66.0,35734.339318458304,19799.664448958658
06864500,253.0,104780.36749076904,69845.09374408846
06865500,163.0,111523.23138816704,80680.25646589899
06866000,84.0,87335.0187440576,67007.66822810985
06866500,7.0,47386.43317714267,43296.342300672
06866900,63.0,4073.1771856738737,1880.858667843261
06867000,83.0,79058.07580352396,30987.059225888417
06867500,54.0,564.3784424627987,278.92297735361484
06868200,61.0,21589.340658042962,11031.598643539099
06868850,24.0,69129.39337517595,45031.74516804542
06869500,238.0,124935.68324984967,82286.05627182344
06869950,40.0,4263.095683639777,2814.5077191381943
06870200,13.0,58457.6210581482,50620.02097553398
06870300,23.0,1695.9263440498496,705.4197048974094
06871000,67.0,7040.16418442501,4179.0767281319895
06871500,116.0,7495.972718804491,5619.118633703675
06872500,164.0,53635.972937126666,31994.28167263157
06873000,103.0,15900.418314638595,7740.55455625946
06873460,75.0,11735.394176856993,6402.357729800873
06874000,96.0,45763.45623985336,22020.78483261827
06875900,119.0,128171.48815829499,87416.25492958195
06876000,72.0,67239.4464971089,52638.59133215357
06876070,29.0,59861.59358655366,45968.83737409767
06876440,32.0,153853.8744236267,87652.69228937056
06876700,106.0,11536.288538771587,8146.624791284
06876900,59.0,71861.14150520439,56270.32177543271
06877600,64.0,281226.411724433,232794.80736522723
06878000,20.0,22571.737336157752,13679.131269647174
06878600,6.0,11710.924144471415,8989.934949787825
06879100,40.0,530855.9283214197,460246.73591894534
06879650,66.0,2170.625420602265,1397.7215312287112
06879810,26.0,6188.864656059914,4314.791653056083
06882510,85.0,465284.94561232504,366794.52255645173
06884025,73.0,153768.33849296343,132965.38217592397
06884200,50.0,10612.960358355213,8157.6620214330815
06884400,2.0,59896.134098210256,50236.35233665041
06885500,144.0,41784.90413435218,31112.791056535465
06887000,59.0,705310.4938428586,586946.001731783
06887500,109.0,1114350.6014695754,947191.0507518756
06888000,48.0,8039.244170222155,4975.9630829097105
06888300,7.0,9301.377357274712,7050.555734279904
06888350,27.0,1420065.6665553069,1285451.559222257
06888500,121.0,39398.57071776104,30816.59751355705
06888990,6.0,1324006.5886707557,1240984.1795754998
06889000,43.0,1197365.8257106615,1037345.4529949679
06889110,14.0,1720.447951442226,1164.8940041515439
06889160,72.0,3439.873947125699,2643.678879536072
06889200,61.0,7371.215657746267,5156.938530958114
06889500,181.0,35093.49467747302,24262.713202135896
06889630,4.0,2836.7438532234037,2346.406967152137
06890100,133.0,97035.86288243595,66409.14424286108
06890900,50.0,198945.2158931862,110533.56739718207
06891000,10.0,1023763.4496879823,828362.75027183
06891080,1.0,1322939.1881641075,1271669.2971733334
06891260,33.0,4397.594050730411,2655.293462883671
06891500,226.0,74906.11835777092,45244.35865106317
06891850,7.0,9299.574420619694,6657.280428385714
06892000,231.0,98735.63852556306,62664.038343038694
06892350,5.0,830681.0194555925,679319.1389169231
06892360,24.0,4583.707457870354,3353.8069090536437
06892495,2.0,6926.765662655881,6307.903024414814
06892513,2.0,7305.462580412124,6759.365169424389
06892518,0.0,,
06893080,76.0,3592.3626011757046,2236.967535862561
06893100,11.0,3887.579654047108,2608.1778405219616
06893300,71.0,17947.674725254805,12913.582026402093
06893350,12.0,937.9570751564825,604.7897333085858
06893390,0.0,,
06910800,68.0,5240.198838843022,3043.623983664618
06911000,89.0,35280.22612240738,27584.926453411346
06911490,43.0,7836.220361793186,3695.858509167474
06911900,75.0,3129.4217567076803,1437.7992128349251
06912500,169.0,34911.39423941506,29020.353729529295
06913000,103.0,65956.28920407807,53390.23801227204
06913500,28.0,16897.645813998777,8980.406743764706
06914000,110.0,17104.15892705626,9347.316640253244
06914500,23.0,64043.21384929044,33691.734261849415
06914950,25.0,883.854069876126,567.6529735366603
06914990,65.0,2207.8668107324597,1679.9394070953715
06915000,88.0,18488.446055247536,13474.253030553427
06915800,70.0,279395.55352728505,207287.42692224326
06916600,63.0,159042.18425767514,123725.95849643163
06917000,167.0,70898.70827993155,38956.27556853181
06917240,28.0,2756.316896711938,1412.0936478277647
06917500,119.0,37221.059475485104,20591.914457173018
07137500,0.0,,
07138000,31.0,315554.01747381367,187374.00182069576
07138020,70.0,106366.5970770541,81536.49503588675
07138070,33.0,79306.98009221937,28471.365685185057
07139000,143.0,56753.33540815756,18009.99326158054
07139500,121.0,131541.9206220107,70774.00093080224
07140850,76.0,2453.4985574677717,940.0680064647612
07140880,39.0,2058.5403142026084,1619.3106868605516
07140890,34.0,3288.4490904778268,2516.089620370744
07140900,18.0,1180.4060668146515,853.3999062864331
07141000,26.0,1166.6439258429953,530.4839246608186
07141200,147.0,7264.329003571055,5592.2053136844925
07141220,31.0,15080.485292886342,5893.525574753788
07141300,154.0,153953.06277459516,100237.35232187444
07141780,57.0,6387.283649737503,3338.328037235801
07141900,89.0,14716.659386314343,9133.939106159107
07142019,30.0,1952.9244069603276,1016.479272165409
07142300,60.0,5689.020861758264,3975.990332683346
07142575,68.0,15530.299643666667,10285.793116311916
07142680,24.0,71540.92192656177,54498.04064237981
07143300,70.0,8318.10893253684,6226.920433305946
07143310,13.0,1282.6399273983404,848.612757139665
07143330,14.0,60997.8673874454,47101.50351815637
07143375,15.0,74567.07753012184,63910.04800201116
07143665,115.0,27842.384797142942,20272.73782558133
07143672,62.0,32573.93295435359,25249.859288776126
07144050,21.0,10344.631723992577,7233.624634334356
07144100,63.0,61564.331426009245,47670.6672699123
07144200,225.0,87784.3770832614,67780.15839000982
07144300,195.0,504439.5526462092,382252.8574871975
07144325,3.0,2641.0003294592366,1856.2587160192
07144480,3.0,1966.9134380467622,1673.1540233663366
07144486,36.0,201.99377802048681,78.39069140482411
07144490,23.0,35609.66441535263,12219.992207295489
07144550,11.0,186014.42577117006,158464.38486561927
07144570,0.0,,
07144780,19.0,23631.73699387788,16440.177817468044
07144910,16.0,6324.593262582422,5003.529833125755
07145200,132.0,163815.832855862,137302.76248015664
07145500,30.0,65313.92657637997,52980.62208588799
07145600,2.0,107047.81131294162,86820.74860641976
07145700,94.0,9725.21662736044,7112.1378520401195
07146500,23.0,374566.9367833699,286709.8741104817
07146800,16.0,4607.841822405896,3538.1138368894885
07147070,72.0,21630.444163230193,16649.31437429524
07147800,169.0,173987.96595916932,130541.15595002829
07149000,33.0,96167.44942119234,40702.165711264366
07151500,7.0,26851.544339182423,17151.97547860117
07155590,64.0,579.5828613493865,187.2850640720084
07156900,2.0,17180.010914153972,16066.254181587297
07157500,95.0,22832.682118558754,10899.058486230111
07157740,16.0,6841.098664687211,3887.776211628785
07157940,37.0,39681.01701477737,23002.299696572114
07165750,25.0,17764.86657565355,11466.573037100776
07166500,82.0,37697.1344030571,26458.13635943933
07167500,106.0,5313.923819190944,3160.318091698365
07169500,60.0,19598.222489832122,16038.944037652867
07169800,113.0,27778.796608142802,17274.396044618712
07170000,55.0,40232.794529978586,19872.127706323954
07170060,58.0,37069.90748949698,21945.38697992197
07170500,124.0,118523.492546896,86665.50726607314
07170700,112.0,3670.786030434587,864.0149577326912
07170990,27.0,166582.02119294734,126203.41786776566
07172000,56.0,18300.280156865174,6660.941956589345
07179300,10.0,1461.3873482809433,1039.4579328129555
07179500,140.0,18243.764996253874,13039.464247442027
07179700,23.0,6246.31041794201,3483.6847192966115
07179710,2.0,68668.7072532838,49720.19141979562
07179730,0.0,,
07179750,1.0,7877.629715075689,7276.654586116128
07179785,20.0,3726.818942275626,2350.6347209455116
07179795,101.0,10460.844633043565,7426.205914686376
07180200,36.0,104207.85221431749,60060.43221568658
07180400,1.0,52456.373699974814,52352.14150399999
07180500,80.0,6853.19379068589,4672.168806914849
07182000,11.0,142495.04550746878,112617.96670757543
07182200,24.0,33391.60517962958,25162.926024156313
07182250,83.0,181298.37128405354,138248.3386011917
07182260,18.0,195008.66286703825,163289.10741000526
07182390,3.0,87039.92294398334,76951.18336625565
07182510,69.0,232042.0425435587,148484.26350250226
07183000,111.0,182179.56282600644,131429.34579045436
07183500,88.0,183456.6720601282,123869.56082294942
07184000,147.0,13888.830939753396,7477.132585552428
07184500,37.0,15976.277040147252,11475.395307977371
07187600,17.0,402441.3047100375,329141.7582478259
03207965,64.0,3171.6077961972856,2434.796189424992
03208000,9.0,8094.828100667733,5777.559984367246
03209500,19.0,161057.5572928297,107733.93348494484
03209800,6.0,287232.8598263087,222077.85770573915
03210000,26.0,3219.642345064609,2102.2865984016767
03211500,64.0,29973.678835376468,18891.103953167414
03212500,20.0,108640.71152640844,85743.51506882744
03215000,22.0,531481.137766694,386417.04977306287
03215410,18.0,20802.637829838903,14791.525906610717
03216000,0.0,,
03216350,42.0,68164.77772978459,46298.23057220428
03216500,64.0,80287.05467476473,60061.77218961794
03216600,0.0,,
03217000,40.0,6679.130592537577,5201.192208455384
03238000,1.0,15915507.185897086,15843997.16352
03238140,6.0,1624.0380638989227,1002.8846539745321
03238745,21.0,5883.139059718108,4565.701193310584
03238772,39.0,1785.2079626595387,830.3768904867616
03238785,12.0,1865.175696041185,1005.5210383158274
03248300,11.0,25833.885221470962,12145.688104333209
03249500,30.0,185405.75931114322,111783.79691247092
03249505,5.0,237830.85975309266,202162.11853725984
03250100,39.0,11641.201823202535,5738.497034607231
03250190,22.0,26931.726646848998,15589.338150064823
03250322,43.0,1502.090912487773,784.4932574420073
03250500,34.0,136630.49342127008,109394.15837503114
03251200,24.0,3351.7238653358086,2102.913129480747
03251500,109.0,576669.6269705411,411527.02946974605
03252300,36.0,29789.85073115204,16390.1030868612
03252500,24.0,9160.896995147696,6891.3529494373215
03253000,9.0,31984.452881813297,19732.45946080162
03253500,60.0,329507.64800879563,249274.00654705308
03254520,7.0,449414.24903302145,372843.8662112285
03254550,19.0,5387.110053700834,2563.1824907101445
03254693,17.0,1611.1587462937134,932.982250543349
03260015,10.0,2224.972432141682,1352.059863512963
03260050,1.0,623.4286116300859,577.2642081128204
03260100,20.0,2412.7466268111593,1671.8484377229713
03262001,16.0,3562.539465675159,1673.6714157001352
03277075,2.0,1863.8675416943113,1321.9160537725488
03277130,9.0,2868.0518121950854,1557.1236871797755
03277200,0.0,,
03277300,1.0,4098.412470119736,3722.1292567999994
03277500,20.0,56108.896834423416,46786.53325833455
03280000,27.0,108456.47104083678,76596.31031189856
03280700,17.0,5847.4913549714265,4364.292504527479
03280902,1.0,175243.3163608358,122381.1589605
03281000,74.0,121948.46464289888,97441.8088266974
03281100,8.0,5554.293443071933,4715.787248048415
03281500,27.0,18037.163668121455,12189.620446586083
03282000,95.0,613823.7787962547,483328.80905333493
03282040,43.0,20269.67116976543,11347.506769968348
03282060,6.0,425773.09967203863,345259.137193863
03282120,5.0,801445.878029984,727374.0026266667
03282290,1.0,1952906.6999278455,1891458.9084319999
03282500,44.0,3690.7955825569943,2430.6276344303897
03283500,73.0,48141.89609864397,38173.73937488456
03284000,84.0,741421.3626860789,618958.2287428221
03284230,1.0,79519.89580817345,71034.31304533334
03284500,27.0,626127.2056225587,537334.0661408701
03284525,52.0,1571.3289003113287,856.1589364784426
03284533,12.0,2673.163269938372,1779.6471716659648
03284552,2.0,3316.2270745334713,2556.3531429850746
03285000,69.0,19565.76186572594,11553.045779184211
03286200,4.0,134161.90368895026,115589.4871945
03286500,0.0,,
03287000,7.0,433597.78441715654,407038.7451468338
03287250,2.0,346394.80000342074,325487.2766158904
03287500,7.0,630742.6330009734,582632.0157466666
03287590,25.0,1588.2210680778746,824.0866804019398
03287600,12.0,3263.601766790332,1781.4955811753305
03288100,4.0,7903.910219011077,6749.4310890698225
03288180,11.0,1474.102134791783,829.1668312182538
03288190,25.0,2054.4388627702906,1357.4998767305199
03289000,70.0,7758.047603274637,5178.894918504421
03289193,7.0,3494.825802715775,2482.8254955152315
03289200,17.0,54207.81766062284,46037.979402464225
03289300,23.0,73989.5018975237,63086.38176435305
03289500,35.0,78066.00726247263,63801.49961736518
03290500,14.0,754952.3984246907,700085.2353345569
03291000,52.0,1894.2231559107672,832.8508433394239
03291500,61.0,8762.424860338177,5130.098104146625
03292470,38.0,21966.622096002644,13950.286403980988
03292474,32.0,3197.250486623337,1848.1766278272953
03292475,3.0,772.6581982241421,621.0431034693071
03292480,16.0,3900.635127003848,2684.7345676553673
03292494,0.0,,
03292500,45.0,3798.5180720147882,2557.1123902800778
03292550,3.0,4412.019341026557,4069.4480167593224
03293000,44.0,4635.972560374106,3460.966733239047
03293510,3.0,38923.76671745069,35533.55961640348
03294500,1.0,12481791.92131705,12053230.681999998
03294550,29.0,2683.133353789263,1398.1327168892883
03294570,24.0,4417.884352988168,2288.020870612863
03295400,4.0,10997.258985469594,7500.929165768777
03295890,53.0,27698.125675569285,16455.387685387348
03297800,30.0,1926.8533629830742,857.7546682547537
03297900,45.0,18445.344906516155,11154.226506032734
03298000,131.0,56053.29640016768,27208.6557723801
03298135,12.0,2689.5240592597784,1770.2118671380854
03298150,9.0,6652.175169803662,5411.763558520581
03298200,25.0,56735.132017388205,41681.929010027125
03298250,9.0,7497.669817035577,6164.510133985439
03298300,32.0,2098.730412412271,1389.777257067727
03298500,77.0,101034.29666549244,69799.68220323756
03298550,53.0,1889.2183575985828,1170.2998415386314
03300400,33.0,18128.73780669539,8763.718912933507
03301000,75.0,52356.79952830052,31207.175302292002
03301500,64.0,104003.27247339475,59492.05965129953
03301900,30.0,2628.8289434217613,2016.511241774983
03301940,17.0,3381.318109144838,2472.3144479874213
03302000,14.0,6695.1046711561885,5407.671640872993
03302030,15.0,31687.494348848748,22392.414024076257
03302050,52.0,1797.0505190644735,853.7064164307267
03305000,52.0,2681.843461193961,1362.4486928113242
03306000,35.0,820583.5445364742,478251.7588299662
03307000,4.0,5523.359608944858,4191.805094492485
03308500,144.0,727865.913889826,572632.6014469828
03309000,33.0,717032.1146486836,588657.7534438748
03310000,39.0,4450.064412746424,2997.1892928256198
03310300,14.0,80573.34103773901,76697.91003288455
03310400,7.0,12612.044599519762,12126.3636872832
03311000,100.0,401029.68511809857,293852.09783760284
03313000,19.0,223329.38757871682,152890.11222330166
03313700,82.0,41938.356580544125,28016.826559919584
03314000,57.0,91117.24838766869,75341.60284940382
03314500,117.0,787740.3847599904,590572.6466608092
03315500,61.0,3007034.2962967167,2427186.5945327184
03316000,51.0,16410.21438718951,9976.270094432957
03316500,51.0,2051044.8679757142,1698113.8525624112
03318800,85.0,48667.79411907953,20328.636092856992
03319000,33.0,120768.16821416904,97053.64736524005
03320000,16.0,1682518.801900819,1477762.7771001128
03320500,61.0,4329.761223072321,2526.1482404285334
03321350,18.0,4043.8460734185333,2251.648645098314
03321500,0.0,,
03322420,0.0,,
03381700,0.0,,
03383000,152.0,41302.916295486095,23249.851612661623
03384100,21.0,137177.60336527732,65238.228187409455
03400500,157.0,125438.15920079366,93391.85518340828
03400800,66.0,39888.658980068656,28535.316488882945
03400986,0.0,,
03401000,58.0,109616.19505790218,91146.53577745352
03402900,3.0,220729.75483213406,192814.3278480808
03403500,76.0,331129.9086491203,257939.85884991518
03403910,15.0,47249.08592633941,39235.34539069721
03404000,30.0,178180.2736204443,145987.4482698798
03404500,142.0,696416.9361288273,516676.8905628474
03404820,5.0,1912.933726674361,772.0072141100286
03404900,9.0,4703.879808713257,3522.660371627545
03406500,133.0,193870.92817604428,130443.71495533401
03407500,24.0,3566.8421489263687,2060.099314708276
03410500,40.0,128961.73983258705,108999.04442438133
03413200,31.0,5139.029373616056,4539.457523468381
03414000,4.0,1545162.5716134643,1221395.2929461333
03437480,17.0,2639.8032380892682,1259.7882445142275
03437495,10.0,2769.5255640913724,1798.3268388934046
03437500,26.0,4460.941384169453,3195.9783844977237
03438000,90.0,55701.20923831249,47408.943574685705
03438220,0.0,,
03610200,21.0,11321.93069301353,8819.986025840162
03611260,35.0,1022.7297287045715,810.0055946279391
07023000,15.0,16050.136712684589,13305.200508318378
07023700,0.0,,
07024000,17.0,21257.478940540583,18050.327495844875
02489500,125.0,2087418.5054254495,1744701.9968267702
02491500,1.0,421077.8708281644,407531.200264
02491800,0.0,,
02492000,42.0,418599.021803518,360157.49448865955
07344400,0.0,,
07344450,48.0,1419.8683193530185,462.3005845545487
07348000,86.0,562466.8048082406,311786.0320319497
07348500,2.0,10865088.955844715,10663959.341933332
07348700,72.0,27782.862085643388,16596.058596139646
07349000,66.0,72074.09217004686,40478.57393463333
07349450,12.0,71516.15557702398,40405.98969208845
07349500,19.0,25192.279307711688,8757.50924342
07349860,61.0,133924.9838394866,83734.31917932318
07350020,2.0,203141.2177212866,170494.18317803918
07350500,4.0,6132354.575695504,5745358.512021191
07351000,62.0,3268.3448670280545,1755.4596052314303
07351500,85.0,2317.7930658465825,861.2520100547587
07351750,86.0,310944.59906792344,249360.48636845255
07351900,24.0,953.0867485609197,466.07066517022474
07352000,183.0,110256.34072055515,72937.92157033173
07353000,30.0,259919.7268888974,116999.94141334287
07354100,29.0,64431.49607680151,39161.500475844216
07355500,21.0,6922410.565733313,6233767.028895617
07364200,62.0,204685.42713525362,148167.78703750778
07364300,31.0,7135.051083147239,2855.5674582179486
07364500,24.0,277600.8456179094,226949.35179790467
07365000,53.0,40788.53105108188,17927.734020548345
07365500,35.0,24136.66816174453,7958.467196495182
07366200,113.0,52965.787765486275,31210.94434671258
07367005,0.0,,
07367690,8.0,19271.39875350046,11560.07561859278
07368000,154.0,114585.14695084111,80276.171356328
07369000,62.0,102654.17240687064,64530.93360222242
07369500,147.0,67162.20732078195,52498.01790389586
07369700,2.0,53755.41177994304,48937.92600400001
07370000,8.0,97899.1254471436,88368.35788534125
07370500,62.0,47540.64362593337,21667.845718449167
07370600,8.0,2088.4617080939834,941.9352881836411
07371500,53.0,39475.612921695974,32574.83414704022
07372050,42.0,224713.18012394357,141167.50387529112
07372200,76.0,115498.77883690927,86735.21327292973
07373000,4.0,11108.61995757779,9125.78152460146
07373250,0.0,,
07374000,0.0,,
07374525,0.0,,
07375000,231.0,88326.18773184012,63865.13484353571
07375050,0.0,,
07375230,0.0,,
07375300,2.0,117497.62959065566,99730.953044
07375450,7.0,279254.8868565863,203912.42844225198
07375480,0.0,,
07375500,0.0,,
07375800,94.0,26328.014575062785,18207.718414481664
07375960,29.0,39377.439717281224,30859.57745577744
07376000,79.0,76429.18013179253,65093.071642834526
07376300,0.0,,
07376500,39.0,12043.797331259637,9044.26027017869
07377000,153.0,277655.5190525261,219716.01286045933
07377300,7.0,1223319.7825855867,1202743.0325525582
07377500,110.0,51984.12435223614,42177.32878949623
07378000,47.0,62283.88450016123,52153.98123681856
07378500,5.0,214644.3144144905,176483.92839044027
07379000,9.0,2476.321277065718,1745.6024978171745
07379960,2.0,3677.1353277432922,2843.5710478514284
07380120,0.0,,
07380215,0.0,,
07381490,0.0,,
07382000,28.0,105667.80074501697,88622.84879921601
07382500,19.0,214786.7907565963,192364.58342699392
07383500,16.0,28658.632376058275,23434.15166468261
07385500,8.0,459354.64035207423,431580.81222360855
08010000,89.0,41190.28139817922,22482.54041488905
08011000,2.0,80876.61332961297,73151.1358965714
08012000,101.0,70387.63070046868,47913.775331179386
08012150,0.0,,
08012400,0.0,,
08012470,0.0,,
08013000,122.0,68213.46288510029,52480.90841510699
08013500,105.0,101492.40795371615,86254.71365770721
08014500,73.0,118422.26445746445,102289.7531176696
08014800,9.0,16459.2206285598,14500.352099224365
08015500,21.0,373614.92592793016,340328.9429829008
08016600,15.0,2070.8499662577287,1040.3430259162192
08016800,42.0,18098.476363634934,7763.770997276743
08023000,27.0,2880.5876753769635,1427.0165787482167
08023080,66.0,2406.1979694675974,1110.066538728246
08023400,55.0,2657.388756554016,1072.9686388710743
08025500,60.0,12588.29336332002,9800.84458437137
08028000,14.0,17262.754998203156,14221.971615267972
01010000,57.0,443684.1118889399,354751.2371168057
01010070,54.0,81098.47639284095,67913.29425439694
01010500,66.0,774150.439509315,618561.0762934631
01011000,39.0,466338.7839951355,406092.1267724109
01013500,58.0,335760.0198590293,264765.38892151293
01014000,143.0,2892813.6286088196,2059240.8026696607
01015800,34.0,474847.63760554546,423193.62920593144
01017000,160.0,1191550.3886676289,996145.6272531878
01017060,26.0,3895.593166141055,3148.981339218694
01017290,14.0,163099.48935086952,143209.81780956098
01017550,53.0,3255.593118671036,2683.508303724082
01017960,40.0,83403.46587905457,60683.61456189182
01018009,27.0,4248.058169026681,3151.7293503805577
01018035,11.0,36851.37579782503,30560.137320660426
01018500,168.0,460603.8434881224,368784.3807976915
01019000,25.0,276919.1152874209,252826.51227379902
01021000,12.0,1624916.8494759575,1544067.3414256154
01021470,0.0,,
01021480,12.0,5787.421854990362,5088.234250926666
01022500,20.0,54919.51681210349,47542.90998579021
01022840,31.0,1058.0917895560663,653.4190607380895
01027200,16.0,158834.1530718012,139981.66881069017
01027240,10.0,115204.18677352175,92277.29629211953
01029200,28.0,77186.05850314784,59428.32906919219
01029500,73.0,712400.3209430425,588584.0421241226
01030350,29.0,40114.89611199021,29980.237642540324
01030500,39.0,287343.97327218327,220247.30537111155
01031300,2.0,5619.6128622355745,5333.7459556050635
01031450,60.0,89051.43026310042,67333.37061488727
01031500,3.0,22749.993799100233,20450.670669606956
01031510,8.0,4170.66689795206,3670.846893319774
01033000,20.0,395385.6788944041,292727.55723300204
01034000,1.0,104269.06252704849,85782.10881
01034500,28.0,3727934.110118573,3195267.7989663715
01036390,0.0,,
01037000,28.0,116002.48223690441,71283.13830394126
01037380,42.0,9707.765450659223,5616.043809914546
01038000,1.0,8912.517442312792,8621.209225945946
01042500,24.0,1414786.0287736126,1233683.9864723114
01043500,60.0,426530.09211232286,314004.31311704137
01044550,21.0,158081.35872007598,138588.16353340494
01046000,154.0,123264.97332748631,91461.60484490482
01046500,2.0,2196533.248645899,2007257.3432742269
01047000,91.0,255903.06657686693,213723.56921259308
01047150,0.0,,
01047200,3.0,22713.764890669892,18877.320209352845
01048000,3.0,47624.15464308149,43792.71932575439
01048220,5.0,3530.625596452501,2465.875966314146
01049265,0.0,,
01049500,65.0,227999.23309272982,162328.8495500817
01054200,92.0,73894.24213631511,59705.421296511646
01054300,0.0,,
01054500,1.0,502879.1281785747,435030.98986666655
01055000,133.0,85736.13156189887,71290.21347873828
01055500,88.0,65236.865611943584,52887.27344740481
01057000,32.0,25940.468460331354,16219.944769155016
01059000,0.0,,
01060000,0.0,,
01063310,82.0,2431.421291739258,1822.2924387561445
01064140,0.0,,
01066000,87.0,1228500.933915798,1045965.8284366248
01067950,3.0,4633.683182120031,4243.795064000001
01068910,30.0,52525.96509672762,42904.36566223333
01069500,33.0,91662.65691036111,71931.63698656803
01069700,4.0,6437.938434435266,5640.072559549296
0148471320,45.0,2137.6919147251792,1528.0330748727274
01485000,34.0,10771.083728765829,8484.044289537189
01485500,38.0,5085.062328783262,4326.189987188799
01486000,121.0,2117.1007139145186,1572.9678413325623
01490000,36.0,5927.779953542022,5004.382363171078
01491000,13.0,22504.770041760563,17344.731122918005
01491500,53.0,47906.313531443586,39500.72407857524
01492500,36.0,2800.0476428891525,2009.5129813073172
01493000,13.0,7757.799635774761,6852.049179901194
01493112,26.0,5242.560404925372,4433.210926139535
01493500,49.0,3537.7060820442307,2561.986112556855
01495000,3.0,31963.653411932628,24032.425015384615
01578310,45.0,20580181.668191206,17593814.197626162
01578475,0.0,,
01580000,0.0,,
01580520,0.0,,
01580700,1.0,1193.7586553539986,1184.6786458222223
01581500,35.0,3099.17904426485,2422.487458285414
01581590,1.0,7915.412065007446,7610.80006109091
01581649,0.0,,
01581700,0.0,,
01581750,0.0,,
01581752,19.0,2043.6693578343038,1511.9980764384811
0158175320,24.0,885.4259083124501,672.849594547031
01581810,5.0,9912.205090160605,7771.243114384311
01581830,29.0,2952.719759075245,2338.006970182701
01581870,9.0,4957.532173009281,4117.168290464368
01581920,52.0,81779.61866128829,61063.03121831489
01581960,2.0,5619.088099740305,5218.481679563636
01582000,3.0,137888.4541555761,108769.88580096
01582500,0.0,,
01583100,0.0,,
01583500,5.0,23670.43846554875,19988.427530373625
01583570,71.0,390.4395039049661,292.1664331629283
01583580,104.0,2415.266817571816,1960.0429865935246
01583600,23.0,11239.18403213755,8882.574774954666
01583800,7.0,1312.4650568464924,929.660184384669
0158397967,26.0,1669.0058929553106,1075.0101643000971
01584050,42.0,4004.692687931627,3105.972019900522
01584500,0.0,,
01585075,21.0,1398.0283450114832,764.0937926497398
01585090,17.0,1663.1901292741427,1077.8140450117646
01585100,23.0,3427.0481616111233,2752.2785456074075
01585104,31.0,1878.438881097557,1236.0890526458875
01585200,52.0,2016.5959124112642,1271.248604335963
01585219,0.0,,
01585500,155.0,3072.359549821386,2366.4597204762304
01586000,2.0,16887.802634600634,15365.6647432258
01586210,16.0,6506.6491505584845,5760.249800216077
01586610,16.0,10353.896382780495,8695.113136980202
01589000,0.0,,
01589025,0.0,,
01589035,0.0,,
01589100,42.0,1910.4022545670998,1291.9094607010506
01589197,26.0,2088.136955899576,1641.7780741690874
01589230,4.0,3791.3182707642823,3392.491907574468
01589290,18.0,1938.4018487706314,1246.3439969317524
01589300,7.0,14211.44793859206,12444.187153177849
01589312,20.0,837.9691054349989,553.4068970759652
01589315,10.0,1975.0649877158232,1364.1324870377086
01589316,21.0,710.2688016786533,373.03850493634314
01589317,19.0,573.3489614836132,407.45970872525766
01589320,9.0,1613.5064473116674,961.1026683828713
01589330,28.0,2143.7636615769197,1409.9863188328611
01589352,0.0,,
01589440,55.0,16112.554861773406,12378.13523850939
01589500,74.0,3790.2360836277335,2656.937682039112
01589795,103.0,518.7848110261478,361.2382356395403
01591000,3.0,3028.944546970313,2269.0522224355554
01591400,10.0,6725.090642668027,4664.213667971282
01591610,85.0,80973.99136057615,63276.219815386714
01591700,8.0,5186.171659536455,3837.437636233918
01592500,94.0,29005.54050198326,17213.343025714814
01593370,20.0,942.2070992603741,610.9920632134615
01593450,16.0,1555.5155217154172,1022.6178975666171
01593500,1.0,3027.717451190417,2518.4963375483876
01594000,55.0,56121.44668480091,43754.71957852539
01594440,8.0,128823.49510246629,115014.15357708107
01594526,21.0,28726.468857221073,21349.813114993434
01595000,63.0,63712.120326901,51418.16297279999
01595500,28.0,79150.85210378232,67245.73951442461
01596500,32.0,5019.847393083107,4204.118181329098
01597500,181.0,97393.69652477113,69039.26591049026
01598500,47.0,260108.87686376224,217435.42020991014
01599000,25.0,10790.78097161914,9466.848922030427
01601500,147.0,77395.57650642369,61172.75896253509
01603000,9.0,200031.34673642434,157853.7675656555
01609000,55.0,24533.306315114132,19706.507822421754
01610000,49.0,705035.3682559814,620490.547762043
01610155,67.0,21218.6835456112,11835.631752465179
01613000,32.0,682048.7276000204,594428.7660531298
01613095,38.0,21502.176736585356,14431.647312263602
01613525,36.0,58255.40680674646,45215.48833300114
01614500,14.0,71106.68923685595,62947.34345700875
01617800,3.0,4821.917938859032,2919.8625396363645
01619000,6.0,28995.81196113324,26526.35743232653
01619500,71.0,98862.38377993529,84941.87777612326
01637500,18.0,6427.037989736204,5099.604232167726
01638500,124.0,2450945.6693582637,2142379.8878170727
01639000,159.0,74790.49875010486,48855.363600656456
01639500,92.0,41665.14059128573,32707.904718898422
01642190,45.0,307503.58187798806,238960.5527104027
01642198,15.0,2425.7739645106135,1877.13273542439
01642600,0.0,,
01643000,0.0,,
01643395,58.0,1326.0887023737112,976.528365607819
01643500,3.0,21903.50482797086,20818.210043833333
01643580,0.0,,
01644371,81.0,759.0430604292435,574.0346457348523
01644372,74.0,614.7256986447359,452.21521054840247
01644375,51.0,2006.1628108341697,1558.8252034525651
01644380,76.0,1063.7882787620197,852.6766462209308
01644388,28.0,1512.1051186881507,1033.5906275133252
01644390,34.0,1943.5043823194044,1473.2811887577463
01645000,5.0,23101.54016804795,18099.77449124753
01646500,10.0,1356624.655210585,1215240.3597497873
01646502,6.0,1384812.5401028146,1211980.3300705883
01647850,14.0,1449.104203301332,790.8946339640139
01649150,57.0,992.3325662706184,737.3811445423985
01649190,0.0,,
01649500,1.0,22644.66683447739,20504.632173647056
01650500,22.0,5337.188704073352,3913.428058447158
01650800,6.0,2690.9744844045144,2116.3639029100436
01651003,0.0,,
01653600,17.0,2259.335873296888,1350.530086624163
01653620,1.0,356.8387764918606,295.3780464711111
01658000,29.0,1772.0128403000783,655.5971713063354
01660920,51.0,24580.954419106845,13848.921426791307
01661050,44.0,4229.701374684963,2501.442698723288
01661500,38.0,6205.90212275637,4932.753921762234
03075500,76.0,61792.514236643794,48145.273367135655
03075590,3.0,73938.24884782023,56556.71061920711
03075825,18.0,1862.8632681817426,1394.0688810328124
03075850,25.0,1647.729898974965,1047.1141546356994
03075905,15.0,3584.1929666632914,2362.6959846582436
03076100,0.0,,
03076500,31.0,174149.71050777048,152215.93253890178
03076600,94.0,24952.88503817345,17249.059959615057
03078000,25.0,10317.738814325456,7944.451637147331
01094400,1.0,9667.110171284514,8543.32963082353
01094500,1.0,32411.367823849825,29762.794310588233
01095220,16.0,4099.913302791573,3328.154920614043
01095375,4.0,4899.584937821631,4148.950793726873
01095434,22.0,2908.0359527882065,2208.02788941426
01095503,22.0,93982.40409851677,56913.58975621584
01096000,92.0,32225.87143558288,26300.829592840983
01096500,2.0,126875.16633516496,121928.36670399997
01097000,0.0,,
01097300,64.0,4355.0489657151775,2946.084629854158
01097480,2.0,5786.092358896843,5360.869765266666
01098500,22.0,28435.49165616271,15744.75978625742
01098530,0.0,,
01099500,43.0,131448.64197617318,110243.52056720362
01100000,37.0,2725395.4001327646,2457840.307817734
01100600,2.0,3872.747228805454,2733.2512864
01100627,1.0,19242.268821329526,18790.397049422223
01101000,102.0,8001.172539414237,5216.2437204097005
01101500,55.0,3768.3436415425363,2738.8582580880357
01102000,152.0,139103.76057385528,103364.63693809806
01102345,34.0,10929.566779669472,7122.327580882393
01102500,66.0,10487.978796885795,6207.486631575892
01103025,7.0,6013.457279849742,5483.443520471661
01103280,15.0,15260.521004861672,12392.94917865094
01103455,17.0,3371.714790174466,2671.5019694203493
01103500,65.0,67803.7190470079,54943.58097348266
01104200,69.0,100455.08319244819,83051.05591200787
01104370,16.0,3688.804119276796,2814.8153728052175
01104405,11.0,1873.6323722104287,1122.340464060155
01104410,13.0,777.8973752416942,477.7924174305263
01104415,44.0,733.296856156665,390.6467377904187
01104420,35.0,1807.01148383302,1253.0191553813386
01104430,25.0,8370.036404171358,5107.103069143957
01104453,16.0,4088.651119534454,2796.9627625933012
01104455,68.0,1012.4191549795995,717.4263515687987
01104460,1.0,5946.368691524057,5152.732941837838
01104475,59.0,1870.4225238977017,1457.157911682834
01104480,44.0,2762.6294413750547,1410.0056638459437
01104500,38.0,79472.21107051283,62214.16719998363
01105000,4.0,4437.902748447046,3802.2954874069933
01105500,2.0,7994.33864021474,7306.33961384127
01105554,24.0,103249.28487753475,68771.05503041024
01105583,10.0,2203.3917863580778,1431.499902602817
01105585,17.0,2803.01220981337,2136.771448987595
01105600,67.0,2997.3543065095128,2008.142383913904
01105606,20.0,3733.3124342260985,2836.099122550328
01105608,37.0,6198.42508315045,4524.77570820406
01105638,10.0,2636.9720146491222,1847.2896187117917
01105730,6.0,5029.34814857771,4528.331691870199
01105870,21.0,13421.239301888483,11888.600056027719
01105876,2.0,17190.261046044754,16129.04503494737
01105880,69.0,11614.999351837696,7901.304441960576
0110588364,3.0,7877.704435933917,6555.508344329078
011058837,4.0,4516.013463686019,3628.23328307848
01105917,8.0,2563.249868951007,1837.9826081135436
01105933,9.0,3042.9373594752014,2425.766475885714
01108000,15.0,76113.4584499597,68954.1741514101
01108410,37.0,44407.35691952753,32218.56009630424
01109000,28.0,6590.9674513700475,5523.4747587921665
01109060,102.0,93628.39673200628,67503.14502270283
01109070,61.0,2893.91725997901,1687.9500863727947
01109730,8.0,103876.54196230287,89628.07420225085
01110000,19.0,3570.0148605794216,2862.0005576507724
01110500,2.0,120262.44505605873,110463.69466948573
01111212,0.0,,
01123360,13.0,78887.86758782546,36576.62219021334
01123600,75.0,103400.94117160099,75792.91224554997
01124350,4.0,4352.820555033447,3381.7060879773053
01124500,19.0,4429.825489945887,3603.908444863745
01125000,119.0,172033.35930676397,132847.9289846652
01161280,0.0,,
01162000,273.0,169363.8568630104,132194.4356245643
01162500,111.0,9921.373683048585,6897.566373539099
01163200,2.0,19734.128934752465,16781.904017789475
01166500,44.0,173202.78137254686,138095.64365829548
01168250,2.0,773.3619434493836,535.5280645364705
01168500,0.0,,
01169000,86.0,66130.39162390915,51266.13041576591
01169900,2.0,16644.75295786512,14346.243787966667
01170000,0.0,,
01170100,77.0,31019.259234832356,23633.314227470797
01170500,0.0,,
01171300,1.0,11505.734548645192,11451.076063999999
01171500,111.0,40753.57548237678,30850.8780388859
01172010,0.0,,
01172500,118.0,41495.35844571898,28489.432415529383
01173000,139.0,88604.63124214698,63252.508024883784
01173180,1.0,39775.209297983776,37958.15107363265
01173500,37.0,73670.95647640718,64006.2997209119
01174500,27.0,6637.146636107,3994.7324841645936
01174565,21.0,3418.4253088589453,2623.631843628598
01175500,137.0,79399.80293739837,61748.85690951156
01175670,15.0,942.2540291715587,737.733189779661
01176000,0.0,,
01177000,1.0,433158.801307244,430068.0226584616
01179500,42.0,70544.35847846794,54571.18213655176
01180500,151.0,35790.34652593673,25999.82273599253
01180800,26.0,2787.5776659909734,2112.680390759833
01181000,101.0,59060.177066544915,43028.43572111039
01183500,0.0,,
01185500,88.0,82554.66255091215,55652.794216268514
01197000,104.0,53693.666060062766,44143.20889282781
01197145,0.0,,
01197500,0.0,,
01198000,58.0,27316.444423860794,20285.080395254045
01198125,3.0,108389.50206021364,91433.16059797978
01331500,112.0,41804.044910908415,35073.654078778745
01332000,58.0,33159.98480470643,26573.630251272927
01332500,28.0,72455.74763281025,65733.67318295462
01333000,7.0,16359.861053826771,13400.74587843582
04001000,10.0,2771.514143154172,2559.2195554581563
04031000,0.0,,
04033000,143.0,60296.084821287724,44227.01562904195
04036000,193.0,215224.56735197475,172484.5979884969
04037500,29.0,63510.22156284558,42490.75513706873
04040000,5.0,512234.42562898784,489855.5648982178
04040500,173.0,83427.07416176911,68646.19165766863
04041500,9.0,203840.879524,180588.11676004733
04043016,1.0,17097.009652980483,17075.074559999997
04043050,21.0,20141.672354636474,17504.00998585263
04043097,0.0,,
04043150,7.0,16186.344505909747,12880.604981901299
04043238,34.0,2417.52833469832,1762.134134022515
04043244,0.0,,
04044003,0.0,,
04044724,88.0,86269.36698635014,63437.68925520139
04044755,1.0,11764.956834970037,11535.186335058823
04045500,0.0,,
04046000,22.0,5916.256557897856,4875.02400402313
04056500,10.0,821061.793531675,790969.0851375898
04057510,118.0,91314.55745735166,69853.2557297371
04057800,18.0,11099.715865956856,9407.273629790388
04057814,72.0,18011.255247446526,9764.72720275126
04058100,77.0,69282.36003454887,53541.47889766983
04058200,105.0,3549.312444651865,2875.1569851705167
04059000,172.0,416868.54775191075,345161.03302873095
04059500,93.0,100994.00492269805,80720.33963466855
04059750,12.0,85201.67090429507,64160.53405360272
04060500,112.0,26185.029011060724,19877.774348033894
04060993,10.0,62644.99951139378,46906.0218878883
04061500,0.0,,
04062000,0.0,,
04062400,10.0,163920.90978497165,135298.50702677906
04062500,95.0,495444.669071118,400693.49615209916
04063522,1.0,944070.8415686135,890439.7267922581
04065650,14.0,108344.17514535559,80911.75881929648
04065722,0.0,,
04066030,8.0,1652292.9383621006,1475901.1294165098
04066800,0.0,,
04096015,5.0,27079.736338701838,21704.967436912
04096405,108.0,139540.46869802417,113376.33627045984
04096515,10.0,7084.394664862637,5292.581293109465
04096590,0.0,,
04097170,13.0,46355.91893963685,39365.56436195275
04097500,0.0,,
040975299,0.0,,
04097540,126.0,94278.02168112645,75580.07558888021
0409754132,2.0,2497.8010519944937,1995.282856216216
04098980,0.0,,
04099000,5.0,895997.5178142211,769248.729031111
04101500,0.0,,
041015313,0.0,,
04101535,0.0,,
04101590,0.0,,
04101800,7.0,187307.96837286119,168208.8017476923
04102148,3.0,18733.094431180325,15224.63531142857
04102500,0.0,,
04102700,117.0,66886.27649642232,53499.318428351355
04102776,30.0,72405.29614303051,58335.21899262848
04103490,10.0,46516.486471393415,33518.35900436137
04103500,2.0,226862.22166750956,193963.82651199997
041035285,11.0,2548.377087589514,2112.341097749919
04104945,0.0,,
04105000,0.0,,
04105500,176.0,486771.83665117476,406786.7410942122
04105700,0.0,,
04106000,1.0,465237.03079352994,434517.61562
04106320,97.0,8209.829435384798,6374.133419224608
04106400,97.0,9945.130059975969,7759.436229561488
04106500,4.0,27005.220682878415,22008.06009459854
04107850,0.0,,
04108600,3.0,29237.06650351055,22486.226919063058
04108660,2.0,971349.1203857018,879159.7133719539
04108800,38.0,6526.578325233961,5756.0059089802935
04108862,11.0,5572.12697929253,4785.363295424516
04109000,26.0,61519.18356245771,52824.256575263265
04111000,0.0,,
04111379,64.0,58284.311254399276,46031.102715188645
04112000,134.0,1862.7258377497903,1218.6114832648766
04112500,4.0,38647.16867383852,34674.78511485714
04112850,2.0,18083.082332128968,17464.17148277228
04113000,0.0,,
04114000,2.0,191370.37166175316,167176.48279466663
04114498,133.0,104740.29363643787,85199.00770446924
04115000,10.0,58909.807504824275,54168.414312130546
04115265,5.0,31476.34535835686,30120.818206732678
04116000,0.0,,
04116500,0.0,,
04117004,11.0,5424.216099512042,3479.0923830934457
04117500,80.0,141901.10808113284,123779.7650389558
04118000,9.0,295274.65697684966,246052.26750516854
04118500,0.0,,
04119000,7.0,983025.739445357,835003.4428758306
04119055,0.0,,
04119070,0.0,,
04119160,0.0,,
04119400,0.0,,
04121300,134.0,144998.7837861613,112820.924981707
04121494,11.0,1778.5853878920059,1245.5855095925788
04121500,0.0,,
04121507,7.0,2639.462866942971,1939.9205083810584
04121650,0.0,,
04121944,2.0,182366.42934823775,169528.1585806451
04121970,0.0,,
04122001,0.0,,
04122025,7.0,1333401.4097071725,1174785.4343267637
04122100,20.0,6347.456842583602,5425.116644517402
04122200,0.0,,
04122500,154.0,288893.0265503954,223004.27657466152
04123500,0.0,,
04124000,0.0,,
04124200,0.0,,
04124500,54.0,22102.66319000343,18873.775808333306
04125460,1.0,23087.903155646633,18950.469704615385
04125550,0.0,,
04126740,47.0,71080.58532056583,56179.2837540553
04126970,7.0,40032.2672778936,33262.14906864197
04127200,3.0,45286.03503297609,36050.97994940172
041275685,0.0,,
041275689,3.0,3019.427311437767,2085.2928192780487
04127570,0.0,,
04127800,0.0,,
04127885,0.0,,
04127917,0.0,,
04127997,0.0,,
04128990,82.0,24786.36404120952,18176.63662471466
04133501,0.0,,
04135700,0.0,,
04135800,0.0,,
04136000,0.0,,
04136500,0.0,,
04136900,0.0,,
04137005,0.0,,
04137500,0.0,,
04137680,6.0,116084.86662501191,91224.49301923721
04137716,2.0,102667.33890589036,79451.9100165
04138030,0.0,,
04138536,7.0,59367.2902878038,47105.86038595475
04142000,13.0,157307.92283149634,145190.2475752631
04143220,2.0,8877.227679252177,7250.0507714000005
04144500,55.0,127151.03194854417,107224.1885389749
04145000,15.0,86004.54241928186,74131.52715775701
04145785,4.0,10705.556714610844,6938.707361252174
04146000,181.0,35066.72313591193,23414.24638690517
04146063,88.0,129289.07701055761,105429.70207075577
04147500,74.0,87050.76793982576,69593.65614102049
04148140,7.0,33145.15965587936,29814.997415412123
04148295,3.0,25650.444482544583,24719.836672129033
04148440,27.0,21134.002513301268,16033.299330589236
04148500,47.0,199451.78496043445,175438.6452265041
04149000,64.0,275696.96899314877,240491.8877713286
04150500,102.0,65231.7762714454,44043.6828998902
04150800,30.0,98438.01727318547,75651.14818794015
04151500,38.0,86162.15743938339,80483.1876500437
04152049,10.0,118978.22636133051,90975.94382309014
04152238,3.0,64457.78190416859,59506.27627370212
04152500,0.0,,
04153300,1.0,209263.38230044566,187886.85852
04153500,2.0,17810.47549229934,15894.402532244207
04153725,0.0,,
04153905,0.0,,
04154000,21.0,162759.66448374162,136059.65479044293
04154512,0.0,,
04154612,2.0,4787.579864424432,4422.557758216394
04155500,18.0,170162.30871905945,151639.58499781482
04156000,1.0,1391392.5569486276,1380863.83166359
04157005,0.0,,
04157060,1.0,5466540.369620431,5439823.327304347
04157550,0.0,,
04159005,2.0,3026.2110308832,2219.6876355137256
04159046,2.0,4457.610151314879,3459.609664236363
041590774,11.0,7194.177332852594,5266.173214517532
04159130,0.0,,
04159492,135.0,72156.96483227833,53874.85106462708
04159900,31.0,14560.803336155912,10671.180430863604
04160600,28.0,19976.510548924318,16581.758602797723
04161000,2.0,24983.17103735807,24526.63707885714
04161820,6.0,83640.53610628699,72353.56166989474
04162010,1.0,2776.697461800826,2568.53944195122
04163400,6.0,1439.4459186893398,1062.856395652459
04164000,0.0,,
04164100,27.0,4976.398464105284,4191.818987520267
04164151,0.0,,
04164300,144.0,1624.2598370122903,1044.8067857362014
04164500,53.0,19632.64557573508,15500.69685766533
04164800,12.0,4981.872496897856,4132.762702364222
04165500,4.0,98623.58712319372,86863.00309555556
04165710,0.0,,
04166000,28.0,5806.078673314763,4666.594510585993
04166100,5.0,20148.653282503616,17080.63186497462
04166300,1.0,739.6637360246152,622.9793752727273
04166500,16.0,30119.101742331542,25979.255932119828
04167000,7.0,31655.76212807138,28642.22519451505
04167625,1.0,43977.94657169725,37041.42167324444
04168400,17.0,73803.47966594179,65179.87067462262
04168580,13.0,2541.483840670271,1907.4680458580121
04168660,2.0,3944.3601946951458,2828.461411435789
04172000,1.0,156870.48318878716,150254.12329756096
04173500,19.0,33546.523401502265,25665.328337253733
04174040,0.0,,
04174500,1.0,72999.47529248653,68593.70683529411
04174518,9.0,4057.4375578447743,3535.1013744914285
04175600,94.0,72524.2013336529,59667.32644216488
04175748,6.0,1175.5627926348538,585.9528239324073
04176000,38.0,120706.24997062187,101658.17427522705
04176063,7.0,1866.4029593399637,964.8412274853333
04176356,3.0,4897.702250159105,4477.731137127619
04176400,1.0,25962.350692464744,25115.720979512193
04176500,71.0,207877.18893542883,172571.8075493759
04176617,9.0,344.1003102605883,177.18321231841583
04177080,1.0,5509.201151929273,4719.037969800001
041843678,7.0,3708.3774675534455,3001.995736224947
04010500,22.0,142752.85816325477,97443.53775562369
04010510,16.0,2976.6921513939174,2205.385832531187
04010530,2.0,14100.186317580545,10522.499381182608
04015330,51.0,14615.967470628151,11020.221536189092
04015438,17.0,33950.49461742929,23364.743403922534
04018000,24.0,52670.19374787941,40653.50899842752
04019300,39.0,3749.519564578662,2396.303529800753
04021520,15.0,17160.249028104176,12538.567112209525
04024000,3.0,1161987.9683529332,949948.0713818183
05030500,4.0,262688.98349582235,250504.03213463415
05046000,28.0,58086.8758595842,42509.063405650064
05049000,54.0,3835.963042690737,2128.924952011725
05051300,51.0,92137.28415016831,55054.23954338243
05061000,83.0,30239.051706008184,17891.841526912965
05061200,6.0,2210.5124080187525,1285.2020092173914
05061500,110.0,13485.899678638569,8223.534072358647
05062000,146.0,141609.07287882385,101580.38315539612
05062500,160.0,106521.46708936244,83544.27687131736
05063398,32.0,9276.920149317672,7429.181706225089
05064000,126.0,110343.2242365034,90129.97366547647
05067500,102.0,4951.789473668151,1964.3718520646523
05069000,84.0,17777.18882768239,13728.186348733401
05074500,39.0,108504.13200088205,70708.8624051716
05075000,70.0,225051.25698087367,161916.39866685748
05076000,238.0,92437.78814563563,48782.78106167092
05076500,1.0,32099.321121776586,30464.389358596498
05077500,7.0,77416.0954931987,52169.39740029198
05077700,45.0,5750.126352774282,4030.768480247355
05078000,156.0,133556.72141776516,96172.19084707923
05078230,77.0,12844.04064747579,10062.71105831253
05078500,162.0,72533.74890407867,57624.572385224106
05079000,59.0,296790.59901149943,204665.95041959878
05080000,15.0,257445.02570530932,171726.9067912686
05083500,9.0,1138119.1198902053,886667.8769622965
05085450,34.0,8292.682206155545,4288.274741930848
05087500,116.0,8254.916589475413,4945.827441362298
05094000,145.0,6368.869624148382,4690.409382843295
05104500,127.0,48123.87062111876,32231.14341183879
05106000,109.0,6172.768005449613,4372.381791577805
05107500,37.0,40090.90298661405,26341.486730879235
05112000,142.0,68614.71771439876,49492.37483502181
05124480,117.0,123400.68463766837,101354.42569043298
05125550,11.0,122906.06248326546,90186.52890502564
05126210,41.0,337795.372540204,292857.0958312846
05127000,11.0,353291.104433026,302993.8678317037
05127220,25.0,1857.6052525364503,1204.1322020103487
05127500,62.0,495496.652231192,420519.7659785725
05128400,2.0,7956.0479570027155,7732.206281051427
05129115,26.0,279249.59439816215,248054.90939726398
05129515,0.0,,
05131500,50.0,121030.13388724138,96793.73199792032
05132000,130.0,238074.7428501842,189864.2119654783
05133500,0.0,,
05134200,50.0,26204.99683209423,18592.276813885226
05137500,0.0,,
05200445,2.0,80971.56816333556,70914.43068666666
05200510,19.0,125866.0939019564,104147.18936563225
05207600,2.0,690608.5773538206,678919.8822305882
05211000,28.0,466271.1341834555,298529.7895185765
05212700,0.0,,
05216800,3.0,2769.597211938847,2296.8343607154475
05227500,64.0,1378159.2144903562,1111072.98632427
05242300,1.0,122715.25126384667,111196.08610909087
05243725,39.0,39519.072471285304,33193.89696268487
05244000,0.0,,
05245100,93.0,110619.32786801395,87564.34964909861
05247500,0.0,,
05267000,5.0,1976657.2447031063,1646581.548911724
05270150,1.0,1393.0061319012152,1010.9535982439024
05270500,107.0,114815.51855889638,88819.11893139474
05270700,0.0,,
05275000,64.0,94185.43194195133,76924.80387269292
05280000,144.0,490256.10170318454,367695.4883809139
05283500,5.0,2405335.635582224,2040078.5367272727
05286000,121.0,200843.52459280018,152271.85604319148
05287890,75.0,8988.491198652364,7291.552013736083
05288487,0.0,,
05288490,1.0,36697.75690992955,32395.48512619356
05288500,23.0,1969878.4201057586,1592956.9633933813
05288580,20.0,44723.3397639386,23415.30215252072
05288705,5.0,3731.540120506911,1920.806017978744
05289800,19.0,4335.382564381621,2396.436932451736
05292000,102.0,50818.59159098752,28226.26582588359
05292704,14.0,9109.88613550101,6495.8113370268
05293000,105.0,21957.464139891603,9949.861924413406
05294000,138.0,178013.1377876423,140689.88600873426
05299750,2.0,2421.9020161375415,2105.4750591448274
05300000,152.0,136070.62418599564,93997.3026794738
05301000,59.0,135672.01869512707,85098.381037668
05304500,25.0,15191.469911283744,11269.612532285888
05311000,120.0,170716.6910892909,126183.65822708687
05311150,11.0,992298.306711285,788861.5447882457
05311400,40.0,4163.705195401708,2798.13685648099
05313500,127.0,31141.286233153205,15559.265045091946
05315000,117.0,19193.9488165969,10181.537092521536
05316500,168.0,50411.903731281156,32005.777524496832
05316580,39.0,1098898.4111052726,858272.0034622236
05316770,27.0,828209.8541441126,629852.5278652369
05317000,167.0,101611.30197860715,70655.53511223804
05317200,53.0,13383.378574291552,9305.103471440345
05319500,85.0,106641.45420487985,77929.91261067434
05320000,74.0,191366.67215008388,149810.15587104327
05320500,66.0,45530.230906063785,36301.716377328354
05325000,115.0,771104.4210377898,573442.5584713
05327000,85.0,56476.6474301495,36315.77797378013
05330000,112.0,1129200.9062354318,892100.8289885387
05330920,20.0,3608659.861734295,3008050.5809122627
05331000,51.0,4183040.079895577,3594341.203629443
05331580,1.0,8734244.66219289,8656872.630933333
05336200,17.0,1893.9214411509531,1274.091454381938
05336700,88.0,174913.46185131322,145837.17176821665
05338500,6.0,71410.91666316026,59880.2965966013
05341550,0.0,,
05345000,33.0,33846.61244293203,27896.688066398932
05353800,77.0,63447.82727031332,50665.384921473276
05354500,6.0,162726.93931656893,143264.4522375516
05355024,20.0,451144.29443484737,341688.7109111314
05355092,9.0,240254.7062494215,214926.94362079562
05355200,40.0,278434.2407857699,227208.6233035391
05355250,0.0,,
05372995,3.0,52426.63711036011,49231.68285112196
05374000,0.0,,
05374900,1.0,316535.3736595732,311296.1601066666
05378500,3.0,5858757.96553981,5193302.923740542
05383950,1.0,122550.90601082756,122126.58226285718
05384500,27.0,13467.90365169974,10553.853492520944
05385000,178.0,361648.89664012624,286420.2877838082
05385500,79.0,70133.33550629257,51534.69295340953
05457000,8.0,37430.85325516319,35071.356594698795
05475350,10.0,64067.060334796544,45359.75624354879
05476000,158.0,75653.83158155742,49735.10098215074
02429900,35.0,5445.186706492912,3274.9416160030223
02429980,37.0,3776.501199451552,3060.030079181982
02430085,34.0,6189.289432899728,5514.306050905288
02430615,21.0,6039.702687088849,5002.203381149157
02430680,67.0,43987.00979055939,21475.85733347243
02430880,57.0,16022.708312470199,12394.980784185242
02431000,197.0,342342.6028606616,276175.6212527163
02432500,32.0,55642.40241915943,43789.58978251481
02433500,26.0,457059.5176380938,394820.30052529107
02435020,62.0,41953.05227837703,27281.882093589025
02436000,8.0,241531.7743524987,52614.814813492536
02436500,76.0,74177.89705505517,56211.473349578664
02437100,0.0,,
02437600,8.0,573.1013819274615,192.92377549048723
02439400,8.0,225417.611398575,203527.82906307688
02440000,17.0,7169.181136547438,3836.4461136792333
02440400,4.0,4378.944378831958,3075.01612878674
02440500,18.0,18596.158768076297,6819.111113742752
02441000,0.0,,
02441300,4.0,3058.374035574252,2110.9557141
02441390,13.0,611329.7185983326,566510.5314570513
02443000,10.0,82239.69818853075,76317.8516971674
02443500,34.0,183025.2882199094,160301.70969442654
02448000,176.0,262519.7641516339,194032.68510517298
02467200,16.0,114832.3230662524,93330.91142372778
02471500,7.0,58196.521533155086,49505.07915219512
02472000,7.0,81806.09046196887,72014.75771994404
02472500,50.0,126325.96219928873,110829.69874646765
02472850,16.0,111440.60003650282,97166.83890218288
02472980,0.0,,
02473000,106.0,661389.9281167865,555713.2078128707
02473460,36.0,18907.149242791937,15317.087282046177
02473480,10.0,3622.9164950934123,2909.505983267438
02473500,150.0,56252.8874213012,42567.789275831856
02474500,167.0,314631.87784662266,222017.7076064241
02474560,22.0,667809.6021000195,563643.9988098403
02474600,10.0,112299.08741186904,71612.2733500386
02475000,40.0,809687.7726153275,693695.0099443459
02475500,13.0,16847.70460269433,12902.641823348233
02476500,31.0,4911.150797672626,3806.4322138890257
02476600,9.0,58511.914874715374,51200.68502344186
02477000,80.0,233620.0135782846,197121.26616560633
02477045,0.0,,
02477500,29.0,604831.638127759,511791.12000096776
02477990,32.0,63347.029770210545,52841.53459846059
02478500,33.0,524561.4154029085,470280.99396923074
02479000,116.0,2254674.650288329,1903989.8975512113
02479130,2.0,72986.88510208478,65382.9937608767
02479155,10.0,13611.82690617052,11447.547247403325
02479160,8.0,195962.32650190082,169453.48383541545
02479300,121.0,395394.83935376204,328840.5988371647
02479310,1.0,1598734.7384797398,1565151.8699815385
02479560,14.0,249418.46367701152,223626.09375842102
02480500,42.0,73944.82314008407,44729.548748938054
02481000,126.0,69123.59181063289,43532.48688742241
02481510,1.0,20036.788721399218,19370.401660444444
02481880,14.0,22877.427266333743,11502.54291214519
02482000,114.0,85933.85150955578,64662.901934221954
02482470,3.0,21417.44019970156,18947.86897756391
02482550,44.0,181962.5312666383,153862.34356678807
02483000,42.0,34196.57426795156,27409.704716180368
02483001,16.0,14732.261966140546,13175.618444096315
02483500,21.0,265211.6751236156,241779.70641192183
02484000,100.0,38290.70520348647,29402.48339012246
02484500,21.0,38240.23699680943,34229.83562311895
02485700,9.0,27350.272380924696,4512.6415411068965
02485735,4.0,431101.8053386217,393494.4390950944
02486000,88.0,483352.8145340312,413766.1087514423
02487500,0.0,,
02487900,0.0,,
02488000,21.0,1091450.9804043486,961775.7908169229
02488500,17.0,971488.041347711,893857.6533006195
02488700,0.0,,
02489000,13.0,1840279.5022098378,1719481.6952735132
02490500,41.0,54394.163169437685,41023.91719630769
02492343,16.0,12612.321538543438,9357.830261596735
02492360,55.0,79065.33016579859,61363.337152425105
03592718,21.0,9056.61761263614,7961.560208777982
07029270,15.0,101375.20413677281,88373.91763317071
07267000,4.0,1757.4325547303492,824.7281425531916
07268000,43.0,54550.339681357764,47293.431593393936
07269000,1.0,1115.2592134803137,693.0290362807018
07273100,16.0,10404.169347714314,8858.891354808406
07274000,137.0,73478.86050807642,55854.143916564506
07274251,22.0,2310.3739955956526,1890.9804670599626
07274252,3.0,33208.995979074956,30921.96513795918
07275500,3.0,3548.5266983609013,2948.2627296761907
07275530,9.0,10006.624433195604,8672.667628686086
07275900,42.0,76909.27476200962,58135.6251799411
07276000,9.0,70948.70702142587,66671.77087613293
07277700,6.0,31217.61660648099,27464.775373834585
07277730,2.0,5943.335046907222,5720.90072883582
07280400,4.0,20610.986700376045,18668.482489165828
07281600,5.0,7422730.626340274,6994723.715139337
07281960,13.0,1427.546978699761,558.7749850497738
07282000,113.0,37488.48217976192,21508.6676376874
07282100,58.0,16891.746655843377,10484.715633818665
07283000,9.0,8149.769563487683,7530.974319668965
07285400,25.0,69154.54803400468,54840.78476573722
07285500,29.0,250111.22730109422,190188.6911498769
07287150,6.0,10782.004040725331,8560.547549090907
07287400,46.0,37255.7155598015,30765.89620049952
07287405,6.0,107714.4598673666,91155.64995241379
07288000,2.0,52629.34578307106,47149.56877317647
07288280,27.0,109667.76649032498,91701.51445345122
07288500,3.0,242782.00698716164,228537.3762501818
07288650,6.0,18608.854376178624,12034.959971356175
07288800,0.0,,
07288955,8.0,10986563.495004583,9920506.902386127
07289000,0.0,,
07289350,48.0,118152.74673810093,97124.66058319999
07289730,58.0,741814.0845425541,593973.9100916855
07290000,124.0,704953.8780882786,564030.465998564
07290650,46.0,97189.42546768763,81619.01626778294
07290690,0.0,,
07291000,155.0,57323.47283091955,46222.20477857909
07292500,9.0,176315.33327880045,160550.69002298848
07295000,3.0,47554.19781358433,43565.702793725504
07375280,0.0,,
301141089320300,0.0,,
05490600,6.0,2729794.9355826406,2202218.5452011265
05495000,170.0,36414.36302731007,22270.76754382223
05496000,168.0,58360.60640075655,32179.586549887186
05497150,1.0,2813.414118400508,1700.6666481882353
05498150,39.0,55113.66135546688,33441.37149859462
05498700,36.0,23659.318801868798,14892.942645148178
05500000,60.0,13182.376682618955,8695.414393205316
05501000,149.0,31992.43738269285,20452.87882242017
05502000,55.0,1117.4219984641734,655.1020461705153
05502300,86.0,29665.00831325519,20649.566307602818
05502500,21.0,5041.807240208557,2824.722047320727
05503800,71.0,3903.4549202886187,1608.1505843829316
05504800,162.0,20459.63514476354,12716.65919834962
05506100,43.0,2732.749066921251,1488.8665516268757
05506350,44.0,38652.48103852176,22041.977382524034
05506800,108.0,16782.509965332338,10713.392674183251
05507600,80.0,2993.4215394824273,1413.0890045274396
05507800,24.0,148109.1432204561,130926.78921659668
05508000,79.0,122905.18598913586,88205.05372995474
05508805,88.0,21713.83785482392,12420.13980916997
05514500,125.0,35006.763998221104,25038.14233945068
05514840,4.0,5736.245925809481,5454.405425006452
05514860,1.0,9152.997692988276,8375.481536774192
06813000,165.0,97665.63103520419,70335.93249664055
06817500,37.0,57865.24863445256,46628.91651958489
06817700,93.0,460303.130443146,341223.68370916904
06818000,0.0,,
06819500,143.0,48979.043564715175,29693.295276822264
06820410,23.0,55445.031309147045,43995.74322272097
06820500,125.0,117085.04389159287,90216.04413096332
06821080,49.0,4004.4187150787957,2300.2398207343113
06821150,80.0,20200.57093333428,16878.198692131216
06821190,33.0,169518.79676231413,137970.90776053813
06893000,0.0,,
06893150,0.0,,
06893500,35.0,18907.462304083674,13588.904319613555
06893557,21.0,2149.2947805862423,1511.205219123761
06893578,0.0,,
06893620,26.0,2289.2050062625217,1720.010603585808
06893750,5.0,3672.113581990643,2915.242146149112
06893820,3.0,23785.905089127642,21136.196652886953
06893830,18.0,2018.419641988447,1171.6250364821622
06893940,3.0,1703.112576271013,1133.3529499960393
06893970,27.0,2119.3402465035088,1515.6454000534482
06894000,30.0,17729.90577880325,12846.198101708434
06894200,17.0,4994.422544598568,4206.112518725706
06894650,0.0,,
06895000,42.0,5443.744978719671,3257.9576387208035
06895500,0.0,,
06896000,76.0,24154.102436056335,16026.361148892762
06896400,40.0,50393.923812384135,34240.447082556886
06896900,18.0,174852.93010777634,138491.9259519386
06897000,77.0,3463.3435289660724,1519.0724910127158
06897500,202.0,318658.8751630749,214304.29382212472
06899500,200.0,267554.2400631983,185704.20382631992
06899700,88.0,81317.08250264298,49450.89800589299
06899900,25.0,2978.1116859877693,2121.4018558650114
06900050,46.0,54364.78649047067,37239.80559477479
06900800,9.0,446239.30697404646,380237.89496884984
06901205,14.0,825.4597451354603,424.87294216283186
06901500,32.0,7006.378655348473,5718.156184818996
06902000,144.0,640976.2237332918,483426.1177387872
06904500,168.0,234812.9603730613,155254.24104612452
06904650,17.0,3314.3769832025973,2139.5406533364603
06905500,104.0,136085.16756055932,109183.69557733084
06906000,84.0,19112.723679664694,13182.81260074582
06906150,60.0,1831.6516643464283,988.1082138616875
06906200,94.0,63196.606818752,50643.89395172185
06906500,0.0,,
06906800,77.0,47989.75030082721,34034.02686096514
06907700,60.0,45503.68363716399,29716.21803100957
06908000,20.0,20110.80467578018,12097.871313038397
06909000,0.0,,
06909500,59.0,1906.563268427038,972.3127905925109
06909950,26.0,4929.45014405402,3401.8740653034824
06910230,43.0,3906.253567312496,2610.2331207968505
06910450,0.0,,
06910750,12.0,7373.11607438963,5646.990465149136
06917060,28.0,23828.547612433424,9771.879359479175
06917560,10.0,8999.86578409131,6869.658060010062
06917630,45.0,482.19615054778376,208.71746243288467
06918060,21.0,43916.688334168975,32113.687459170615
06918070,1.0,1118188.8474306606,1112938.3464864863
06918250,12.0,456159.24504646775,336795.4308708193
06918440,2.0,52460.61747443682,51124.36755769863
06918460,1.0,33891.50849655255,33069.56798608695
06918493,30.0,4449.235719754203,3560.686903938417
06918740,0.0,,
06919000,23.0,178493.13917051122,90113.24216497062
06919020,29.0,432864.8531064596,238786.62804214365
06919500,50.0,6007.50540246583,3243.561581235885
06919900,17.0,194808.60612475756,174776.75811836382
06920520,26.0,2780.8309260481838,1467.2862420292743
06921070,8.0,5321.3954847024825,3745.4656906918635
06921200,67.0,4661.348114415318,2570.402738552435
06921350,2.0,54084.50192837063,43018.72246276922
06921500,53.0,68812.35171888414,53349.94756284803
06921590,56.0,35365.252120464735,21906.636223196594
06921600,35.0,58625.23986899557,38519.92139321025
06921720,22.0,11678.89857367029,4923.687811439247
06922500,1.0,1229485.9225457541,1012400.8190243902
06923250,35.0,60858.34311608253,51618.40812855631
06923940,22.0,202199.82058091756,176216.94600553898
06923950,0.0,,
06925250,17.0,8138.658093221176,4922.715293723232
06926000,12.0,1809449.515372199,1671302.2328696714
06926080,0.0,,
06926290,0.0,,
06926510,0.0,,
06927000,93.0,71262.19479931898,38402.79308767495
06927240,28.0,31013.993046845848,21925.13330410822
06928000,9.0,111170.22097477345,96027.24559792675
06928300,35.0,18644.177215710093,15710.528802263925
06928420,44.0,5740.418302431569,1647.8530567470702
06930000,1.0,224836.26672231418,224497.955565
06930060,36.0,191007.06702803692,166885.562507941
06932000,248.0,125769.10474476528,103064.05291064728
06933500,156.0,669087.4410713351,569815.4568433148
06934000,125.0,837413.1963266562,704041.26296316
06934500,0.0,,
06935450,0.0,,
06935550,0.0,,
06935755,64.0,1247.8343049454838,735.8814322213495
06935770,54.0,2607.1124373888674,1968.5357683051964
06935830,2.0,5729.926386043225,5220.845388188235
06935850,17.0,1910.3765800050257,1096.15723991146
06935890,2.0,3477.474736005297,2403.4852522631577
06935955,0.0,,
06935965,0.0,,
06935980,14.0,1649.270394846435,951.8369944014108
06935997,70.0,1277.2613445238878,840.6249389639307
06936475,1.0,4719.5938671633985,4072.6351951578945
06936530,53.0,456.47308313466357,217.01072856684232
07001910,43.0,614.8465335556899,326.93843164084143
07005000,0.0,,
07010000,0.0,,
07010022,6.0,1513.136961818712,841.9969932323077
07010030,14.0,378.35523932338714,182.121228890566
07010035,55.0,830.2952009535204,504.2926096108822
07010038,7.0,1379.178794248798,523.2131767130435
07010040,27.0,609.1013337438401,306.79561201028935
07010055,3.0,767.9247695069365,197.75242563539823
07010061,26.0,63.69428255634713,8.469976563315697
07010070,4.0,581.2649669518393,375.72097192116786
07010075,1.0,1295.584297118521,353.3917243902439
07010082,7.0,3082.1204727393556,2537.7215917581393
07010086,2.0,2546.075990522435,1972.308235507407
07010088,0.0,,
07010090,30.0,1543.523239871376,787.3330152385626
07010094,42.0,624.6779347509516,364.24201944854786
07010097,1.0,2044.8596545987502,1602.439280577778
07010180,0.0,,
07010208,32.0,1904.7206417423386,1053.9483117140708
07010350,25.0,29700.10600188182,26178.999782840237
07013000,0.0,,
07014000,2.0,72708.66157698636,69429.55374276923
07014500,7.0,206782.2412151562,176935.9481543195
07015720,116.0,16057.66524274637,9277.83955334237
07016500,73.0,65353.45897425044,57510.698015809576
07017020,19.0,655190.5929761924,560221.3031955516
07017200,147.0,93393.31810865754,63887.56250429994
07017260,4.0,65131.34919903809,61331.95344339727
07017610,15.0,94664.17552307885,82220.77939106846
07018100,11.0,97049.15441336826,86324.44132947517
07018500,145.0,214757.50966756255,180600.95485072507
07019000,171.0,898532.1189922194,746999.7022760024
07019072,39.0,2477.4606159081377,1931.597329986207
07019090,54.0,2470.519307085082,1984.8377857333335
07019120,48.0,189.54280978983627,85.97482534760147
07019150,24.0,1798.9777140285491,896.7120534622265
07019175,40.0,1860.685579978619,1282.3763310440213
07019185,1.0,3012.0900411208327,2697.3191327466657
07019195,41.0,1571.6542619367672,803.1898213131167
07019220,36.0,1424.449880759163,862.913386126087
07019317,14.0,1735.8977573604366,1148.54068025618
07019500,18.0,10257.538636183532,7946.27002595122
07020550,1.0,17327.940914647577,17103.7551984
07021000,43.0,57968.12572741793,48938.81664674745
07035000,70.0,21896.6864731345,14376.978623313946
07035800,33.0,41659.085022006635,33963.6323908137
07036100,57.0,99072.38547813235,73535.91039645577
07037300,0.0,,
07037500,38.0,74490.44225215762,61954.73635758013
07039500,115.0,462906.73879813537,341548.25487866165
07040000,22.0,244704.24575622132,204545.64738822932
07043500,23.0,58864.638431092084,43600.26392506794
07050152,6.0,36989.874288468505,28984.237295578947
07050690,20.0,4946.094092709188,4100.379483250125
07050700,18.0,39128.50789793042,33280.050693946665
07052000,8.0,3866.0560248134657,2918.0316297333334
07052100,23.0,1986.3168919856466,564.8520527632236
07052120,55.0,211.53354441774562,70.75996567977347
07052152,1.0,48490.46578902883,45787.545694933324
07052250,2.0,87147.45322316153,79754.58646437798
07052345,4.0,48600.99059179461,47121.99115615748
07052500,2.0,98130.33968346719,90504.21260097562
07052820,4.0,57243.16305597654,52889.34215253333
07053810,58.0,41824.13353881799,28949.64287222522
07054080,55.0,104428.17248367444,63092.91685656189
07057500,179.0,295715.0747401769,217322.05624714826
07058000,0.0,,
07061270,21.0,6241.954496373426,5164.054762407952
07061290,39.0,29935.86519799477,22436.522568728415
07061500,11.0,101106.12770845178,87638.4616220045
07061600,15.0,153955.30350573215,127417.76990453331
07061900,48.0,5093.52550726935,4243.47910102951
07062500,21.0,173372.73564385707,146774.12403631207
07062575,1.0,326173.59190715174,318294.70398511627
07063000,11.0,342164.4626786058,300442.1431329977
07064440,49.0,113480.42789331356,83927.09951607784
07064533,0.0,,
07065200,49.0,60607.74656670468,49657.60536956767
07065495,31.0,83818.08542078121,75302.15850640553
07066000,0.0,,
07067000,18.0,410600.7612223981,356741.5001824865
07068000,79.0,415864.1115878044,303772.6126670215
07068510,0.0,,
07071500,197.0,376532.4125042806,293867.65119848476
07185700,49.0,61625.53210298739,50745.75908738151
07185765,58.0,114440.16385606737,98209.91699786112
07185910,30.0,38545.84213930894,28571.472414847674
07186000,227.0,297648.7582252747,224636.16791884557
07187000,10.0,53501.312674143875,45038.43016385965
07188653,25.0,17057.4256566805,13566.65890981027
07188838,48.0,105726.83434234236,83610.32955412232
07188885,0.0,,
07189000,206.0,376600.77663246845,292967.5728496524
07189100,28.0,11930.243529674613,8308.516564655773
05014500,188.0,126613.24526745346,99797.37353785435
05017500,126.0,179702.29360356837,140395.48205096246
06006000,0.0,,
06012500,116.0,182817.78809837977,137420.38927238522
06016000,0.0,,
06017000,5.0,86633.22628333849,66364.5696772766
06018500,15.0,197847.89371584734,145873.45720917016
06019500,206.0,62639.14378972073,46734.27164077798
06020600,0.0,,
06023000,0.0,,
06023100,0.0,,
06024450,2.0,31940.609204430428,21185.38775054021
06024540,26.0,181382.65966405306,150156.6891576787
06024580,2.0,193580.6898356567,169121.65993494503
06025250,1.0,193115.41609728418,186500.96115199997
06025500,5.0,587215.6150008217,526643.8738192592
06026210,8.0,550917.3170301936,464866.44956510904
06026420,10.0,155343.51813126344,131023.41453538887
06026500,0.0,,
06027600,0.0,,
06033000,150.0,65797.12278732925,53857.769608294904
06035000,19.0,9609.614708717541,7275.500255090874
06036650,5.0,346398.3418067713,278713.5052499531
06037500,0.0,,
06038500,19.0,545461.8578821222,334375.620131682
06038800,10.0,478909.51367125986,397739.8594208087
06040000,0.0,,
06040800,0.0,,
06041000,1.0,411942.0465269665,389396.7216872729
06043120,0.0,,
06043500,36.0,128421.94273776739,94205.17190396303
06048650,1.0,5656.281512907338,4858.690516266665
06050000,50.0,48094.96217353552,38007.07685183185
06052500,9.0,921408.7254288393,775193.5695655695
06054500,1.0,1872525.9447827453,1623244.13755
06058502,0.0,,
06061500,4.0,14996.549706768283,14342.21733308756
06062500,95.0,3618.7179643296977,1921.6814368042626
06063000,79.0,7071.449753520633,5296.81333676858
06065500,0.0,,
06066500,0.0,,
06071300,34.0,89943.80084402645,76821.40338823959
06073500,82.0,148386.62858986316,122645.86262605937
06074000,0.0,,
06076690,53.0,209126.86596795093,175782.83622789866
06077200,0.0,,
06077500,45.0,169911.63575708718,142495.46255211128
06078200,1.0,657413.0517323241,616890.6833777777
06078500,82.0,97908.5960331164,84341.54062858349
06079000,25.0,56482.44568690758,44891.149386129975
06080900,44.0,131837.81987512382,105875.62969776212
06082200,16.0,107318.69804690426,92072.89239376842
06085800,31.0,212626.0371054532,186076.1577788269
06088500,11.0,42758.85229618018,33232.30068859259
06089000,0.0,,
06090300,54.0,2386529.6185113727,2008438.8370169825
06090500,108.0,62318.14240423875,52932.89998309775
06090800,95.0,6573630.712330674,5798730.15567544
06091700,64.0,90745.61652056174,77446.11443158585
06092020,9.0,88042.94795176692,71603.81359250174
06093200,82.0,164436.04624619693,137763.13243813868
06094900,7.0,20647.461547192448,15415.237430137144
06097000,9.0,25603.74846350209,8211.114472715517
06098120,10.0,32081.50620720034,25652.567130552616
06098800,9.0,61507.202708991965,48326.971616969626
06099000,135.0,100297.50980849995,80580.25678420704
06099500,188.0,611751.3589971283,512989.2020791617
06101200,14.0,6301.1727008624575,3240.112490770942
06101500,91.0,622760.3230974237,465732.1440196426
06102050,48.0,627110.7199407329,538227.1554726526
06102500,37.0,94033.12294843952,70313.8323072392
06108800,17.0,10455.354605285214,3832.593576557371
06109500,53.0,4907193.433349477,3860665.953560578
06110020,18.0,8248.079085034466,6838.1538932403555
06111800,17.0,56774.57708982944,46631.252893124634
06114700,0.0,,
06115200,0.0,,
06119600,29.0,67511.23901801229,52772.79928573199
06120500,41.0,76213.44464208509,63760.91186277587
06123030,13.0,14619.660714066591,10402.038596704107
06125600,0.0,,
06126500,118.0,78223.48420170549,55354.84297412887
06127500,122.0,117553.79307046154,87680.36630278444
06130000,13.0,50328.59493249205,22996.28435899465
06130500,166.0,119667.98512435985,89061.02648308325
06131200,80.0,311.09756077500754,143.05485814593573
06133500,34.0,12515.818581777508,8193.175043324294
06135000,33.0,65080.535591957414,43899.631849468366
06137570,47.0,6391.556939325727,4501.0618546671485
06137575,8.0,7234.3236317571955,3006.7790839267127
06139500,34.0,2216.487509025647,1146.8536661201165
06139800,7.0,4319.957683430223,3486.6034032113125
06139850,8.0,3060.235547273864,2431.354328289189
06139900,10.0,4391.816745903553,3369.072425158285
06140500,152.0,122321.10236843162,89045.77330128348
06142400,29.0,1917.0732599793103,916.0491655341772
06151500,66.0,10600.65792521965,4668.117968063848
06153800,4.0,86736.29550868661,70146.75188598677
06154100,65.0,127212.5631907429,104586.43975836554
06154400,75.0,3759.0841921399665,1431.6366513252326
06154410,50.0,3962.138680783171,2846.7509619713487
06154430,18.0,4107.387632209376,3213.579472177282
06155030,69.0,113017.80022197204,69867.95682812677
06155500,56.0,127613.94662913593,92937.23819822006
06164510,50.0,134117.6924020195,110767.24850744226
06164623,23.0,152.67409785156963,21.496182117852975
06166000,55.0,2368.9581558140394,1073.5060931237747
06167500,34.0,47848.661986670144,31735.945483577667
06169500,95.0,1469.7281257881648,627.5364595163647
06172310,12.0,24778.829740302688,17804.24429445898
06174500,20.0,86338.267155067,72707.83594695802
06177000,2.0,6567716.288294391,4716035.966422858
06177500,143.0,1465.1745725127,748.9272357488085
06177700,5.0,101.09133128655658,98.33834333333334
06178000,87.0,930.043831571215,501.69350837745327
06181000,136.0,32679.20539399713,19578.88143975311
06183450,91.0,5250.245844869897,3882.571751405627
06185110,38.0,4542.360116069733,2639.700061263597
06185500,2.0,8657702.545141691,7669259.728806107
06187915,42.0,5291.437216580932,4670.524639816871
06191000,204.0,46581.90051969009,30483.522551960355
06191500,148.0,842730.7577855967,708355.4254522993
06192500,30.0,787240.5492474871,664092.9963216243
06195600,0.0,,
06197800,4.0,4449.805138415545,3952.5351985443604
06200000,6.0,80760.38345881502,67870.27808208254
06204050,36.0,99444.63832764524,77530.02785843528
06204070,35.0,152724.09852484785,127647.45878002253
06205000,135.0,715352.2427177638,639597.4574348741
06207500,141.0,499049.1088722456,422658.82331562846
06207800,1.0,2283.968937337237,2281.681039999996
06208500,5.0,466755.32771309477,412272.59529347374
06209500,24.0,20560.30869092823,19055.07636930952
06211000,120.0,76160.01827719311,64568.68056204208
06211500,3.0,5064.327858545311,4137.856525963637
06214500,5.0,4275542.730840973,4117556.1468818174
06287000,1.0,406372.57108813047,382873.4656206452
06287800,0.0,,
06288400,0.0,,
06289000,88.0,20187.98735257541,16156.45364557859
06293500,21.0,132034.29840590854,103064.23703116794
06294000,2.0,112457.60600905257,83696.13937092683
06294500,0.0,,
06295000,3.0,5490343.121627739,4926340.302975999
06295113,78.0,8269.841755343878,5135.746079370212
06295220,8.0,15327.198407183025,12527.991338811253
06306300,45.0,208084.1952363111,180500.7739391909
06307500,99.0,129694.17733315715,108625.77278546446
06307616,39.0,97928.29976586388,78941.47214547113
06307662,4.0,56891.707110345866,49221.0134106773
06307830,23.0,154962.81361537485,131023.89015047338
06308500,45.0,172099.7158050878,141902.23106294536
06309000,0.0,,
06324500,67.0,184777.5836973251,149423.9019469189
06326500,38.0,65684.08143611105,43675.73074081971
06327450,15.0,19195.863366627684,11059.161859068827
06327500,3.0,4125484.1030010935,3849238.520833058
06329500,5.0,2749285.9866902158,2129977.8797495654
12301250,15.0,121915.56785570561,105779.23271736584
12301933,10.0,8119835.060837437,5817590.825573007
12302055,0.0,,
12304500,106.0,170843.79106596255,144835.95087881165
12323233,1.0,587.8139150933426,438.38022056585396
12323242,1.0,15811.140591505278,15720.480713777777
12323250,4.0,7595.110207746525,4689.479299428573
12323600,3.0,23196.9123375417,20001.40301643411
12323670,4.0,7292.725473617154,5541.961962112707
12323700,9.0,1544.4893487153665,976.0042381111111
12323710,36.0,4567.156611379162,3126.502307967273
12323720,39.0,7103.575872198362,4887.141060585658
12323750,76.0,55572.84949458759,43833.86743577372
12323760,64.0,49369.865540361,41134.25566756197
12323770,9.0,54210.15999677901,42025.4851026478
12323800,41.0,193480.44298778713,158390.88715165367
12323840,43.0,9622.446276161058,7249.845746447172
12323850,19.0,32368.180220716804,23686.991605741707
12324200,21.0,112716.86026225786,90605.92563009362
12324400,10.0,170101.5123455258,155132.09219926962
12324590,78.0,81548.21889565335,68628.72302525221
12324680,0.0,,
12325500,169.0,32738.868069413373,24625.048820219
12329500,147.0,79963.0194403774,69151.72829827998
12330000,33.0,20417.427052424206,15167.012851721985
12331500,17.0,132194.02927142257,77779.19257709938
12331800,15.0,342009.3903135814,295335.54582327564
12332000,190.0,92290.98928725165,83216.99313060658
12334510,0.0,,
12334550,1.0,247401.75870411517,221256.6284281081
12335100,46.0,78196.45171079661,57661.21666904634
12335500,173.0,23459.839397912772,19820.97094183166
12338300,49.0,66452.24503199887,53597.892260901055
12340000,11.0,250495.38654121745,197043.18864038936
12340500,23.0,1592076.7251245792,1426102.4384261817
12342500,29.0,25759.600130253035,17823.307083537547
12344000,150.0,662045.0595129565,592964.2996626601
12350250,2.0,432502.8174399506,348163.07344
12352500,4.0,1104162.4582900018,984719.7552214524
12353000,6.0,1531434.386981856,1334576.607573839
12354000,1.0,81534.41069660513,81059.6920344
12354500,4.0,2180759.7722743703,1965525.7353088758
12355500,180.0,801085.4372413066,696780.2942661783
12358500,150.0,520152.1791649978,439770.5285568534
12359800,17.0,332702.93212401925,294063.04871248617
12362500,56.0,1532137.023444909,1017965.1707700861
12363000,72.0,2223819.387411305,1511962.6929589212
12365700,26.0,115946.27478539811,97088.83020301396
12366000,103.0,120296.81701255454,100442.03827153634
12370000,2.0,144308.39076677553,135734.85250253524
12372000,18.0,4694091.911597758,4462695.96900201
12377150,15.0,8585.90159383426,8018.592051591518
12381400,12.0,10807.372748029746,9709.342861564483
12388700,0.0,,
12389000,5.0,5064646.296792855,4395135.053028571
12389500,73.0,57153.54338624581,44518.00498470905
12390700,28.0,25011.360341196352,21167.954761840374
12391400,0.0,,
06453600,64.0,46936.680132971385,14093.636929643795
06461500,0.0,,
06463500,129.0,46389.29690256525,34229.4851011484
06463720,0.0,,
06465500,0.0,,
06466470,3.0,9962.880314449398,8180.477584277164
06466500,126.0,88311.90624815687,70552.06289236448
06478522,18.0,110741.92616918284,85104.87445207697
06486000,0.0,,
06600900,9.0,4844.511136703131,4018.9434145357573
06601000,17.0,13877.731538969592,9329.191769795467
06610000,0.0,,
06610720,3.0,5620.192256314774,4800.332187809522
06610732,1.0,63562.19243141337,61952.18531011764
06610750,1.0,2017.8334064799387,1943.346716121212
06610765,0.0,,
06610770,1.0,219889.3621833412,219821.72080822862
06610785,0.0,,
06610788,0.0,,
06610793,6.0,68263.85227101583,47173.041682030766
06610795,20.0,106533.9655077892,80258.73226952656
06680500,0.0,,
06762500,60.0,3562.4123252895297,2192.1650468766675
06764880,12.0,8458.737284848545,5094.979980760919
06768000,45.0,365458.30225209246,255945.8911054157
06769000,63.0,5328.921642613305,3445.540206269866
06770200,10.0,190894.69134965472,107839.28212520074
06770500,23.0,76112.14851718204,30859.717331069874
06772100,18.0,3371.370929842757,1932.0492593486892
06772775,32.0,315.51040539910366,162.44522346917722
06772898,24.0,4788.987263925905,3050.448810682575
06773500,33.0,6022.866379224399,3312.011661024053
06774000,57.0,237918.12519623863,101636.43107088443
06775500,0.0,,
06775900,1.0,47488.82536671026,46845.45988923075
06777495,0.0,,
06781900,13.0,101974.60274699176,83058.75985866942
06784000,2.0,499530.4744501677,489551.1651155555
06785000,1.0,1055035.1084678653,1033675.5393249998
06785500,0.0,,
06786000,0.0,,
06790500,1.0,1411738.500041502,1399890.6491063836
06793000,130.0,371476.6300503082,213562.9869532062
06794000,4.0,83199.67489226999,78126.48697176542
06795500,2.0,12325.362709247544,10507.138409984002
06796000,1.0,589252.2264729462,527564.7658961194
06797500,130.0,111428.23631948276,89491.5132117582
06799000,2.0,115802.01928853434,106395.86887059793
06799100,34.0,76525.10825712739,40547.83932322313
06799315,2.0,184457.921674683,139434.40181107694
06799350,14.0,238646.75490094916,196292.66260729203
06799445,0.0,,
06799500,2.0,49713.98392656443,48324.246545454545
06800000,50.0,41300.66430270332,15768.657071074975
06800500,10.0,326384.243770294,273424.47758923075
06801000,0.0,,
06803000,105.0,11766.07106347412,9742.133011036687
06803080,3.0,8184.567632406798,6666.649618694736
06803093,51.0,4876.186892662397,3582.3670594350856
06803170,6.0,7396.496228870258,4466.7418750099005
06803300,23.0,1426.6500740998647,854.4626551387322
06803486,1.0,13148.079460659934,12511.249785055317
06803495,37.0,76864.62667304296,60018.53373871259
06803500,0.0,,
06803510,96.0,5947.631908532391,4871.667070708653
06803513,0.0,,
06803520,20.0,1243.7372603251786,879.4486468663678
06803530,112.0,12763.12454158606,8900.686726322783
06803555,48.0,138912.85068275017,115213.86319225488
06804000,19.0,49830.79219175406,33340.3202132093
06804700,6.0,52657.18525569129,47153.080150857146
06805000,17.0,156082.00402796286,137942.41550266842
06805500,70.0,4851751.676594109,4097565.195133067
06806500,165.0,61193.24257961612,45868.21242402217
06807000,0.0,,
06811500,0.0,,
06813500,0.0,,
06814500,69.0,45736.44081721543,37696.55526356839
06815000,0.0,,
06821500,63.0,1833.0915959376293,1070.2701647237
06823000,6.0,49245.59544655818,31079.54814749425
06823500,182.0,6568.490385763374,4606.245977248252
06824000,17.0,12701.07558328999,11693.87441802041
06824500,41.0,110091.29669096129,77652.15536742035
06827500,77.0,9535.699957544173,4921.132487286381
06828500,146.0,73422.99188612982,43055.042944263856
06834000,6.0,22300.33383095552,15425.21434501517
06835500,80.0,60959.888184744115,45622.84550408742
06836500,142.0,3933.4626625270876,2491.782317311986
06837000,134.0,78889.90089338839,60516.06311316843
06838000,66.0,9500.729660295588,6068.89011738757
06843500,106.0,137846.17275545042,115657.80725958351
06844500,18.0,217586.7320794248,102160.03695303413
06847000,122.0,3691.7250376647985,2392.6316840002414
06847500,89.0,9053.81038698637,4916.173467873487
06853020,34.0,62577.33401262091,40880.92412471647
06880800,86.0,42922.74797030228,32338.67281865005
06881000,102.0,118512.93766883833,96555.2781808825
06882000,60.0,233745.054627898,195306.0483698536
06883000,173.0,47329.507347447776,37861.20838125663
06883530,19.0,58370.85402669396,48862.86997852398
06884000,80.0,105887.61660246238,86649.55732012502
09416000,27.0,6902.107134999938,5586.693390175975
09417500,46.0,4433.6964765417615,3265.170482532298
09418500,146.0,3982.7870415012203,2770.391116565768
09419000,5.0,8328.71003795779,5992.633598786729
09419530,11.0,146811.70680178527,109977.8628565376
09419659,72.0,126.85835960170176,22.77119814120344
09419665,64.0,2354.5531091736016,761.418059837407
094196781,72.0,5398.727796125965,3746.557634173108
094196783,1.0,4430.026471496871,4225.565528436364
094196784,4.0,115816.37057200285,57086.36357894737
09419696,45.0,6448.3733554433475,4355.092190604533
09419700,9.0,19551.13424604736,15388.32692846024
09419740,100.0,1957.5118237314207,374.26916241666174
09419753,13.0,36631.86747334269,28786.808301350986
09419756,63.0,61.956427829574565,13.543072529765885
09419800,0.0,,
09421500,0.0,,
09423000,0.0,,
10243260,51.0,4660.4541069719535,3688.5395029775573
10243700,92.0,7356.039103757624,4608.798723415741
10244950,88.0,4143.062140053241,2978.168446369937
10245960,12.0,730.7251651631883,206.87151776590036
10245970,9.0,1994.7993844273412,1733.875900813827
10246846,37.0,2113.106940073555,1416.2749081114275
10247200,8.0,2593.242493623294,1750.456262200342
10249280,78.0,11116.433576728161,7822.473694431425
10249300,92.0,4549.405630621033,3500.227707025975
10251980,10.0,348.04089158576784,58.52090918309858
10293500,74.0,194356.94512504156,154333.00279577196
10295000,20.0,91237.79130879311,66707.94676721001
10297500,13.0,47583.59312200766,41262.54878349722
10300000,116.0,108992.28452096944,91539.23458314115
10300600,1.0,64682.25976708141,62210.3159289756
10301500,41.0,59549.1049384522,31134.004280353885
10301600,75.0,86895.34123865215,67444.0926654659
10301720,17.0,61614.33222069525,38282.98729737226
10301745,54.0,82188.45432539923,42701.72936591361
10302002,35.0,57229.023589093646,20285.594597970496
10302025,17.0,7386.399386490865,3014.549138520548
10309000,155.0,142774.19681486464,126382.34033532278
10309035,5.0,2742.0023227789616,1816.7757011560102
10309050,25.0,2296.698372087014,1827.9457789851504
10310400,94.0,2779.72685258015,2247.6446230522965
10310407,24.0,59639.7160156414,38076.30979725642
10310500,80.0,5320.459975221761,3719.4892577468936
10311000,109.0,109715.47364835553,70857.15714010742
10311100,57.0,2311.520744026792,1674.6910065396291
10311200,87.0,3925.982788392826,2929.1501277747825
10311300,90.0,2619.1275482102246,1228.413440220302
10311400,60.0,112868.91552379057,71195.64838444281
10311700,24.0,107981.82234586285,60058.05087975663
10311750,6.0,9269.791304925073,7730.965929089448
10312000,159.0,100892.36382165959,52116.7620791652
10312150,53.0,249995.0955136307,132682.0728536832
10313900,18.0,7494.691517003829,4038.102317059392
10315500,92.0,6868.361983189137,4663.53640151434
10316500,128.0,13033.135112031065,10610.514692597018
10317460,3.0,1050.5258530128485,367.8386505111111
10317500,75.0,27294.828801279768,18317.444307651833
10318500,121.0,79292.9368660744,45626.245431645504
10319900,41.0,16694.11371490731,12773.007218555294
10320000,90.0,37194.377694437884,27558.682888805903
10321000,102.0,68538.40902683455,50319.785909149105
10321590,52.0,2298.811185989491,1576.5712523008906
10321925,8.0,819.8474898699079,664.8981819859969
10321940,37.0,5379.812314948323,3434.710749139517
10321950,32.0,5350.36554147824,2511.5011518368665
10322000,34.0,29948.275227317325,16216.203698719437
10322150,74.0,3491.7905093736176,2659.7065944927936
10322500,182.0,103673.28022523127,79839.18010185711
10322505,26.0,939.0478434246984,578.3606109168284
103225055,16.0,946.0357417652224,516.0966110190044
10322535,18.0,745.3045957697999,387.67937329556315
10322555,23.0,852.3874258966857,571.3448561757857
10322800,28.0,4484.7275480112885,3240.9993523993176
10323000,16.0,8138.670648588094,3068.392224207725
10323425,52.0,87233.2975630665,62803.80922317159
10324500,129.0,4799.565299927786,2911.374710498751
10324700,30.0,336.9672028702588,174.048175396692
10325000,123.0,109068.07008545364,74300.52985204238
10327500,130.0,75188.33491567841,45513.463054735585
10328000,18.0,3148.8505974433333,1786.6812328346955
10328450,6.0,569.0474132393869,350.7650142455331
10328475,16.0,2419.5672593213594,1613.8019890448277
10328500,22.0,10098.886884713465,6440.765310860517
10329000,91.0,3315.9042069179004,2345.0963253590476
10329500,93.0,9082.87073629164,5865.417321045469
10333000,34.0,40666.642262801135,27916.748109931596
10335000,100.0,72231.222366986,36842.304418214575
10336698,88.0,5509.8531333498495,4223.124211967153
10336700,82.0,5822.82859247452,4397.214850371594
10336715,58.0,3783.632821116011,2274.7893104093287
10336730,64.0,2462.1158681132974,2008.127400274381
10347310,45.0,4041.21574720217,2452.396157549909
10347460,10.0,200725.51568622416,185996.43726288129
10347600,65.0,6410.866953185348,4599.932480596849
10348000,20.0,114425.74132424427,73436.74563446961
10348036,2.0,63342.26135158647,46273.24160617412
10348200,3.0,54459.6583323877,41765.59984457778
10348245,78.0,4912.955549352909,2826.496765479505
10348460,96.0,4717.3713101021995,3682.216618085157
10348520,9.0,6502.079371224493,3311.6021335965693
10348850,62.0,8064.504506650686,6191.309850063859
10349300,29.0,4739.820192011088,1268.9164238362473
10349700,13.0,7524.924337024856,3938.1367583221163
10349770,9.0,3015.998909703121,1754.7065643420783
10349980,3.0,42619.70976219434,39992.706955113776
10350000,31.0,196684.84682452297,147412.99583180813
10350340,6.0,133437.17195615158,101502.12486727645
10350500,0.0,,
10351600,161.0,177860.3286710629,98534.42919984493
10351650,10.0,96141.94561541523,51901.87179955873
10351700,66.0,174338.82830451688,97892.78443982945
10352500,93.0,5498.19759952078,4189.035799231351
103530001,16.0,6099.0673885405495,3977.952806581229
13105000,76.0,53812.06078693911,40962.66530904119
13161500,75.0,28677.498353415856,20797.684851181086
13162225,19.0,7236.330197045561,6214.497431084912
13174500,140.0,19669.7882101052,10496.460794596318
13175100,64.0,61905.19274729623,45036.3735347908
01052500,111.0,134135.9344237186,117823.20846087942
01053500,3.0,1121289.6100593035,1117973.0917902912
01053600,7.0,889129.5666920496,783734.4409868907
01054000,12.0,631976.2181853303,577095.0707017432
01054114,3.0,26902.13584388533,26398.302764929296
010642505,3.0,87406.63270142119,86334.25232349092
01064500,1.0,540154.9183286853,540045.4459885714
01064801,97.0,124217.68386437696,94167.18918021389
01072800,76.0,142958.95689753135,109229.37249928598
01072870,14.0,10796.184534254444,9036.63602981212
01073000,102.0,3698.9669940900817,2805.37347492563
01073319,22.0,26587.14231866674,16503.04273914996
01073500,94.0,65127.42650893924,49876.474910143144
010735562,18.0,2674.294994893399,1600.164571433795
01073587,46.0,61019.591340750965,40521.80089206304
01073785,16.0,2922.6978396519594,2238.956130691422
01074520,17.0,120500.91417666772,112637.6767355193
01075000,0.0,,
01076000,1.0,86032.05296272776,85936.84882133333
01076500,13.0,368009.0277651873,342040.4650764428
01077400,5.0,5660.827681537371,3820.479757538197
01078000,18.0,37050.810283634404,24837.005410919584
01081000,179.0,492436.10778544185,395361.3869911813
01081500,65.0,1381811.925693109,1188959.0933853236
01082000,11.0,20165.553372149505,17351.25406704453
01083000,6.0,20574.82880140153,17104.63260452968
01085000,36.0,195902.14889753127,160236.74410454594
01085500,103.0,508415.3200454623,403935.9841234631
01086000,1.0,7028.011770486323,6041.471934105261
01087000,152.0,106961.20274670853,83961.32525739414
01089500,1.0,4711.406191724245,3869.525979247059
01089925,2.0,17449.31905588262,16737.068828543997
01090800,42.0,47083.370998817336,32236.534174539836
01091000,135.0,138003.8090945285,100326.8119181487
01091500,56.0,81303.20689424974,62017.94394789149
01092000,1.0,1340366.7070068056,1284352.0480433332
01093852,0.0,,
01094000,98.0,68015.35121635311,58679.482979329565
010965852,11.0,5214.384353250399,4351.373971592836
01100505,36.0,8666.57571672304,4248.264555921268
01100561,28.0,39945.76892198656,26094.0432746218
01129200,11.0,253894.66910728926,196905.43319522674
01129500,1.0,923564.0409233301,916560.2694
01130000,6.0,65942.14589923016,57225.59212545454
01131500,48.0,1724625.6880652257,1524543.1645008523
01137500,0.0,,
01137940,4.0,365077.44640956336,321062.1438573493
01144500,1.0,1852217.179749759,1749651.5025333334
01152010,7.0,26067.757827195193,15957.385485936
01152500,55.0,152571.01577082454,132205.89246494605
01154500,1.0,3321139.739474487,3221203.1926888884
01154950,4.0,10874.318329761145,9903.523071232432
01157000,29.0,18128.63382812647,14430.611474076311
01158000,120.0,78585.74540512111,53335.18447991304
01158110,17.0,103108.68261427959,78541.83340400824
01158600,12.0,9880.51344626902,6999.2698222334975
01160350,7.0,90009.0025437515,81498.08435230535
01161000,65.0,196890.15656535258,159896.76712271175
01368000,1.0,24082.68087604245,21270.763007999994
01377000,83.0,80009.94036111083,61853.585967283645
01377370,2.0,4771.316415167821,3575.6180299566267
01377500,0.0,,
01378500,128.0,11691.3962013095,4385.333588738584
01379000,163.0,33509.1772394961,25307.57042697567
01379500,226.0,127957.27878431519,94878.65439479219
01379530,38.0,2907.677053401684,1720.7681873674903
01379700,1.0,4064.494538664601,3621.121429
01379773,4.0,750.750758113789,655.1145283418181
01379780,13.0,1612.3818319066536,814.3921676737255
01379845,20.0,50791.93755573134,39845.362984195046
01380450,0.0,,
01381000,143.0,24539.000169077506,16855.464787005312
01381400,2.0,5666.928490310297,4608.759145599999
01381500,0.0,,
01381800,1.0,25077.221631645785,24423.731665
01381900,8.0,183268.09695010117,169907.36102083948
01382210,9.0,58569.29564719674,42458.17384985347
01382385,19.0,12814.9775704301,11369.018465311503
01382500,89.0,8741.323893273553,2821.3364480476075
01382800,3.0,29302.791515484154,28373.367859555554
01383500,79.0,25427.377803452706,13000.537149987535
01384000,25.0,12528.09199312803,11684.732325083412
01384500,110.0,8858.27630264653,5799.6112492130715
01385500,10.0,1652.3507767358255,1169.7162588367419
01386000,54.0,4956.695147579824,3793.231037818538
01387000,41.0,18765.04065200709,15196.077116154653
01387500,0.0,,
01387905,15.0,57854.00169131979,47441.140989801526
01388000,87.0,70886.75193213804,60369.04474445558
01388500,7.0,68341.76149305404,62918.06340105661
01389010,7.0,283838.3536114001,253779.04642433533
01389500,96.0,264066.3719260769,219108.9139146339
01389550,0.0,,
01389890,2.0,264816.7730436811,246788.40101270587
01390450,0.0,,
01390500,21.0,8604.796346117037,7021.696171030972
01391000,5.0,20012.315195104708,11670.958821903745
01391102,0.0,,
01391500,80.0,53145.42830794442,40879.213555421156
01392500,1.0,2981.601802858876,2763.0310801297296
01393450,7.0,6428.294281364631,5263.216911866666
01394500,5.0,4615.051529129045,3551.9691475764703
01395000,3.0,3911.9146605283627,2411.874276063492
01396000,45.0,3594.814543044101,2347.5520438655476
01396001,1.0,1424.5363436100317,768.1947509777779
01396190,1.0,7303.236459549519,6972.830079515151
01396500,10.0,50615.86211995549,43589.00079828418
01396582,21.0,6856.439101804369,5708.603019457952
01396660,18.0,5890.116893475153,4860.180939444444
01396800,27.0,14810.38679222817,13138.386366536412
01397000,1.0,76825.81369573892,76434.61878399998
01398000,108.0,7775.543832546912,4913.491963985392
01398107,1.0,1043.6530039961474,1002.0261250341463
01398500,1.0,3107.8501972167505,2860.1225549714286
01399100,25.0,2081.8692794953145,1388.1857820721596
01399190,0.0,,
01399200,5.0,9661.038944129845,7520.108494254546
01399500,3.0,10056.924320862638,8936.417119629472
01399670,3.0,5760.7509593987015,4489.24094479208
01400000,60.0,84909.58090296615,70560.45609198278
01400300,21.0,1848.7809480613353,1023.2259770022704
01400500,54.0,228298.84266087905,191125.33605837327
01401000,28.0,3715.282965213383,2811.4134981216807
01401650,50.0,1835.7836085246415,1103.0866668935485
01402000,44.0,112107.77713460563,95195.39856213273
01402630,8.0,3363.735258076504,2568.4384023377775
01403060,16.0,222179.63334568543,197161.66547806896
01403150,77.0,1420.8115145878792,846.0930895495226
01403400,37.0,3759.0051481144424,2933.6602472205254
01403500,0.0,,
01403535,42.0,1886.7107101541205,1190.5067132644356
01403540,51.0,3107.761889932723,2284.578321772149
01403900,0.0,,
01405030,3.0,6558.422886555521,5682.980816225
01405400,1.0,34833.106649238594,34579.944976000006
01406000,0.0,,
01406050,11.0,3579.675430561038,2233.017472566072
01407290,0.0,,
01407500,47.0,5113.082849853528,3143.0542327921407
01407705,0.0,,
01407760,17.0,2838.703629113764,2228.173866316914
01408000,4.0,53564.18059793352,48531.44442297987
01408029,1.0,19037.061667128,18327.6723445
01408120,0.0,,
01408150,0.0,,
01408500,0.0,,
01408900,89.0,53617.00015159358,44198.531815408285
01409280,8.0,20801.280352952163,17483.98262505389
01409400,110.0,62114.97362831693,51265.27440800125
01409810,12.0,44870.05457414975,38794.7588681217
01410000,139.0,54547.41506372799,44230.27168188465
01410150,19.0,9643.576047690567,8704.913558200957
01410500,36.0,9236.533027719266,6827.044266664323
01410784,6.0,5966.892853108511,5030.415240921008
01410787,21.0,2355.5418128829906,1629.1716754281508
01410810,0.0,,
01410820,0.0,,
01411000,181.0,64699.20056226472,50954.92825327161
01411300,0.0,,
01411500,157.0,124096.10652574142,99538.56381327377
01412080,0.0,,
01412800,0.0,,
01440000,106.0,27063.939078662144,22142.16640730602
01443280,9.0,10452.670251265654,8583.569785537184
01443500,1.0,26641.620924374798,25466.0639432258
01443900,97.0,4697.249336619338,4047.7079073130585
01445000,6.0,5021.489896274962,4543.503503378461
01445500,164.0,82138.88464259036,69236.74613079552
01446000,16.0,5549.899002963054,4952.236777620566
01446500,26.0,2072490.5094759364,1732018.8439186593
01455290,1.0,13390.409525408162,10313.494015179485
01455500,25.0,27555.98700458002,19024.76943304173
01457000,0.0,,
01457500,3.0,5196552.013038874,5057941.529487719
01463500,16.0,3792727.8193253293,3509932.837165101
01463620,3.0,5287.359789367506,4352.3633815563635
01463740,11.0,3308.148708765106,2593.1360947508915
01464000,1.0,10311.825676357088,9205.070992
01464290,3.0,8214.786088493916,6807.482592857516
01464500,2.0,26019.868850441002,21047.853684235295
01465850,59.0,65672.0506085839,52703.185658576156
01466500,132.0,2396.4194227960293,2014.1557873674706
01466900,44.0,76056.60045303151,61702.93800171362
01467000,136.0,117425.48146727693,95037.69201917064
01467019,6.0,3081.302482593986,1940.2223946234235
01467081,0.0,,
01467150,15.0,16508.619139855695,12704.663830106832
01475001,1.0,5689.069197956184,5541.167948713512
01477070,6.0,5165.002394279943,4537.924913557366
01477120,0.0,,
01482500,19.0,5935.339919716703,4610.705320007314
07203000,101.0,4505.838681353214,3469.7756070567766
07206000,91.0,2687.1795570601366,902.4541617391247
07206400,9.0,2707.7073466550005,1725.0990069448771
07207000,68.0,6609.189350091733,5391.459495046201
07207500,170.0,4458.594385887732,3471.759927123438
07208500,170.0,4903.905728105693,3584.6639808702275
07211500,69.0,7003.716166636421,5256.25334632108
07215500,109.0,5216.848163202967,3879.3314788803973
07216500,98.0,4735.191731975544,3535.4239374111944
07218000,160.0,5240.408839461692,3945.960231038212
07221500,95.0,19756.337430099637,14898.42944096037
07222500,115.0,1176.248077128516,648.1188968194846
07226500,163.0,554.7741858514066,170.26636209366717
07227000,194.0,3828.7958203854264,2776.3908761234375
07227100,94.0,2494.8465582096787,1512.0285790255925
08252500,87.0,5703.6925848987785,5035.146337234009
08253000,1.0,8431.709096996834,7980.130227891892
08253500,63.0,3155.084033133671,2780.8859838022663
08254000,81.0,4868.944970523743,2683.398450068209
08255500,18.0,13938.278749963336,11845.140612275032
08261000,44.0,1139.6078231079987,259.0598376155271
08263500,74.0,137291.60579620817,115963.3681554366
08265000,6.0,7527.041593161586,6075.455652093023
08266820,35.0,19060.04099625469,15130.60253379015
08267500,144.0,20175.251326514674,17446.55431725924
08269000,52.0,6602.899024167887,5651.007475027488
08271000,52.0,3914.0917118879174,3205.6459967504957
08275500,7.0,6665.190216613851,5546.878208246154
08276300,11.0,32995.59654266593,26577.731679677312
08276500,61.0,188780.1903490699,158195.50715083416
08277470,61.0,20365.84047391179,17700.29532771225
08279000,20.0,26402.993145692595,13282.000854728247
08279500,241.0,716668.912668244,609814.4419978728
08281400,4.0,21920.6788998727,19342.146469657142
08282300,6.0,17926.563325848736,16376.192505813333
08284100,5.0,74212.4660358753,65981.2198932772
08285500,118.0,295654.32881780947,177068.8291633419
08286500,14.0,76178.50364004247,66172.35330150566
08287000,27.0,164023.8043392139,108839.85499109777
08289000,31.0,7290.641807480626,6300.252617796511
08290000,16.0,89194.824722891,65604.89178413793
08291000,17.0,12762.53297386975,11161.873731846492
08294210,83.0,5587.843650651699,3889.0695410959715
08302500,68.0,3777.5344532652043,2623.6358725498944
08308050,12.0,1298.36337063933,1024.4970535392513
08313000,24.0,817056.5191829907,682657.658044983
08315480,61.0,3698.450083873905,3043.2212906821496
08316000,222.0,6198.930629632332,4516.675392169935
08317200,75.0,7545.527004812623,5647.011371978378
08317400,1.0,290223.9686125382,208972.7914012903
08317950,121.0,2187.6565463598354,935.2568668216431
08324000,0.0,,
08328950,25.0,1749.6310960508758,702.0522990261298
08329700,86.0,624.7215749255348,387.87960505869194
08329720,39.0,58.92003516401725,7.324958054801536
08329835,4.0,1365.9871624628554,1094.018643357513
08329840,35.0,283.30904910659564,139.5090851270208
08329900,26.0,1228.4625776171454,331.09087778556994
08329918,54.0,1046358.4020844626,902670.164777769
08329928,0.0,,
08330000,9.0,229072.10481397947,181609.4872989661
08330200,80.0,240.68297869259038,69.9611492200974
08330600,91.0,201.61178478382809,55.35728324961804
08330775,97.0,211.15758193664854,48.425028158091294
08330875,9.0,259987.86181850464,207134.07038847377
08331160,6.0,71754.3809909535,60261.256385717796
08331510,1.0,68930.25927057647,44332.108862671696
08332010,7.0,187978.2264441115,106230.16802297192
08343500,183.0,2630.1321441203536,1887.598151336368
08353000,168.0,1053.6508699383023,240.5894861607185
08354900,82.0,216325.15325338664,105287.06055708992
08355050,17.0,305485.42789262213,193713.85000502673
08355490,0.0,,
08358400,0.0,,
08359500,3.0,33164.058579504715,29338.582690140127
08361000,110.0,1049829.181311762,800118.7371283356
08377900,24.0,4370.684945381237,3568.721643931045
08378500,192.0,48922.25928800312,42458.14439686317
08379500,157.0,57374.95787606151,42256.441854693505
08380500,122.0,5755.78434706482,4982.124811231819
08382000,29.0,4539.080234043621,3415.3459950948836
08382500,99.0,4227.510539648501,2645.296871338835
08382600,77.0,17063.183347121296,8322.90604223857
08382650,65.0,15691.811019295315,11591.165742319901
08382830,110.0,21312.933734271755,4195.575787339106
08383500,183.0,56094.67971816732,36987.62272369723
08384500,336.0,118980.81572116016,98523.67236115724
08385522,6.0,34906.73791985979,28739.42194246154
08385630,2.0,35874.75269975416,34137.18998870588
08386000,176.0,78980.98664804912,52716.40660629017
08386505,56.0,3893.694887392882,3195.5261464048194
08387000,62.0,16035.50208117682,10247.45441448684
08387550,32.0,1313.4356442784433,907.6553299691507
08387575,41.0,1030.2756860840707,726.7301892921172
08387600,102.0,1040.292040052261,625.9509855409484
08389055,4.0,1968.8280395284019,1358.8049644651167
08390500,181.0,4187.854403184912,1610.1394384125117
08390800,106.0,172.0804874087873,36.97337886722555
08393300,26.0,768.7441885021376,254.6026791669141
08393610,63.0,5006.223974918023,3194.5402154148865
08395500,203.0,93324.61948279983,69037.50088026654
08396500,5.0,80356.81228594384,66847.90035084488
08397600,16.0,8577.680589294398,6994.656691375322
08397620,21.0,735.0089014970117,400.05095023227557
08398500,93.0,90.17493110847755,12.57243844185034
08399500,23.0,86367.81401463487,63375.637315239735
08400000,98.0,305.56307523361545,50.88123958934414
08401200,107.0,44.45119685277046,2.843287922768484
08401500,65.0,106036.10141041435,52747.009587872686
08401900,80.0,118.72819210382475,6.5562208453588235
08402000,130.0,131462.5683093082,77819.88666551157
08404000,98.0,796.4468099419445,95.15160728536522
08405105,37.0,65.59506007471971,17.76626701157489
08405150,50.0,6.086976233322765,2.9889352533397635
08405200,6.0,19347.230056136646,17150.48519994953
08405350,12.0,4741.2711252973695,3564.5973235277534
08405400,13.0,3638.474700015806,3164.132395242757
08405450,24.0,3587.8279117703833,2892.2810182867147
08405500,125.0,7175.671983368246,5282.267937905586
08406000,8.0,12098.180391642636,11420.060063492218
08406500,46.0,48549.727771404214,16798.74591757059
08407000,174.0,76937.98560688285,45515.42473848238
08407500,238.0,65572.92891288253,51916.144577420266
08408500,150.0,3359.9607943685305,2262.9050864576834
08477110,12.0,10089.004119293024,8229.848740189314
08480595,72.0,940.4327985442632,661.2863673149171
08481500,18.0,4376.4956531954795,3638.032816893627
08484500,4.0,15251.84855572458,8592.628623104
08492900,11.0,4573.610395779934,3459.485372371975
09355500,11.0,559389.9650575061,373593.5798335614
09357000,0.0,,
09357700,0.0,,
09364010,0.0,,
09364200,1.0,56230.22974485017,48313.14642986667
09364500,61.0,308849.13493423595,265631.1148970024
09365000,0.0,,
09367000,53.0,3006.0042093644624,1436.7353788069918
09367500,91.0,1409.0588650976435,587.6611836323136
09367540,0.0,,
09367958,4.0,985.3717442637511,498.6699537777778
09368000,1.0,387931.6903653366,335175.8437533334
093710009,2.0,2080.1311409065825,902.7247390833332
09386900,124.0,990.8153640294178,457.6256289464619
09386950,137.0,2036.0259652213222,1086.3045025024187
09430010,15.0,7405.891202867485,5737.756811712581
09430020,16.0,12529.722721778391,10291.088782308047
09430030,11.0,63156.7823736144,55185.093722108104
09430500,183.0,149691.92086626025,123056.20983437776
09430600,107.0,4012.627219713161,2838.763824906179
09431500,189.0,141276.20538440987,118012.28259573189
09432000,216.0,130286.32134577197,99492.15160787175
09442681,19.0,5524.068933469576,4081.3523009345486
09444000,17.0,45509.147004642335,31437.27957462606
01200000,65.0,59079.15486208979,47762.29070952613
01302020,1.0,7659.565551970473,7010.557560464517
01302050,63.0,2538.550355228023,1903.7516184369447
01303000,47.0,4416.661117665849,3623.060631606274
01303500,188.0,2796.8085473778524,2234.356032391066
01304500,0.0,,
01305000,3.0,2995.282187604856,2510.8948938039207
01305500,25.0,9661.295015721344,8663.611611934837
01306460,98.0,27356.233651324037,22456.977164742188
01306500,1.0,29909.441641653695,28570.920015157895
01308500,6.0,20829.994385972852,17945.610843326507
01309500,90.0,7625.166424165172,5474.393831394768
01310000,77.0,4954.733340716627,3821.0848008525095
01310500,7.0,839.6351210562988,710.6647561162393
01311500,75.0,678.3353193367502,241.50514589745697
01311810,20.0,1650.4425772508332,937.3447997408141
01311992,4.0,2700.832234481825,2096.6269834550217
01312000,73.0,171804.71501232721,150447.888244145
01315000,109.0,347413.92604127014,292011.68384969595
01315226,28.0,336.8144814981306,137.16544198739183
01315227,34.0,590.9139973548768,364.50661747722387
01315500,18.0,600651.4330836632,543384.1004407771
01317000,55.0,243270.42011765164,193037.18106535936
01318500,96.0,1350918.1307792484,1152172.487430277
01321000,40.0,197161.2272913877,158993.63359470622
01325000,55.0,1093769.5380257552,868199.8719007925
01327750,0.0,,
01329490,69.0,200552.20892151596,169356.1497519274
01330000,15.0,10110.211417131184,8447.227215164601
01331095,0.0,,
01333500,69.0,28596.232205024608,20679.166059975047
01334500,8.0,203831.17275839517,186801.23747702857
01335754,17.0,3314329.56633234,2601311.8202365567
01336000,30.0,89684.35558903015,73206.05563595932
01337005,0.0,,
01338000,3.0,54097.63162733526,46534.05653803391
01339060,9.0,44055.0170642635,35238.56589258508
01342602,0.0,,
01342682,7.0,12585.722137977662,11255.303282173685
01342730,0.0,,
01342743,16.0,10882.636610353517,7604.5263070993005
01343060,9.0,321681.1194423334,278801.17216723895
01343403,8.0,95688.13212641786,81361.01766987772
01344795,5.0,59579.29771470849,45653.7185536
01346000,0.0,,
01347000,44.0,1092374.2448481668,984721.1767259701
01348000,0.0,,
01349000,11.0,12879.967655766688,10961.244061232166
01349150,12.0,5889.633578464096,5011.311139816393
01349527,0.0,,
01349700,14.0,7685.9263829904585,5460.828864280656
01349705,39.0,80586.96577129529,55777.6733273823
01349711,0.0,,
01349810,11.0,5375.043364047241,4171.902093149579
01349950,15.0,10059.10447707248,8949.456669540214
01350000,106.0,52881.28415672453,43433.899669557955
01350035,13.0,2918.48271975025,2273.194555126544
01350080,20.0,6030.573339202715,5540.8730482276615
01350101,21.0,131210.11020469212,41009.26108891759
01350120,0.0,,
01350140,43.0,3616.19816991086,2301.533536533682
01350180,63.0,24341.117202789737,20709.534059292855
01350212,10.0,44302.72093921742,39676.82478588358
01350355,15.0,31956.270493383734,30051.136691459044
01350480,10.0,2898.1894229458767,2269.5516043633465
01350500,14.0,37494.25527161824,33246.92798932507
01351200,11.0,39180.70265037819,23101.91066513548
01351298,19.0,123636.88120873336,76502.20669450813
01351500,84.0,80951.44782868426,65968.1188228941
01354083,0.0,,
01354500,0.0,,
01356000,0.0,,
01357500,0.0,,
01358000,0.0,,
01359135,0.0,,
01359528,14.0,76394.96407660116,64143.79055084224
01360640,7.0,922.6264104913884,719.2311463612457
01361000,11.0,59245.06599022098,51131.75469951304
01361500,77.0,32846.664578015174,18358.690641909805
01362100,2.0,3947.2854589310846,2920.2794303589753
0136219503,4.0,11677.677180446288,9420.725390523809
013621955,11.0,4895.191100070773,3807.7312758461535
01362200,167.0,143767.99992362995,108957.65356179775
01362232,4.0,4177.4769245621455,3686.4467930189053
0136230002,4.0,7491.641170579152,6776.126449433334
01362322,18.0,2917.1355528980826,2243.438262640143
01362336,5.0,4044.9350633738172,3586.392812776727
01362342,67.0,3416.41810858281,2854.8507516178797
01362357,9.0,4873.10579550247,3966.812689489009
01362368,12.0,2812.4632364850045,1999.4292725081225
01362370,46.0,34212.54180838255,26388.612819388683
01362487,6.0,4386.712671434923,3887.0112022290073
01362497,25.0,7385.629965436933,5242.487613166172
01362500,183.0,535424.8751375664,451945.394442707
01363382,5.0,6644.219228443855,6232.371535980838
01363556,1.0,80539.87602664343,78499.53746270965
01364500,34.0,46513.74776709312,39253.739259967064
01365000,139.0,42444.13294448921,33659.602301522325
01365500,6.0,8918.904944014352,7973.639062077253
01365550,2.0,48519.59422265474,41739.783326252094
01367500,34.0,92526.11357626734,80312.11201298056
01368050,7.0,64650.61833592538,52782.07594572879
01368500,17.0,4235.6006685386365,3487.670034767254
01370520,6.0,174080.0639419122,135398.70685571426
01371500,48.0,166614.47572693884,142348.48706877188
01372500,5.0,17062.5129740691,12092.169941135238
0137449480,31.0,31234.622524371567,20953.79553495773
01374505,66.0,143705.00196196843,101916.13543328496
01374531,54.0,51190.77042877746,36402.85526227725
01374559,30.0,4061.098542962173,2181.0390414381623
01374581,12.0,13496.05656151935,11036.946748414815
01374598,37.0,2197.199396081136,1407.4344642912365
0137462010,69.0,35416.15543269406,25471.916744881186
01374701,73.0,127976.58657172178,94963.44650125377
01374781,11.0,4422.614141745147,3155.6449782656127
01374821,7.0,6254.315855244701,5353.655806925
01374890,33.0,10990.807959884007,7079.3777820554415
01374901,14.0,37475.6304890563,19007.74644371399
01374930,20.0,3462.0833862763484,2374.750471976154
01374941,48.0,18870.419629203032,13712.749283096127
01375000,69.0,37384.37466500357,20702.50623084567
01376500,20.0,5607.657453394283,3926.9106960945273
01376534,5.0,1921.6144356280483,1366.6131325793594
01376558,2.0,1996.8519395179458,1446.6731506591548
01376800,5.0,17635.4948801289,15113.759133650634
01387095,0.0,,
01387400,120.0,142005.50299910558,107015.34079858966
01387420,58.0,55724.289205681,41009.80268409043
01387450,43.0,5037.3266280222315,3815.260898066174
01413088,14.0,2997.087439276707,2147.499248331132
01413398,42.0,39189.00781842077,28841.610504947028
01413408,32.0,59583.576224992554,43728.67515570536
01413500,109.0,77231.06366048461,61560.63350031985
01414000,7.0,7353.0569932255485,5438.17444162963
01414500,31.0,7626.347814321937,7002.725680818947
01415000,17.0,7120.67877681856,5155.3324730867935
01417000,137.0,197272.06557136748,123113.00784580912
01417500,7.0,66065.94835726167,56743.83942028986
01419500,111.0,116771.47132191547,89757.31812027792
01420500,21.0,61005.414944920645,56239.13833937798
01421000,19.0,476024.72081425437,410850.24088915857
01421610,8.0,4564.358931385198,3722.31893188368
01421618,18.0,3584.56137455259,2612.003067232107
01421900,2.0,8429.372604614227,6797.03287104
01422500,85.0,30068.64972262124,23302.76473568548
01422747,4.0,4302.0529013609685,3722.178874051282
01422779,1.0,4484.8564514815325,4303.6173579870965
01423000,25.0,66293.64759932643,60283.28439416273
0142400103,37.0,5576.731147952547,3865.606489991282
01425000,78.0,206156.45308462012,147712.15500870763
01425805,8.0,35436.18735296779,27671.62009480171
01426500,2.0,101237.70499099955,98985.67324363634
01427500,62.0,58058.026594653165,43534.93904528375
01428000,12.0,11335.728955691144,9271.320905839508
01428500,20.0,842982.3615183035,714668.1818328125
01432900,60.0,137560.4242604289,107676.52835816429
01433005,2.0,137221.6201031641,109452.79955880853
01433500,3.0,161191.4773920533,133965.23866050705
0143400680,37.0,11775.57121675882,9461.203692687955
01434017,2.0,18102.869646482646,17581.88183190857
01434021,78.0,1963.043098232476,1409.1966821461021
01434025,45.0,3307.309007018157,2626.9031885808895
01434498,41.0,45557.23908038357,36414.89924978045
01435000,140.0,75850.37413118385,60136.73155240501
01436000,149.0,101033.9538564701,72459.38551951614
01436655,0.0,,
01436690,9.0,133111.89545910247,106156.48204126315
01437100,4.0,5021.156703545677,4477.660169169231
01437349,12.0,58319.690021301765,42935.607972530364
01437500,0.0,,
01500000,185.0,110315.47016573486,77508.16094962251
01500500,64.0,355471.49089217867,297310.80481661117
01502500,177.0,412703.30593973584,311958.96619520057
01502632,15.0,752698.3513104987,642128.9454352941
01502731,10.0,722634.6880685698,625507.755918921
01503000,39.0,550930.7868489223,452820.22992744396
01505000,69.0,104202.9255538749,87481.9181293122
01505810,31.0,457721.0780455352,361667.1245581848
01507000,4.0,86555.69611545309,84882.50358465753
01509000,12.0,55264.295776001374,49695.74786310392
01510000,0.0,,
01511500,37.0,191595.53583682273,163279.45382737246
01512500,132.0,630039.6328194325,511729.68927690486
01513500,3.0,610134.6474382662,577569.2239166667
01513831,21.0,2799629.617133611,2342965.423111659
01514000,0.0,,
01520500,83.0,123169.70412374454,102694.817276465
01521500,78.0,4146.493410858888,3440.147854588397
01523500,13.0,17990.743787384607,16952.8004028939
01524500,68.0,35974.04134249756,31998.12834797439
01525500,72.0,90900.27675245274,76570.56827492478
01525981,38.0,17362.054784945565,11463.740917056171
01526500,37.0,189638.76605352905,155556.412510826
01527500,50.0,75695.8755324828,59278.1172227751
01529500,56.0,68198.24297799253,61357.97160169981
01529950,38.0,353682.59309056896,307923.76503867656
01530332,3.0,447786.1078751443,415794.2615618349
01531000,42.0,257449.0545748587,228800.85817583132
03010820,2.0,207357.06852250217,187161.02998521214
03011020,113.0,557600.1374333004,458866.326466774
03014500,4.0,29403.132747126976,20323.925476571432
04213319,0.0,,
04213376,0.0,,
04213394,13.0,11805.111706923133,8047.271703918367
04213401,0.0,,
04213500,29.0,165859.17204624513,146089.00551423998
04213508,4.0,4175.496122886317,3462.9216563818177
04214060,2.0,2313.553051475399,1792.1902025311476
0421422210,5.0,26434.53157486755,18992.494877492307
04214231,1.0,5497.816797230762,5365.324601135482
04214500,92.0,62298.38538159114,43428.023717841155
04215000,48.0,8613.568810733026,6773.684755951397
04215500,0.0,,
04216000,0.0,,
04216418,61.0,42095.536119677854,31120.59678329764
04217000,0.0,,
04218000,29.0,79534.64735797682,57811.76311961591
04218518,1.0,12362.313083724457,11599.609454933332
04219767,9.0,125506.30864874535,104658.00471277922
04219768,37.0,152946.3482069225,125940.24806071792
04219915,10.0,84386.07048528967,66491.69505290159
04220045,9.0,14828.283028890464,11656.904704887911
0422016550,1.0,215000.60311108205,213826.24240390243
0422018610,0.0,,
04220223,13.0,99889.91271726973,87092.12123727314
0422026250,0.0,,
0422027430,7.0,3643.125110482991,3054.155271944828
04221000,16.0,88060.8263778362,73145.07624837988
04223000,45.0,189530.13257649037,167232.58938463675
04224775,69.0,35380.36692043819,27387.171269391474
04226000,7.0,3782.227485663719,3037.4025515757576
04227000,44.0,65054.471291377995,56476.93957096296
04227500,6.0,180215.94960516563,163022.10654969956
04227995,11.0,7999.077157534347,5542.950490299674
04228500,40.0,368069.9339939864,315897.6131002247
04229500,67.0,10727.08765964132,7278.8830742804
04230380,5.0,5619.767825716212,4920.798448546185
04230500,31.0,45603.40123632997,44340.46894671555
04230650,1.0,321155.3715882405,297271.9526200888
04231000,126.0,45356.798058080516,33071.53904012271
04231401,1.0,4831.450817394216,3858.7618349333334
04231600,77.0,993636.3173346942,877808.611580318
04232034,0.0,,
04232050,1.0,14792.525901744852,14641.714090580643
0423205010,3.0,53188.350883598876,49662.06240733334
04232053,3.0,2772.813226633117,1911.2467030314288
04232200,0.0,,
0423245850,2.0,513.4706899622186,356.46824145
04232482,85.0,97575.37222020057,71337.28844149773
04232730,6.0,171379.03360730354,149347.96715574156
04233255,18.0,33334.17535341957,26305.69530636847
04233300,2.0,7183.536010803051,6676.899482965333
04234000,110.0,56863.96143489071,45036.3977864966
0423401815,18.0,36932.378106160795,24868.29272196535
0423406130,2.0,289822.765986596,226427.77210103604
04234200,5.0,2935.8291732688476,1752.2569266776025
04234254,16.0,48886.46929821898,34495.768091090045
04234398,4.0,317.3936198349462,190.08703369403972
04235000,156.0,147939.68592533274,113044.06251182615
04235250,29.0,9656.395257646482,5606.889142738342
0423527080,6.0,732311.6316268615,676556.2024896644
04235299,59.0,119817.28035900899,88397.33353980111
04235440,31.0,63347.98327942736,44174.82712122777
04235600,4.0,756706.6328319786,622153.0237273372
04235890,7.0,5804.656779379157,5095.133333913677
04236800,4.0,159243.66934848754,91693.47864974546
04237496,0.0,,
04239000,0.0,,
04240010,47.0,83312.1197215932,65748.12671449463
04242640,0.0,,
04243500,90.0,67481.6817171187,52340.71245118977
04243783,0.0,,
04244000,4.0,28209.637066738098,26706.63579259259
04245200,1.0,5096.346644436536,4631.210695157895
04245840,0.0,,
04247000,10.0,1254634.263399729,925979.2015860607
04247055,4.0,2652593.310014288,2349356.3137013633
04249000,105.0,4418374.94570379,3843171.526660874
04249200,9.0,77091.81015829358,54868.13827381834
04250200,58.0,556930.2880139115,457851.74672661506
04250750,1.0,6243.20320927635,5371.631979245714
04252500,28.0,250669.276001945,195619.47900052267
04253294,100.0,759.0455027363337,497.88001224572355
04253295,80.0,397.3025407864744,207.72459304877555
04253296,72.0,2015.186380703753,1378.8990954137057
04254500,127.0,620092.610042131,530592.7529628179
04256000,138.0,118588.94181394002,96868.94774916377
04257000,15.0,496492.4757510284,484273.39112234965
04258000,0.0,,
04258700,0.0,,
04260500,5.0,1680285.3114184898,1469031.111337959
04262000,0.0,,
04262500,0.0,,
04263000,1.0,364004.4815260301,283202.22955826094
04264331,0.0,,
04265000,1.0,86608.11764118665,78568.08954526315
04265100,11.0,10101.553121398048,8454.393467403923
04265432,4.0,284302.30673207546,249216.07975721286
04266500,5.0,331634.19071416056,247849.02013231628
04267500,0.0,,
04268000,14.0,2022692.1975709917,1649238.3638748648
04268200,9.0,19546.023481599845,10989.106989724509
04268800,18.0,178882.67507112888,159864.81091084832
04269000,4.0,403510.1155143868,376577.9655589611
04270200,2.0,21480.27652411609,20464.725370786517
04271500,0.0,,
04271815,16.0,6563.812163830813,4755.900076191913
04273500,0.0,,
04273700,1.0,17047.03652811934,15607.9010944
04273800,1.0,24105.256572554463,23590.58371716129
04274000,0.0,,
04274185,5.0,2753.7489530666326,2283.3608237131193
04275000,47.0,89421.59396862837,79127.46518246368
04275500,30.0,312793.65248284186,284847.77098125865
04276500,96.0,106755.01461600573,90704.37810447704
04280450,34.0,64974.34523408381,54035.13482994837
02053200,119.0,72903.28240781407,48017.75462927023
02053500,29.0,5424.792521559094,3876.7567290999277
02068500,0.0,,
02069000,2.0,226935.4523919029,207391.11598399997
02070500,12.0,160498.22496569515,149882.24276842363
02071000,0.0,,
02074000,0.0,,
02077200,71.0,6276.263664342232,3852.4161880019055
02077303,90.0,23941.960718545808,15724.308307265863
02077670,65.0,5638.862633121679,3200.543493393406
02080500,74.0,3130889.325801239,2382938.151290626
02081000,6.0,2692145.696636177,2323639.045376518
0208111310,70.0,29469.60430836693,16449.762306926095
02081500,113.0,16346.068328578622,10968.27026306648
02081747,29.0,79300.1427193414,59114.06283724164
02081942,2.0,57118.843305475326,51078.062807999995
0208250410,3.0,142089.558994897,137599.51865892956
02082585,96.0,336916.4549360685,263617.1958162447
02082950,58.0,27154.321503179297,19220.472479808985
02083000,5.0,13527.01156696006,10680.472038547465
02083500,43.0,416028.69014702784,329666.1458844425
02084000,0.0,,
02084557,73.0,3710.4225907163204,2239.619697001128
02085000,21.0,4320.911265374421,3389.2126849463825
02085070,93.0,34572.522052826265,24382.056695533025
0208521324,28.0,3464.2068537287605,2058.5795343327777
0208524090,66.0,1819.0751163438738,1095.7363797765531
0208524975,37.0,4931.356670283878,3993.8267843270414
02085500,136.0,31073.872087700234,21390.164351680225
02086500,56.0,11300.516165246163,5660.866559111597
02086624,18.0,6344.083984209868,5669.0863710424965
0208675010,6.0,1772.8956605915705,1139.5859564045975
02086799,3.0,1193.1324465013054,845.1234922792453
02086849,0.0,,
02087183,22.0,124191.36045975835,89243.27266945883
0208726005,2.0,19127.2593591132,17232.444231188405
02087275,1.0,35643.11541124808,33517.17579111111
02087324,5.0,44144.48576158757,39173.33745496774
0208732534,50.0,752.8984224271736,352.80166450473064
0208732885,18.0,3027.890563163537,2327.4588943390354
02087337,4.0,1918.6125196988908,962.0836541007194
0208734210,6.0,2634.791054721492,2229.105099835514
0208734795,3.0,5124.768129249316,3848.942694792157
0208735012,30.0,1455.5366338535673,893.3573473
02087359,8.0,13396.958333937631,10834.706753895
02087500,15.0,195010.62070660433,160926.87356898224
02087570,7.0,274117.773284282,240427.90882796116
02087580,9.0,2450.152760889221,1646.4437287484277
0208758850,21.0,6676.968591004192,5338.915914882354
0208773375,24.0,37324.67374144706,29572.48629704949
02088000,112.0,37460.62016147888,26671.88222062613
02088383,1.0,4161.275592051088,3407.4075960499995
02088500,4.0,7026.83113871986,5619.695198294444
02089000,62.0,660935.7250823398,562800.3021290358
02089500,119.0,1107518.4678384664,938186.7154777185
02090380,36.0,50844.20247247551,39847.18870993484
02090504,0.0,,
02091000,7.0,15649.318094280075,12070.582891654953
02091500,204.0,474448.33957844623,370802.1004209004
02091814,31.0,1872515.743997461,1623042.4152139374
0209205053,0.0,,
02092500,166.0,103155.76180312222,70374.2933367244
02093000,105.0,46852.30603946284,36885.53055456841
02093800,13.0,5725.2866370441225,4189.337974644177
02093877,16.0,2903.7496270757824,2274.729570259238
0209399200,8.0,5295.893015296074,4442.822264462222
02094500,27.0,8370.829948152523,6132.210502566695
02094659,10.0,2705.9080279289874,1935.9598673640448
02094770,5.0,3865.856307708718,2905.220676082286
02094775,22.0,1612.4958584480219,912.3670596780712
02095000,28.0,12963.475963386894,10880.527002095267
02095181,6.0,3811.618754383018,2959.3540104885105
02095271,3.0,5029.079793884237,4039.5619642434785
02095500,0.0,,
0209553650,6.0,61788.51879355129,56999.85815100952
02096500,0.0,,
02096846,71.0,1596.573737819397,935.4437520724068
02096960,12.0,236504.7416433941,205518.62679255346
0209722970,10.0,2421.0200125515976,1531.4507857924639
0209725960,8.0,1680.9389773280595,1125.6142314990163
02097280,2.0,1309.643213828335,857.6896784266665
02097314,49.0,29545.200216979698,23743.571878017552
0209734440,21.0,1884.4406496068054,1280.2568729358918
02097386,10.0,1197.0045834670325,605.5394419458715
0209741955,7.0,8012.166320839383,6849.377888578598
02097464,72.0,2191.7881098249295,1399.3731885395393
02097517,8.0,13813.272544929323,12185.323712008914
0209782609,36.0,2357.1567009763735,1150.0532232478176
02098206,0.0,,
02099000,0.0,,
02100500,63.0,83323.31425946414,69139.42308888902
0210166029,74.0,1877.635143521951,1171.6884860211985
02101726,27.0,6917.044580074445,5357.506138455417
02101800,80.0,1917.9864841017886,1017.6445507692686
02102000,54.0,166281.93549048857,135934.69840092244
02102192,77.0,4571.191449387837,2463.646782844889
02102500,112.0,1193986.8257913126,1055652.9084171148
02102908,2.0,11873.177973751444,10901.503354469136
02103000,0.0,,
0210307880,3.0,4869.393839661304,4430.833538844445
0210382325,0.0,,
02104220,0.0,,
02105500,13.0,1645216.1461952582,1532417.0056751913
02105769,5.0,1889927.293323089,1719502.993931497
02106500,164.0,532549.6061540561,419810.56078700715
02108000,63.0,123285.58239276659,96054.25680333016
02108566,0.0,,
02109500,109.0,137216.6420258786,92577.17625470136
02111000,0.0,,
02111180,88.0,45099.35357107329,36398.0781659506
0211139110,8.0,196996.88499537887,161381.93565507536
02111500,278.0,127239.98951604037,104978.84285622578
02112000,187.0,531936.2234212549,448694.441002769
02112250,0.0,,
02113850,3.0,121153.8805372328,104647.89325627586
02114450,1.0,1976.3547007340703,1737.3321528685717
02115360,28.0,803426.1085866817,624435.0876490566
02116500,83.0,1442825.5114620372,1233433.6206471904
02118000,25.0,149617.00370476075,118902.49952510202
02118500,0.0,,
02120780,68.0,54105.643694435734,40515.97108146903
02121500,91.0,117352.69174059105,85038.76157727503
02123500,0.0,,
02123629,8.0,1088.0878483933122,554.2953315722594
0212378405,0.0,,
0212393300,2.0,541.5251252815666,439.83797283137255
02124080,2.0,756.2955714039598,526.1012913753426
0212414900,14.0,7867.709559477091,5648.824013700391
0212419274,17.0,5641.622912286341,4577.136819063647
02124269,20.0,2018.4532352673336,1318.4163374166471
0212427947,46.0,1858.695211939188,1235.0905226178086
0212430293,19.0,3249.7143295527108,2571.617463910134
0212430653,23.0,2181.4965698799933,1415.2685126048
0212433550,11.0,67668.24733974926,57051.312678439026
0212466000,29.0,3313.361400278474,2203.6194122905417
0212467451,23.0,2298.9014044654864,1736.5742525840303
0212467595,29.0,2678.7819549423775,1920.6207375429003
02126000,35.0,172148.35520263304,149305.54755713206
02128000,92.0,28979.4519590065,20777.043173054193
02129000,20.0,3246133.3330608597,2738350.251312951
02132320,65.0,74408.31300306803,59952.77300122144
02133500,0.0,,
02133624,0.0,,
02134170,59.0,625955.0218882449,517441.54945161415
02134480,8.0,11660.485276897403,5456.775979803565
02134500,24.0,383217.0165191349,292616.89512201847
02137727,0.0,,
02138500,315.0,145154.28757340834,118385.88003600296
02138520,22.0,661685.080134113,552882.9626306768
02138816,14.0,36047.54648424351,25824.19488386265
02140991,6.0,125288.68046265659,115198.63205142412
0214183365,0.0,,
0214192500,0.0,,
0214196125,1.0,1256976.880714455,1172002.4833297299
02142000,15.0,11471.631762331977,9015.877948583051
0214244102,4.0,2020297.0342346868,1906004.6130467972
02142654,0.0,,
0214265808,17.0,2318.2635472196966,1559.64458221875
0214265828,29.0,729.6518597715951,414.31987731616226
0214266000,6.0,6268.557946649526,5375.111903257971
0214266080,65.0,1481.575650277679,976.4103020483458
0214269560,8.0,5678.1112086139065,4248.14479986789
02142900,0.0,,
02142914,35.0,1772.9309673538626,1135.2349508466625
0214291555,6.0,5621.349933686167,4121.510312766512
0214295600,21.0,3134.583623214176,2000.295395736768
0214297160,61.0,1506.6007447024012,914.1022165557351
02143000,0.0,,
02143040,0.0,,
02143500,5.0,27966.39108087325,20049.62078388018
02144000,26.0,4416.974258488456,3143.569303957042
02145000,141.0,452298.06259556324,375592.291347514
02145268,4.0,6117.163625380484,3510.0975501194803
02146211,33.0,1793.9167801885762,1172.520848464556
0214627970,0.0,,
02146285,0.0,,
02146300,6.0,9527.753587323732,7826.082277225121
02146315,14.0,905.7019150095635,545.8965839285172
02146348,9.0,2429.255489678453,1622.7773793419717
02146381,0.0,,
02146409,0.0,,
0214642825,20.0,2144.134681521976,1451.9108141031043
0214643820,27.0,785.6931054873183,430.9476116811163
0214645022,8.0,4629.570074393651,3184.169888634483
02146470,30.0,1449.1898567023807,798.6193568594406
02146507,0.0,,
02146530,0.0,,
0214655255,25.0,1985.301496724423,1353.9045821319814
02146562,15.0,1853.8004273584334,1240.56175595
0214657975,35.0,1824.488124044252,1214.8763721414093
02146600,43.0,12327.41040634653,8528.795851107205
02146670,1.0,567.9513588557627,510.7885593297298
02146700,46.0,2069.0987340249653,1283.013233984624
02146750,1.0,12239.764021666098,9705.75374101333
0214678175,22.0,1979.824874136189,1305.4373427469588
0214685800,2.0,712.1406642832594,422.96215905205486
02149000,23.0,44374.47224162793,37552.42511591815
02150495,1.0,29205.44542301347,27784.196210285707
02151500,5.0,444943.46357618395,382674.7519319579
02152100,80.0,34011.958871784824,26488.65589132729
02152474,0.0,,
0215329875,0.0,,
03161000,0.0,,
03439000,1.0,68136.39098631663,66902.40533866666
03441000,1.0,34332.05399962277,32669.83408078049
03443000,5.0,210341.89278914832,192451.34164534757
03446000,100.0,68031.25033026213,54647.321828111766
0344632850,0.0,,
03447687,1.0,439511.8562348526,432075.09283999994
0344878100,20.0,156593.0096468081,132961.34518946984
0344894205,3.0,6173.829792673341,4786.767369230769
03450000,115.0,3528.442680528048,2890.6061080898044
03451000,107.0,84855.30127125996,68551.86963393146
03451500,1.0,313021.58416002843,265775.5343515152
03453000,204.0,149259.6129634723,120539.72253943945
03453500,44.0,709675.5606973618,582055.1972193974
03454500,10.0,615288.162658198,506844.25104459154
03455500,78.0,39829.780111249944,31926.22432133153
03456100,123.0,125120.03320482584,105173.11296117418
03456500,222.0,130675.83505220115,107254.10155720299
03456991,32.0,88621.42698386771,79092.4440197827
03459500,9.0,138766.83843508514,122690.59042535065
03460000,1.0,23316.365074864654,22768.753658666665
03460795,3.0,273109.25446945155,240999.38961851236
03463300,219.0,124890.72472005144,99593.5598277091
03479000,88.0,66052.3044639155,50862.96539163365
0347927162,9.0,3361.8182144684897,2559.862726185321
0347927164,10.0,3408.269132535674,2118.3563925968747
03500000,22.0,91913.63737910068,80160.87980399551
0350011450,16.0,110790.5020056232,90735.1315908677
03503000,2.0,158851.0457454167,142848.49161978497
03504000,0.0,,
03505550,0.0,,
03508050,0.0,,
03510577,0.0,,
03512000,0.0,,
03513000,0.0,,
0351706800,38.0,99974.80610218196,80683.28328056964
03550000,0.0,,
05051500,3.0,287249.8650998607,242991.84093294118
05051522,23.0,161163.4003133153,126183.28109826996
05051600,54.0,2510.7789262804563,1487.4463507661364
05052000,53.0,46925.324194775254,28340.458304953758
05052500,20.0,2614.8139429653843,1226.0022927472028
05053000,193.0,43515.295193178536,21006.069946877473
05054000,194.0,487134.76248676557,389720.7152119557
05054500,152.0,6460.107169065956,3765.711735975487
05055300,27.0,11734.676226490734,8520.511941030893
05055400,4.0,35267.214419956435,19651.939332679853
05056000,113.0,45164.2608174158,31647.667983432737
05056060,37.0,925.7312178112371,394.8337147278535
05056100,72.0,2827.507127477044,1373.9884101060584
05056200,71.0,5156.195499787569,1269.5285471965155
05056215,37.0,4258.711543540908,2033.4513963368074
05056239,57.0,2436.3453398899724,804.0874206027027
05056340,26.0,6925.837509382663,3111.8681131134963
05056770,4.0,51194.10025954815,39895.92214771051
05057000,114.0,129697.86981627268,90994.79955656793
05057200,102.0,5901.965786120812,4028.233182061529
05058000,36.0,77643.14619027586,59479.94822527808
05058500,39.0,90233.16248982777,45544.291928327555
05058700,30.0,70595.53598399117,58104.07307795816
05059000,119.0,108982.65094864766,82838.44915793261
05059300,6.0,200801.33179445422,146490.73047590398
05059500,135.0,66750.24636272545,52603.517249287026
05059600,74.0,415.7241346628157,168.37890216784905
05059700,118.0,5901.238697570513,4615.267557701012
05060000,53.0,116990.17939305016,79709.13593993342
05060100,67.0,19917.03661363956,15404.453093499522
05060500,124.0,2310.6142933272477,1299.915085060301
05064500,38.0,502408.26695002476,375135.51001229335
05065500,78.0,5945.799441364248,3282.642107375244
05066500,139.0,29622.87276855525,11240.93295434064
05070000,20.0,544313.8267787457,449483.94144341204
05082500,160.0,1114975.7325667753,920834.624257002
05082625,28.0,8451.377682356551,7146.126386527404
05084000,136.0,14122.111330294241,8883.73940699498
05085000,92.0,8388.566439878385,5281.149176679379
05090000,142.0,5370.815598060921,3113.8680692587277
05092000,81.0,1214554.2373438193,994375.7614649761
05099400,78.0,3286.129189025118,2409.728622955645
05099600,65.0,20237.939506852443,13885.41372084201
05100000,183.0,100167.51160297617,72668.53785268638
05101000,82.0,5361.023795991379,4082.144934609907
05113600,87.0,3505.2789942208447,1782.3924689885152
05114000,136.0,74681.9395787893,40380.509847340334
05116000,216.0,74892.06292869608,43881.45092665307
05116150,9.0,1185.9827008780965,369.8069728170564
05116500,125.0,4520.469983962814,3300.6329939386133
05117500,166.0,51922.8209534122,27287.093864102688
05120000,145.0,133543.87532566313,95559.12133414768
05120500,92.0,3196.968070290965,1363.365315709091
05122000,3.0,6571.034856089414,4825.96062202381
05123400,90.0,8401.34589303235,3409.6005238714542
05123510,61.0,1243.4683146661869,439.1029896904115
05124000,50.0,33483.50786010264,15080.542796944408
06330000,8.0,11405545.977604644,9137057.415553246
06331000,47.0,9759.797558267715,7641.747624713238
06331680,24.0,1410.493547550688,956.0796242758282
06332000,80.0,4221.8137783457605,3354.5799640250343
06332190,1.0,19604.58737957305,19541.153120693332
06332515,106.0,1419.3587045149084,802.8714491388317
06332523,68.0,2428.472782351717,1500.9202907971542
06332770,69.0,2956.05344949627,1538.411935745613
06335500,26.0,1307.2950750927748,458.86986553746135
06335750,33.0,1717.6135354129765,1076.7317802016696
06336000,133.0,81183.3456037496,58112.59868292476
06336600,67.0,5625.000007925989,3711.3160318996106
06337000,138.0,72961.36235629716,48717.5923211832
06337200,7.0,5694.840885507544,3896.8301381711826
06339100,109.0,3744.5411022833805,2569.308075879354
06339200,2.0,466.18832428242746,235.73088551409396
06339500,138.0,9129.508976770665,7060.402274712353
06340000,63.0,6502.501688576397,4648.600552672897
06340010,24.0,73985.88356153017,56249.56792405769
06340500,152.0,26298.687996810408,21340.39757021176
06340590,9.0,98326.26161918405,83477.78488635852
06342260,104.0,7557.479320625034,2998.9880157675057
06342450,64.0,945.3963810565141,407.2633253868393
06342500,1.0,17762223.142143995,17445678.785400003
06343000,67.0,1558.2065252129046,977.6611206440805
06344600,112.0,2320.574771866198,1643.3938766784606
06345500,116.0,12651.667644368614,9038.044509041656
06345780,39.0,22691.619824316404,15324.45206533039
06347000,50.0,2345.2554399248156,913.3394401304059
06347500,81.0,4574.768063673157,3541.4662608304334
06348300,61.0,124749.14059118196,91390.70200646298
06348500,89.0,4797.995888716096,2112.3529355471646
06349000,157.0,92725.70898522218,70471.16213208466
06349500,107.0,8545.391410702547,6472.223639463809
06349600,12.0,1700.7050534224816,1113.6050200675002
06350000,127.0,5828.076386784636,4770.307101028731
06351200,30.0,20877.696958092674,14317.46223162079
06352000,124.0,4516.792216369614,3470.9998511012254
06353000,97.0,14731.578626629542,8053.134733046812
06354000,185.0,117049.02451630088,76396.34243976066
06354050,0.0,,
06354480,14.0,662.0828488511672,469.6204012017003
06354580,42.0,9269.203332546345,7175.125392652067
06354815,33.0,4941.277242618414,3509.5080632796403
06354890,5.0,1334.3320243167077,819.6692721125381
06354980,6.0,1710.8373350759796,962.3693623192662
06468170,87.0,4454.653735608293,2454.371177399483
06468250,54.0,6993.328327248538,4804.759343292914
06469400,69.0,8344.45659434026,3975.769072266965
06469500,42.0,3209.9591942750408,1881.7681062590548
06470000,154.0,58865.663736255854,34024.15992127499
06470500,106.0,151879.38324142134,85768.53428523838
06470800,76.0,3655.1791143485916,2228.9483103231955
06470878,51.0,73926.56061070948,55422.28294868129
06471200,95.0,4024.080820051163,2662.271902928096
03086500,12.0,14101.102520767105,6737.009871871744
03090500,0.0,,
03091500,17.0,148903.84511185045,123447.67111427056
03092090,16.0,4902.901354011257,3948.8111001510374
03092460,27.0,96046.98727632564,78275.46412250951
03093000,133.0,41691.20080371464,31835.359868153853
03094000,35.0,127020.67402709585,100615.45879244922
03094704,7.0,3430.675925959956,2147.9737663850665
03095500,20.0,45260.1371502789,28014.966781513023
03098600,0.0,,
03098700,1.0,2357.165756044002,1558.2168601212122
03099500,1.0,130627.19208196094,104812.278272
03102950,18.0,15904.441684524216,12266.633975604353
03109500,18.0,58249.30128607556,51441.07225437707
03110000,215.0,115135.52927361974,81526.32654426749
03111500,5.0,30427.98656856146,27588.545676909092
03111548,37.0,33402.752167570456,27250.475793202535
03113990,38.0,93276.40545389224,59174.73321951226
03114306,8.0,21946120.367778048,20258252.653123703
03115400,21.0,4278.880206894492,3195.9105485572
03115644,16.0,20797.93159075763,14037.728026117971
03115712,10.0,5989.032387802046,4418.74294723941
03115786,18.0,49924.19694754805,34678.66864733156
03115917,0.0,,
03116000,3.0,126106.12489588713,100007.55333371427
03116077,6.0,3779.4331628344635,3358.706674523383
03116196,0.0,,
03117000,1.0,96725.5302870163,92475.38014222222
03117500,0.0,,
03118000,65.0,9994.359712033973,7865.92361488301
03118500,1.0,17833.68323715153,15967.374153513514
03120500,44.0,5934.168064012479,4405.455385512677
03121500,13.0,48730.46575297879,16041.643332059186
03121850,0.0,,
03122500,8.0,338568.27239644085,321067.63219033636
03124000,2.0,51222.796452038216,35655.1267970411
03124500,2.0,48692.50691447011,33155.11363709091
03125338,0.0,,
03125900,1.0,3738.6734426871926,3459.430258168889
03126000,78.0,29358.595215138004,22058.01973596716
03126910,14.0,40162.89576353507,31794.18296471892
03127000,86.0,79454.21706854482,59768.50910614857
03127500,56.0,56703.982525631465,41639.09362658551
03128500,58.0,13673.593709470691,9682.561606660254
03129000,119.0,856286.0004883509,723926.2507205707
03129197,12.0,4785.248519803346,3289.536657581629
03130000,84.0,88854.90672860341,61607.27782531916
03130647,3.0,2704.3009251754584,1950.876948601905
03131122,0.0,,
03131300,0.0,,
03131500,34.0,133705.45844804955,123036.44414848191
03131965,1.0,5158.66437436503,4617.206181898508
03131982,0.0,,
03133500,83.0,70367.19204217379,51611.95925139375
03135000,82.0,59855.9753333576,45083.28703663751
03136500,4.0,29829.89319565448,27896.503156190483
03138500,14.0,326546.557951471,299099.1575804878
03139000,35.0,74572.48528902631,67953.82165240968
03140000,87.0,3463.410161013555,2289.5749870830296
03140500,27.0,1090201.1635636576,997829.0652248007
03141500,92.0,31055.541809297873,18520.061552859774
03141870,10.0,5308.746061184723,3700.151987159615
03142000,9.0,11082.944180623765,9425.915411607477
03143500,99.0,400388.36135752004,277710.6064072785
03144000,92.0,23771.44710451803,18814.512552144737
03144500,6.0,1105063.7269562639,1061141.1618945273
03144816,10.0,2147.049393234736,1351.999221218414
03145000,58.0,22030.72312915635,18085.233678147706
03145173,25.0,79331.32869107022,60469.12665712125
03145483,7.0,17602.395524041418,12597.119993082706
03145534,10.0,28982.419555271266,24666.410548347587
03146000,50.0,20982.39625254683,15404.389576039079
03146277,3.0,52957.02295129947,44831.4025484654
03146402,0.0,,
03146405,1.0,33191.53570005437,31687.566685
03146500,26.0,100518.49243911786,95440.40914855697
03147500,45.0,149583.06769167737,132624.64944643693
03149500,15.0,5227.59032691518,3952.902566532455
03150000,123.0,3229390.366957867,2754636.3814820135
03150500,14.0,2918084.315249955,2400163.1664207224
03156400,10.0,11505.337678485954,9918.980966538395
03157000,29.0,21915.740905540613,19616.089009906143
03157500,33.0,71360.17872937427,63954.752955925054
03159000,54.0,26169.56544763414,19572.072931337265
03159500,1.0,59714.886478064174,58696.535459809515
03159540,36.0,10779.798801695526,5829.429920051779
03202000,23.0,46380.3801551097,39576.972782901306
03205470,14.0,4831.4357472925185,3546.4181393879653
03216070,0.0,,
03217424,7.0,24163.790603155147,17788.63711336408
03217500,49.0,40175.27326205594,28269.121318453006
03219500,92.0,57926.79122082549,45015.37824406151
03219781,6.0,5179.962590464014,3538.454495170492
03220000,65.0,11050.39053868207,8736.063926162697
03221000,112.0,135310.14401225394,118573.3761135192
03221646,0.0,,
03223000,44.0,12737.317066128413,9497.975928640986
03223425,29.0,5723.071849217361,4308.525768475383
03225500,129.0,45615.889957135805,35666.58408911511
03226800,21.0,49132.05795699782,44276.71005073727
03227107,0.0,,
03227500,21.0,216062.6752639363,201587.84765847048
03228300,46.0,11466.406133962932,6187.872587154307
03228500,106.0,68878.99596726461,52016.892091511574
03228689,2.0,1917.8275763374081,963.7424562937499
03228750,17.0,7173.346050862714,4969.675301335212
03228805,110.0,28843.686318555618,17727.546704221695
03229000,23.0,11389.019357507113,8638.38020988879
03229500,50.0,55669.817015668894,47741.60054852034
03229610,9.0,783433.1861781123,701074.056422716
03229796,0.0,,
03230310,67.0,92457.94916647497,64155.97536941634
03230427,3.0,2253.580581652597,1067.321908006107
03230450,32.0,4085.8987002367844,2011.0048705195609
03230500,111.0,68893.69124517581,53264.70458546798
03230700,4.0,681045.4890608223,630382.096053012
03230800,3.0,10624.578767024435,7640.400518929323
03230900,38.0,85755.50753123849,62423.42480442226
03231000,5.0,9467.555041711956,7497.696098966666
03231500,83.0,770523.5518930926,688910.2400272668
03232000,10.0,5072.901772357033,3857.518994980602
03232300,4.0,6721.192510925915,4793.7150654356155
03232470,16.0,67017.33034602179,55756.08573709699
03232500,38.0,14455.020400915924,12271.838701058603
03234000,124.0,158343.82603136564,121074.6453010711
03234300,41.0,193003.12401744566,165412.88519813513
03234500,18.0,1191097.401060101,1092187.75656
03237020,0.0,,
03237280,74.0,1010.0966293383581,506.70388109252826
03237500,83.0,32121.20197367487,18734.095998258475
03238495,0.0,,
03240000,30.0,23487.60375308829,20712.06848838068
03241500,24.0,6316.79539616368,5208.372922365435
03242050,6.0,148640.25223846466,135841.92556490705
03242350,0.0,,
03244936,8.0,6841.7279590787,6122.546540936788
03245500,50.0,172008.29404291493,148499.19462294478
03246500,40.0,33251.16966160086,19381.563429388254
03247500,82.0,49337.81996850604,36331.89985833824
03255349,0.0,,
03255420,7.0,32703.81822774692,25495.002757275
03255500,9.0,1872.3520545991541,1227.8285448301885
03259000,44.0,36611.09214516985,28964.125131729917
03260706,1.0,10871.16949970997,10450.157871599999
03261500,74.0,70601.9217225192,62803.811164773666
03261950,87.0,20193.10611615842,12777.847729185552
03262000,207.0,68710.87626261369,42002.77404530458
03262500,20.0,257653.05845545634,205940.62442253216
03262700,113.0,306998.05394573347,246601.3140609697
03263000,3.0,96943.88154320346,86487.1889952542
03264000,203.0,101785.39550387298,76259.38074631081
03265000,73.0,84770.53638472497,70126.70711837857
03266000,46.0,62002.14690775809,54768.67966913007
03266560,0.0,,
03267000,154.0,78288.74784297434,64805.8473187624
03267900,36.0,155930.45823641226,144431.6405031605
03269500,0.0,,
03270000,40.0,208726.32980835883,184387.21141534034
03270500,16.0,459329.0118423449,418146.6339479326
03271000,15.0,7708.527658151184,6184.023849346534
03271300,3.0,5724.289031511815,5134.789342852525
03271500,1.0,519227.83367015223,513061.3201333334
03271620,14.0,1033430.9639162631,908927.4283461819
03272000,2.0,7882.63905868017,7781.990644510636
03272100,20.0,890596.4906300389,800928.7007599144
03272700,25.0,4778.684754267049,3901.6237140998282
03274000,46.0,587266.2435932994,529523.0525972617
03322485,7.0,4788.678432362024,4032.0372045064373
04177000,65.0,32457.154312575774,23812.002837256903
04177266,11.0,40313.40113749221,35157.30415050651
04178000,38.0,61622.615786115806,53268.60925287269
04180988,0.0,,
04181049,11.0,61165.21572597064,54088.07486115
04183500,74.0,390710.17967331136,331702.54162221245
04183979,11.0,661.0657137439474,244.1610292675035
04184500,144.0,113968.14445387498,84977.55447927432
04185000,129.0,70067.97760824625,56257.86905869851
04185318,0.0,,
04185440,70.0,901.9222309573046,477.8728925751665
04185935,21.0,90932.30506606221,61587.02463943371
04186500,0.0,,
04187100,5.0,6877.376580829169,5741.2607596097905
04188100,10.0,71801.75894020572,63156.190337211585
04188252,17.0,1282.0711414005186,616.9997215389349
04188324,12.0,1579.5600112560005,934.6362329951872
04188337,33.0,17742.262207886903,11572.161699579006
04188400,29.0,42503.740677463946,24771.285512069866
04188433,24.0,696.4432488290004,248.78428330703315
04188496,29.0,4496.401010804742,2394.8679866939224
04189000,0.0,,
04189131,16.0,59744.535879369505,48934.665541570605
04189174,8.0,4387.554138563204,3685.039268297777
04189260,13.0,65740.54974815855,53896.64689693215
04190000,7.0,14601.04409724615,12326.082575667819
04191058,1.0,3957.4611210337553,3351.323409987879
04191378,1.0,3705.360532076072,1368.4268465756097
04191444,15.0,703.5348434476979,322.8441867861111
04191500,50.0,213035.62212539645,148051.12000422223
04192500,38.0,459620.6165959707,410973.88020575297
04192574,14.0,721.8460478469412,300.8463285188603
04192599,11.0,3417.7413709618036,1321.9543393483077
04193500,2.0,2063042.3969983088,2051091.7452498768
04193994,2.0,3790.233858544067,3117.816343189874
04193997,2.0,6914.264704015867,5907.2788264969695
04193999,3.0,3189.7453672987526,2068.009358523077
04195500,10.0,8805.532035575834,7551.3425343185845
04195820,17.0,52870.484401814145,44703.322413622736
04196000,20.0,6121.739473842775,5251.477512801954
04196500,13.0,8053.22215534842,6269.973443607595
04196800,100.0,57213.58031201659,29155.255290925048
04197100,88.0,21518.678765975725,13266.30888549486
04197137,29.0,244465.69250802978,174414.3702378395
04197152,13.0,217.698040142886,66.18909976756126
04197170,57.0,4202.678178995545,3355.596915226473
04197277,5.0,5054.720750291618,3882.509974126531
04198000,181.0,270518.26391855784,182478.7948103967
04199000,5.0,41282.04135453985,34900.00709251977
04199155,46.0,2454.599078770556,1341.2650681716113
04199500,28.0,12183.850742197812,7525.0773394304315
04200500,7.0,48043.93858644178,30766.25152378808
04201400,3.0,63944.088263122925,50751.951868274635
04201404,2.0,1826.427446200869,1221.6855850953846
04201409,3.0,2731.8666547805565,2030.0958364341086
04201423,4.0,1122.955761669693,619.5478850450979
04201429,5.0,1393.3383755155526,721.7958158091286
04201484,0.0,,
04201495,0.0,,
04201500,4.0,48411.27444077732,23076.432842527363
04201526,1.0,2555.4444539357005,1769.6297556250001
04202000,152.0,141948.12815675492,120546.30221996775
04206000,4.0,109242.96778609832,102698.38987777775
04206413,8.0,2017.4752572785317,1459.7446301974683
04206416,1.0,3560.450359501852,2819.070524106666
04206425,20.0,604632.7984270448,529001.5480716588
04206448,0.0,,
04207200,1.0,16564.68710219607,16176.0724872
04208000,0.0,,
04208347,0.0,,
04208460,0.0,,
042085017,0.0,,
04208502,0.0,,
04208684,0.0,,
04208700,0.0,,
04208923,0.0,,
04208943,1.0,1046.9206925653357,943.6231106042553
04209000,21.0,63813.40024243106,53538.30459654963
04212100,3.0,30490.77658141562,28474.79405057143
04213000,1.0,5540.653780294133,5021.755152914285
402913084285400,23.0,2552.8499188417954,1412.762869965232
402958084363300,12.0,2800.721470187386,1738.8519682898436
410051081594500,5.0,3677.6292986317,3150.918064349999
412453081395500,0.0,,
412624081450700,0.0,,
07148400,112.0,78886.32416381135,52166.90028612544
07151000,119.0,148718.92075633028,115019.64308724031
07152000,18.0,35812.74443889562,24208.043570970473
07152500,86.0,929864.9189595636,749997.353455235
07153000,127.0,13371.845900619677,9296.875183212802
07157950,47.0,57981.105716431826,20335.999165610956
07158000,152.0,111075.88336936828,72681.40713209641
07159100,16.0,71103.3566087375,60040.816328051325
07159750,91.0,115512.02161345675,89735.55048215942
07160000,181.0,576715.3178669434,432743.8360336489
07160300,12.0,1639.0444066447956,1106.343600051312
07160350,12.0,5873.2640762746005,4416.553972096703
07160500,30.0,11025.111898566953,8474.906292945565
07161450,15.0,303190.5445246461,248790.9019558236
07164500,15.0,847936.3097757739,742697.7213681734
07164600,0.0,,
07165562,12.0,950.7799982335636,612.0262188341231
07165565,46.0,1455.2317969737614,762.7054248028078
07165570,8.0,1636598.5382399352,1407534.7029444706
07171000,97.0,162555.22405305644,107357.17774194623
07174400,67.0,173910.5017712105,110592.54887466993
07175500,114.0,92703.92831472788,69392.34348336475
07176000,103.0,261587.22970600895,163799.97770940058
07176321,6.0,14545.517603870585,11820.159393617909
07176500,154.0,38893.189044677354,25835.160341026694
07176950,15.0,4028.519296104804,3033.5024705800993
07177500,99.0,94937.55757801003,61036.32884769767
07177650,108.0,1325.4351719107437,763.5690435068803
07177800,26.0,2917.1478541791403,2207.2078556685483
07178000,6.0,127959.92675390941,73290.53450340136
07178200,92.0,306357.5859450875,246502.90404311594
07185000,121.0,503067.61776933924,327059.71285235224
07185030,17.0,571.741659317151,293.4783117667044
07185090,38.0,4011.0310532676453,2853.7903340791117
07185095,46.0,7668.6378624836325,5801.786341522981
07188000,72.0,467353.3129311714,395592.3058901929
07188005,19.0,1518.6110700871209,1235.688506216022
07189540,52.0,3508.7443632090935,2997.1904772523926
07189542,1.0,12761.402795074773,12513.94880884706
07189700,13.0,980.2079279087891,552.9743990152111
07189710,9.0,591.8238471423812,242.69528745930472
07190500,2.0,1251913.8532375805,975873.096745
07191000,47.0,9581.797648782791,4363.329937306173
07191220,92.0,39999.170287657515,32559.224400946714
071912213,59.0,129859.040607843,104104.50895681829
07191222,20.0,8203.867658608262,5685.250339807724
07191265,3.0,4470.334865931678,3275.5936573866666
07191288,30.0,121842.154912723,102342.59113954763
07191500,16.0,1035850.0897458222,839636.8477069503
07194500,0.0,,
07195500,74.0,174859.37953258172,148942.5432443564
07195855,6.0,7421.423223755347,6117.376188659341
07195865,10.0,5079.035737841143,4209.548010476836
07196000,87.0,33505.55898872742,27270.242269722552
07196090,0.0,,
07196500,7.0,64856.89115846804,48402.14682825001
07197000,132.0,79637.80903254138,64080.84015739424
07197360,53.0,35174.49286206596,27810.022303522182
07198000,47.0,381249.85451083985,290470.7215848192
07228500,13.0,11855.509323888924,7709.591084844608
07228940,18.0,113377.4677450357,76887.63462558792
07229050,2.0,15037.681854851748,10539.016575845782
07229200,4.0,72604.90123317229,52350.7536696875
07229300,14.0,21029.97105876462,14116.640571832942
07230000,94.0,19227.125957126733,9029.528292751258
07230500,175.0,28985.551371204514,19415.771025866954
07231000,36.0,6044.508367479816,3152.165279519805
07231500,66.0,229151.88117577127,129067.71125500742
07232470,4.0,2820.0298062674915,2414.4122365470794
07234000,106.0,6043.914694905265,2857.8585492433126
07235600,28.0,16400.437712273888,10631.548597244668
07237500,179.0,75507.46681597293,50755.77088581151
07238000,114.0,126840.86114417335,84592.74759460613
07239300,42.0,19706.609854098486,15662.846075432073
07239450,78.0,69930.5401432496,50029.18515870559
07239500,200.0,81148.3257849395,54764.185209131065
07239700,44.0,76457.7478372502,56575.98207484286
07241000,109.0,30401.26474440387,17196.359976114145
07241520,7.0,183015.12541128852,163820.2475494706
07241550,0.0,,
07241780,19.0,2084.1679487041283,1587.9622437319501
07241800,0.0,,
07242000,84.0,175483.64596470512,140759.50395910218
07242380,70.0,58225.465595211375,43409.106535221494
07243500,134.0,118462.05383519456,88381.77253021619
07245000,17.0,911102.78066889,738088.3385837203
07247015,24.0,6668.381679274767,5029.082798901832
07247250,41.0,7696.929374030292,3873.825388128012
07247500,179.0,16270.345355349542,8668.883576535047
07249413,37.0,137832.2384899216,97094.35658047123
07249800,24.0,12447.640945138413,6999.5748774942795
07249920,49.0,33394.423209200606,21230.192588753245
07249985,116.0,36749.797764697556,21515.470635310987
07300500,88.0,6094.07946576301,2480.7819962345934
07301110,40.0,34072.96480147312,22710.603771883325
07301420,40.0,24744.364966737612,16713.391428047224
07301500,159.0,65130.46750490532,37145.77004784557
07303000,91.0,2159.4675319754206,1367.7922661806213
07303400,39.0,13023.014476085755,7771.048943900648
07305000,45.0,22948.35658218678,14613.565751648744
07307028,87.0,108701.09640189697,82101.78294917656
07311000,228.0,87430.92307410463,60011.79782244535
07311500,123.0,6291.962699192433,3893.39855031492
07313000,14.0,2829.1572704567006,1061.3582881786601
07315500,49.0,305966.94859064074,246003.85597545892
07315700,132.0,17528.145901223194,7246.809973035206
07316000,59.0,348046.5228786518,274173.2470746816
07316500,116.0,5999.082623227825,2943.5198534515603
07324200,41.0,20868.44292600432,5853.746400374502
07324400,74.0,9784.98078428672,6286.1351752689825
07325000,205.0,47514.315104509835,34471.73955502827
07325500,101.0,78507.39174663204,63759.5784934468
07325800,24.0,21973.776221569453,13606.359802116809
07325840,58.0,4221.558636933166,2287.171627955642
07325850,59.0,5319.072624984444,4009.466217608572
07325860,94.0,2579.0067091091596,1904.2751149666926
07326000,167.0,41561.100557302154,14776.71821955692
07326500,100.0,154595.26933704695,127206.29695287
07327442,79.0,3376.256071481938,2286.1341050810565
07327447,26.0,4601.618075877815,3299.4583638518056
07327550,7.0,8496.056377495896,5506.565012783721
07328100,8.0,91511.36003135575,79691.66503217875
07328180,80.0,1100.1414281113389,714.1377007627659
07328500,122.0,596578.6674260802,459995.5513488538
07329700,63.0,67163.63249872098,45286.513794630286
07329780,2.0,1085.4885764896949,968.2762297684212
07329852,76.0,12362.505517780166,9413.636414927643
07331000,61.0,325931.79778426414,241002.83303811398
07331185,9.0,554.6197264061312,257.8330729918605
07331200,34.0,3776.974279674912,2912.338372342625
07331205,6.0,3628.233223250515,2678.730888201709
07331295,16.0,7152.287532713609,5291.816489207429
07331299,1.0,8163.641052027819,8005.393381848275
07331300,2.0,3252.2314069854806,2609.0903180116507
07332307,7.0,4072.5825823530104,1627.3854716955977
07332348,2.0,42915.227712968874,38918.095073057855
07332390,50.0,47076.88604451583,37146.00735480118
07332500,5.0,10238.82614012274,8261.9996718
07334000,63.0,36100.82582961475,27794.182089776597
07334428,7.0,1299.6025085602264,680.4550603069943
07334800,26.0,48374.78190931157,38959.42390080938
07335300,53.0,134514.97229867164,103360.00111515644
07335500,62.0,3631379.7599678324,2936604.804705506
07335700,66.0,2644.063983802892,1262.3571307106272
07335790,69.0,173570.354106516,73864.7894089371
07336200,74.0,57910.59362081142,33795.14293809505
07337900,84.0,25115.955202334833,15114.159108406631
07338500,106.0,198164.4485591007,137413.86436199237
07338750,35.0,22716.759395556706,16441.610454049114
07339000,58.0,95571.11850432005,56658.14254077308
10386000,4.0,5654.422397495938,4824.47160460241
10396000,78.0,42219.960769097255,20538.877051566622
11491450,1.0,408.6765891420989,323.3287196444444
11491470,2.0,2936.811502643521,2217.2623427111107
11491950,0.0,,
11493500,65.0,52151.550959166045,11996.089677373111
11501000,0.0,,
11502500,2.0,153060.38152844505,150746.43781333335
11504115,0.0,,
11507500,1.0,314220.06271185126,230908.72738341463
11509500,15.0,979280.9028274205,565447.114375419
11510700,0.0,,
13181000,115.0,195829.82682677195,166815.05444449242
13183000,73.0,52789.433504093686,34252.15155596823
13215480,1.0,2552.4261376551785,1852.5499102933331
13233300,89.0,191357.24195884197,146248.572793572
13290450,0.0,,
13325000,78.0,8583.556165865963,6512.405328296242
13331500,98.0,112875.9366578742,94134.08775548969
13333000,120.0,1199510.3519620562,1050548.7813096282
14019200,0.0,,
14020000,109.0,45172.081910809786,38874.08920891956
14020300,62.0,51614.209176491626,34316.52405746619
14020850,38.0,74856.9163966849,66025.50720593143
14033500,145.0,82830.8847535358,52920.50605177386
14034470,57.0,4410.046750091496,3058.4452688177926
14034480,23.0,2890.5531837590147,2078.4696745389147
14034500,96.0,8378.949599817384,6299.940956839754
14034608,21.0,5927.231061778572,4667.697087069742
14036860,1.0,28209.668017912714,28128.77351277419
14038530,0.0,,
14043840,16.0,28166.25398558111,24119.736685619166
14044000,11.0,78341.79915078002,74380.37746023302
14046000,107.0,181139.591032867,154381.17722035985
14046500,59.0,169860.23414138387,135372.02338916654
14046778,19.0,10645.871426353386,8086.385316209509
14048000,174.0,425600.05324466317,323234.29749604047
14056500,72.0,725308.1014880846,588473.6728434316
14064500,3.0,1353785.3134964711,1337947.4230244658
14070615,18.0,3213.231279843693,2122.140736682135
14070900,1.0,8136.494524939601,7482.98934736271
14076500,1.0,171481.08800191406,170156.0237495652
14078260,2.0,8689.787390283116,7507.2484681999995
14087380,15.0,74148.43743542845,60350.089015080455
14087400,0.0,,
14091500,1.0,14516.844353021057,12627.272727272728
14092500,0.0,,
14092750,16.0,27436.9656880872,22967.98971207111
14093000,15.0,46724.318626330176,42231.54572326793
14096850,46.0,9878.07859302711,7311.728123082025
14097100,0.0,,
14101500,25.0,132877.9452145464,122178.88316834783
14102000,0.0,,
14103000,0.0,,
14105700,0.0,,
14113200,54.0,4008.549510869821,3291.1359103585087
14120000,2.0,215624.81742683527,181730.50642999998
14137000,16.0,185883.0806240012,163856.3959731352
14138720,9.0,15380.522274964856,12636.079990645012
14138800,51.0,2173.560019118883,1743.457383519181
14138850,59.0,61513.01239201357,50462.386661575445
14138870,63.0,4485.535051746378,3431.404615314059
14138900,41.0,12460.204219524825,11341.934815766941
14139800,63.0,32843.48755207368,26058.499905309844
14139940,2.0,91322.48650213504,77151.67386476837
14140000,85.0,97259.72136201142,67274.11242601162
14140001,75.0,597113.6825456679,565181.7123906031
14141500,115.0,21206.540904877762,18150.05324301348
14142500,1.0,615513.6055793144,615249.3883200001
14142800,32.0,2527.940853833781,1675.608721952842
14144800,57.0,298468.3696126617,218856.1566264925
14144900,48.0,153865.80611613698,114906.98850518651
14145500,6.0,263737.4153553894,216772.0811850445
14147200,2.0,47473.800311010746,35893.61649418556
14147500,91.0,308471.632362436,230967.23138519994
14148000,104.0,709196.2162829214,557257.3780015289
14150000,99.0,736126.9753970682,547900.915365765
14150250,1.0,1057.6926310725944,801.8182827707316
14150800,60.0,27100.093364330794,16759.192920235528
14151000,11.0,66520.50406400955,48644.43392334622
14152000,12.0,1062045.5711781099,623137.6254078955
14152500,88.0,34682.75763583047,26112.066887923207
14153500,62.0,35297.883280184964,30769.865798730123
14154500,16.0,26721.07791492887,25591.30990291643
14155500,115.0,164115.11845326636,128592.77204713754
14157500,58.0,251766.64706436882,199419.10017933932
14158500,0.0,,
14158740,7.0,87070.55398459396,59970.725156711276
14158790,67.0,7938.306688391157,7319.894697768538
14158798,5.0,4618.150959495816,2997.4442011551564
14158850,0.0,,
14159100,0.0,,
14159110,1.0,421345.7642467849,419431.3317333333
14159130,4.0,22498.673230370452,21158.292866382977
14159200,64.0,122074.405061226,104380.70462299595
14159500,124.0,433508.924914613,324262.3857336023
14161100,1.0,11156.285240076528,11098.45613410909
14161500,79.0,15864.745713045637,14463.090879959187
14162050,4.0,2333.664846041875,2072.8025509066665
14162200,2.0,277060.0463953411,204411.28728296302
14162500,22.0,1081708.0477427754,853246.5032516129
14163000,0.0,,
14163150,50.0,563129.999864413,318843.64264136995
14163900,36.0,492999.37682035746,419625.66606578504
14164550,8.0,2994.637703117113,2480.269296994834
14164900,0.0,,
14165000,89.0,34328.8323174605,28270.06604692264
14165500,1.0,1680112.725559187,1670907.014009756
14166000,0.0,,
14166500,0.0,,
14169000,142.0,60488.49983317357,48565.403289891
14170000,133.0,74438.40714881431,64800.56107804205
14171000,109.0,49429.1450481258,35364.57734430053
14171600,1.0,1004258.2165075454,863256.0958222223
14173500,59.0,317524.9621977679,227323.64586347903
14174000,0.0,,
14174450,4.0,19203.03708062521,16077.540662857142
14178000,0.0,,
14179000,16.0,101756.66660810643,92716.1417801739
14180300,33.0,22834.96065716806,15723.83142976072
14181500,123.0,972232.9767547123,766704.7474757517
14182500,109.0,66156.65401424839,56694.4324769542
14183000,64.0,718655.9991284529,571904.780931051
14184100,19.0,796619.905418599,689376.8949649842
14184300,3.0,18415.67026189615,16731.170264979737
14185000,135.0,266133.8796585154,183395.08201018505
14185600,4.0,14238.639430137415,8461.219105219046
14185800,15.0,64903.93181100257,59979.3694591579
14185865,0.0,,
14185900,68.0,44142.005929999104,38687.89819837679
14186700,6.0,450552.3480578906,368080.0482395209
14187000,75.0,27430.260788872198,20751.353340735932
14187200,50.0,644714.5795708767,490039.3724812326
14187500,130.0,1167627.8617720953,883190.6253488841
14188610,37.0,1768.8196506063996,888.4787407288946
14188800,57.0,35527.29057986314,28637.036190221424
14189000,69.0,2061177.4445290177,1772062.9337596125
14190500,125.0,274289.00258745044,205713.88328189254
14191000,114.0,7326438.494488293,5860697.174391864
14194150,43.0,85978.625300969,65209.42870854856
14197900,8.0,3554639.401678694,3108044.800978016
14198400,59.0,1722.1768364278632,1095.801374551984
14198500,55.0,52467.30134203631,47844.485314328995
14199704,37.0,1809.9843996281463,1339.3589101387872
14200000,78.0,128733.30380230772,110870.70635855793
14200100,4.0,1606.398987239493,1115.4291143564103
14201340,31.0,142552.20004915478,99156.54360296842
14201500,61.0,73935.62554072001,50884.04561113048
14202000,72.0,128766.09355936234,97775.37773627098
14202650,7.0,7858.278238002222,6189.1304329054
14202980,37.0,95780.99748076485,58295.615086522565
14203500,74.0,96890.15842235956,62023.049696883936
14205350,4.0,8503.105491300292,7554.848839738182
14206241,5.0,368752.8643880374,342613.8572963556
14206900,59.0,1251.9211526998745,637.1106993014539
14206950,23.0,5206.40633997017,4362.567590098568
14207500,74.0,125174.53076746584,76150.66691348453
14208000,0.0,,
14208300,5.0,67658.48693064864,61150.86442564923
14208700,76.0,63106.65856111869,44317.87934602735
14209000,0.0,,
14209250,22.0,84311.71013596875,67840.23937791336
14209500,28.0,282451.68672876235,232353.46574324602
14209700,23.0,27659.95661411001,23443.664172688754
14210000,108.0,657986.4918726773,545544.3528306303
14211010,18.0,722556.4314525292,618755.7274128852
14211315,34.0,2315.4985856702697,1790.644139385913
14211400,38.0,3702.199634297202,3225.2782768485044
14211499,37.0,1388.4962306151554,932.4053387238095
14211500,81.0,3802.2662741595336,3286.4450441941653
14211542,2.0,3149.7124006867343,2679.3100338758622
14211550,14.0,23993.042059045616,22485.472517775277
14211720,8.0,19772425.49040447,19740264.2496
14211814,46.0,3554.3593498985033,2701.945601986197
14246900,0.0,,
14299800,0.0,,
14301000,108.0,369236.4476157846,293583.01342530537
14301340,0.0,,
14301500,113.0,107140.29286618503,93724.0333262612
14302480,10.0,73193.10184094906,68462.85046669973
14302900,64.0,4832.208333862556,3710.107298069296
14303200,67.0,3007.014698504031,2372.7802597623668
14303600,43.0,102347.37249611127,92961.55607684179
14305500,100.0,93455.75167134021,80890.34268901085
14306032,0.0,,
14306340,57.0,2556.5508207781304,1840.6872638226353
14306500,91.0,77199.32658946501,64706.251543270395
14306950,0.0,,
14307620,45.0,122516.75507606704,105102.59530293864
14308000,70.0,54521.6957142664,50555.01202978683
14308500,77.0,3439.3140269638006,2533.060999637594
14308910,3.0,550397.681878916,395942.0677579559
14308990,42.0,10401.122530244647,9360.794185772615
14309000,165.0,77722.68473013106,55298.71391846722
14309500,0.0,,
14310000,87.0,121096.96964358169,96590.17171038943
14312000,114.0,178384.19024558476,146009.2117601753
14312330,1.0,148973.63011841962,104905.14760142221
14313200,71.0,49946.83901978188,29858.577971712777
14313700,60.0,81836.46330826163,48295.09726549659
14314500,202.0,124994.51503785224,93244.83352858132
14314700,34.0,42891.557310219796,16073.415175124404
14315500,43.0,81496.29203967014,45442.50436564774
14315700,23.0,286714.4766833105,152026.55837898384
14315950,25.0,35725.99130659202,30243.88801425245
14316455,0.0,,
14316495,33.0,23927.253673111558,15277.748666928035
14316500,0.0,,
14316700,86.0,50063.2794652234,39953.41550356839
14317600,31.0,25409.548072430254,20903.241368707255
14318000,76.0,33821.47503224428,28110.759618643773
14319500,40.0,668905.3845597769,567021.1248148875
14320934,25.0,2845.5918964853113,1465.4193474725462
14321000,85.0,973166.0642866413,853937.6232745271
14325000,128.0,52704.88817795686,43199.09112250317
14326300,3.0,18061.825148510114,14754.720295914147
14326510,3.0,73818.56527810762,46332.958223790396
14327000,35.0,220720.04130154676,155715.6595909043
14327150,4.0,18640.42287888453,17558.58659722927
14328000,1.0,98161.82045270609,93785.20199783781
14330000,1.0,171182.93284708782,167261.8688484848
14332000,116.0,66853.77197925198,34193.055254294966
14335072,1.0,58551.47808822707,49135.42201469391
14337500,0.0,,
14337600,0.0,,
14338000,97.0,35590.532042154955,23375.191566773654
14339000,23.0,997800.2514740111,850743.3265217857
14353000,72.0,10892.711962758782,7045.194458764679
14353500,72.0,8577.409914779031,5286.96675814019
14354200,5.0,68780.23949115262,61234.50506054253
14357500,174.0,68749.93421701615,55916.80692132657
14359000,191.0,1103651.9168672115,908121.0119436432
14361500,19.0,569787.5422920048,449923.83763598086
14362000,3.0,441999.3452262058,438222.61414291256
14362250,54.0,1583.1772125808354,1046.5733644698455
14366000,46.0,63239.48188591342,43988.19253980814
14369500,68.0,237016.78117259426,201880.91136365454
14372300,18.0,1178367.5631595228,908302.8908574288
14375100,24.0,29944.496750608596,26638.230546680556
14377100,75.0,83483.08860143759,65873.99639593814
14378200,33.0,244550.97890771777,195437.7485672727
14400000,77.0,134499.14670740176,101342.36021968641
452737122231400,1.0,1456.0266010659968,1164.935786702222
452755122234100,8.0,1169.7924521382922,946.2738315641693
452807122215001,3.0,678.2988946020846,330.98107421629624
01427195,8.0,37513.12134949841,26782.475829487783
01427207,9.0,1546607.598469638,1347875.8105421772
01427510,15.0,1339522.9688022144,1209714.341899487
01428750,5.0,16719.164021890992,14377.330144416666
01429000,130.0,52168.43726507291,40930.29776859557
01429301,9.0,30335.15810095579,23115.730383199996
01429500,104.0,36621.20043824705,26711.25744525862
01430000,56.0,62905.733833139035,52484.68064236082
01431500,38.0,56473.022232576506,49914.27274161388
01432000,0.0,,
01432055,1.0,257163.56937759146,222405.33373046154
01432110,4.0,293931.7094593391,267936.4335991257
01432160,0.0,,
01432495,10.0,81607.64913063773,55966.010444087944
01434000,0.0,,
01438500,0.0,,
01439500,2.0,60158.09873104162,44898.22513706666
01439590,5.0,1054.4743902654816,652.9169975076923
01440400,49.0,26584.445028578095,20981.39130612093
01440485,14.0,7486.713749372519,6467.93374826843
01441495,25.0,41478.499811612586,31052.200069031107
01442500,12.0,90515.46582810495,85540.05417157806
01446775,32.0,102748.18402063989,88206.15488427071
01446776,1.0,99431.65965182362,98745.99018632258
01447500,0.0,,
01447680,3.0,4651.117035039495,3929.570509466667
01447720,26.0,76813.42890942428,68120.33637131166
01447800,23.0,193677.49288583224,161003.78628786377
01449000,0.0,,
01449360,98.0,54836.11664437673,46848.583643565704
01449800,67.0,80634.15805697875,63212.74617466225
01450020,0.0,,
01450500,246.0,149037.91381743658,123484.60933893386
01451000,26.0,450367.153682231,374775.94811061374
01451380,3.0,5680.2801242627565,4658.932186621686
01451400,4.0,12705.889476002685,10668.296472235295
01451500,7.0,34215.366877265325,31402.85947834319
01451630,0.0,,
01451650,128.0,120544.5183338301,97826.09555953965
01451800,76.0,28548.902347108728,21876.66743983731
01452000,25.0,10244.02545826687,8695.47925310416
01452500,6.0,24770.140478436246,20883.37031521495
01453000,43.0,664349.2827588383,586451.363186734
01454700,25.0,821828.1535997249,708766.1980009911
01459500,67.0,13673.225618151437,10364.090423989552
01464645,8.0,13616.876463439628,10179.173421466377
01464720,21.0,14152.625525677535,12460.946829807059
01464750,6.0,37793.18941545574,34634.451806156685
01464899,0.0,,
01464907,3.0,5364.9886564786075,4711.276178594595
01464984,2.0,16721.888406685484,15808.135076533334
01465200,0.0,,
01465500,64.0,53009.19815592072,41821.60369472909
01465798,3.0,4967.1866474992785,4223.496380770643
01467042,0.0,,
01467048,0.0,,
01467086,1.0,4178.216249142917,3629.1372172799997
01467087,4.0,11060.82038927494,8074.039412409303
01468500,15.0,83678.9061387324,62535.89137911111
01469500,142.0,38246.55728852638,31218.483637567097
01470500,18.0,123942.28931479812,103812.3400367842
01470755,0.0,,
01470761,3.0,150414.90398455178,144875.4068947692
01470779,0.0,,
01470960,21.0,76644.41973782035,65513.737912368124
01471000,17.0,151726.70265863193,139348.4157895791
01471510,0.0,,
01471875,35.0,42331.21858658584,33447.55417982228
01472000,13.0,506184.6711549122,438842.2737687712
01472157,59.0,32030.448150547425,24849.050615047778
01472198,0.0,,
01472199,14.0,10437.071933266718,9197.015908838095
01472620,51.0,76288.8974140581,57367.43110606531
01472810,42.0,99501.54614977601,86357.09067211398
01473000,47.0,135747.16153799475,113712.43946676247
01473169,3.0,13892.43886307572,12656.086369655173
01473470,2.0,6751.183608051579,5680.072098243678
01473500,19.0,854638.8144836007,743105.0425202162
01473900,1.0,12799.634259691413,10653.880690580647
01474000,28.0,45210.32417578967,36068.65236642782
01474500,76.0,818689.4830533804,660000.900395495
01475510,0.0,,
01475530,8.0,2643.14676655921,1889.4699241656806
01475548,0.0,,
01475850,7.0,5409.370857856625,4461.030633476447
01476480,0.0,,
01477000,73.0,40292.25602690516,33023.17328989278
01478100,7.0,2426.8209462322634,1936.0396772158
01478120,0.0,,
01478137,18.0,1759.0273091980353,1220.4202921309843
01478185,7.0,2335.5990506191542,1773.7038358734005
01478245,0.0,,
01479820,0.0,,
01480300,7.0,4202.015358427128,3693.2467816585363
01480400,41.0,2844.8026452308245,1935.631579950256
01480500,1.0,3890.1135301622908,3114.0433275294117
01480617,0.0,,
01480629,8.0,13498.308659788701,10473.523659187786
01480638,19.0,3982.26377816424,3265.5994111266587
01480675,2.0,328.1691613601514,251.76468771612898
01480685,106.0,39735.26636886178,24959.475628110333
01480700,65.0,41596.21979263639,33577.13544989891
01480870,158.0,122438.39180459865,97648.00065925786
01481000,0.0,,
01494850,1.0,17942.764209864883,17886.184475764705
01513550,13.0,9580.295086637105,6369.829914301449
01514850,7.0,4972.894225627328,4121.0337039937
01515000,104.0,2663180.9074985343,2104774.1087859296
01516350,0.0,,
01516500,105.0,2868.1872143401133,2043.429028030495
01518000,91.0,70760.22848164217,59516.04271542903
01518420,4.0,6149.243876074319,4584.397451563636
01518700,39.0,70149.94900025496,62490.607472764845
01518862,75.0,28639.969532168372,20818.133865640193
01519200,0.0,,
01520000,6.0,40374.50971861337,26031.80453071472
01531250,35.0,2059.692729079196,1368.1494954106477
01531325,20.0,22855.931319483363,17350.219331887387
01531500,45.0,1820042.3310573895,1652649.3314067745
015319015,2.0,2640.328769660808,1217.1291610015267
01531908,11.0,12082.140645967465,9269.030512377387
01532000,15.0,11161.750797166787,9391.702009502607
01533400,1.0,5981895.546575241,5873811.030511628
01534000,0.0,,
01534300,21.0,12393.053741164542,10381.282847438877
01534500,0.0,,
01534860,8.0,63996.068503113995,50807.6744797878
01536000,10.0,56397.63155381989,50092.41502817216
01536500,2.0,4167114.8980513094,3335145.0651648003
01538000,6.0,10961.27479387003,9613.329657621145
01538700,0.0,,
01539000,28.0,56997.28713459165,51960.005758913976
01540500,0.0,,
01541000,0.0,,
01541200,36.0,136324.30018330083,116900.36304211373
01541248,1.0,9626.57369436846,8418.769542463999
01541303,82.0,437210.12450669473,338469.4192161391
01541500,19.0,71254.32157427708,63854.428720806725
01542500,85.0,580151.5602688865,476295.7564949006
01542810,103.0,2545.81147732967,1793.8213955965168
01543000,2.0,16557.448880220094,13239.571941059832
01543500,65.0,121450.43327652774,97963.79388489189
01543693,24.0,31794.415011272173,24251.063585294316
01543700,14.0,82053.99534014107,66547.66399510669
01544000,26.0,60915.782556344755,43688.353114422396
01544500,164.0,97037.57998937558,74093.07844813992
01545000,56.0,54772.01197535808,40407.53667567354
01545500,87.0,716481.0445447654,601805.6296539566
01545600,9.0,4491.277019591613,3681.2186271365076
01545800,0.0,,
01546400,0.0,,
01546500,177.0,67621.44892229787,58240.01120589242
01547100,0.0,,
01547200,0.0,,
01547500,0.0,,
01547700,22.0,3687.9093185198385,2939.6060357650113
01547950,0.0,,
01548005,15.0,498931.07190653455,397660.96774762723
01548500,245.0,364597.3278639732,277562.4380610959
01549500,26.0,5451.506715673155,4044.418522738876
01549700,28.0,136704.9691384309,109270.6864251224
01549760,7.0,1474239.9506443804,1269837.0582777038
01550000,111.0,57759.61807669254,46733.221661216194
01551500,48.0,1467343.5092619334,1334815.8622337033
01552000,109.0,175073.31103291173,135334.07441649784
01552500,13.0,5711.097585978951,4627.324159428782
01553025,0.0,,
01553500,16.0,1350764.0873442688,1235715.9373695613
01553700,6.0,15040.505101796201,10944.526126774193
01553850,3.0,13948.36330160285,12605.546903765035
01554000,0.0,,
01555000,32.0,52674.66220684813,44462.401236383266
01555500,0.0,,
01556000,54.0,100944.52377764243,90857.34987737937
01557500,12.0,15459.546578435853,12488.80995832
01558000,59.0,134454.92746631242,124225.50685210129
01559000,6.0,226815.2826370622,200810.7909338614
01560000,157.0,87077.39390355481,67427.84156875954
01562000,226.0,408452.56419033796,326618.16259284836
01563200,52.0,1044196.5514341075,490130.5862145474
01563500,61.0,804505.745212914,708123.787970088
01564500,163.0,92798.82015051416,66776.03489812375
01564512,6.0,52532.37340636779,43539.10694847761
01564895,1.0,720929.8594850856,664757.7861248
01565000,0.0,,
01566000,0.0,,
01567000,62.0,1039680.2483529233,912956.9845785386
01567500,59.0,6427.454926153492,5622.468934081344
01568000,100.0,56206.65721937847,46641.258710146874
01570000,4.0,93830.55404929556,85743.80584951899
01570500,41.0,4983198.24520037,4443369.868526829
01571005,0.0,,
01571184,9.0,5246.807918092113,4048.54898216437
01571500,28.0,161175.85508391642,142528.19657272354
01572025,0.0,,
01572190,15.0,78820.80006594256,60895.736320697986
01573000,18.0,73512.75945221061,66879.46612587105
01573160,3.0,66798.4063314997,55714.20553474511
01573208,0.0,,
01573560,112.0,438387.48552875716,355098.5431610786
01573660,4.0,6806.222928472594,6176.987308956644
01573684,3.0,2193.8915666645007,1704.1435996737864
01573695,4.0,6214.7852363655265,4802.661618666667
01573710,1.0,3318.9132961548517,2868.6466849939393
01573825,0.0,,
01573849,0.0,,
01574000,5.0,39107.764471691204,34657.28624047904
01574500,20.0,70399.51803266298,62488.29697761844
01575500,110.0,110849.75508463602,90502.39305977052
01575598,1.0,139758.61200449074,129585.99374862222
01575900,0.0,,
01576000,55.0,7207679.444309322,6378782.510795384
01576007,2.0,7945.583197520914,6027.79580676923
01576045,0.0,,
01576381,1.0,6524.282813931915,6003.976429506494
01576500,11.0,48761.739920698,40171.73076567793
015765195,30.0,1939.9015091224173,1363.9847921882351
01576754,6.0,129635.09012747376,117326.87400021525
01576767,17.0,67293.61416848178,44845.8927791029
01576787,0.0,,
01577500,22.0,93249.9169591523,76386.59364904703
01601000,58.0,45930.674396271,30422.364575521915
01613050,37.0,667.3089112789221,415.78963136664674
03007800,1.0,14895.065428045506,10542.792512
03010500,1.0,66227.55712233216,62149.98946424242
03010655,137.0,151915.2940899071,112362.82201134895
03011800,4.0,10143.962295595822,8784.6110158336
03012550,5.0,1853406.3048525208,1599093.1164922453
03015000,7.0,283389.11776750284,263103.18687699246
03015310,0.0,,
03015500,32.0,82030.1223690076,78068.27497232064
03016000,6.0,1174896.7927533796,906211.1567190205
03017500,0.0,,
03020000,103.0,415799.101730977,303525.96600004716
03020500,20.0,66822.43018603929,60517.25824579279
03021350,0.0,,
03021410,6.0,15004.879028976655,12873.218304026845
03021520,4.0,79051.59708988717,67973.90102060275
03022540,0.0,,
03022554,24.0,27702.664643895085,21001.555817597524
03023100,9.0,213718.13375891978,187068.36318003098
03024000,64.0,296925.45303702255,260740.07080908082
03025000,0.0,,
03025500,20.0,1670416.876204009,1534383.9710698181
03026480,6.0,3263.502678896879,2721.028625889299
03026500,9.0,806.6742296068211,666.5993343902736
03027500,146.0,182452.62876216177,144775.01327921453
03028000,4.0,19077.278135067903,15153.062472324324
03028500,15.0,164666.1786693435,144310.80777118882
03029000,0.0,,
03029500,11.0,239621.56232141674,195669.39703843903
03030500,0.0,,
03031500,0.0,,
03031882,2.0,75401.05276846647,70095.14825972602
03032500,189.0,389935.2792640773,294412.3032954455
03033000,0.0,,
03034000,0.0,,
03034500,45.0,23051.761901963106,16751.644161383847
03036000,9.0,85437.81056560553,79199.17332574757
03036500,0.0,,
03038000,0.0,,
03039000,49.0,74104.59376371455,57486.96861952167
03040000,66.0,112384.37685340691,92514.84380972188
03041029,0.0,,
03041500,8.0,291231.131196398,283347.40629897144
03042000,32.0,86245.5674079519,75981.43965287213
03042280,89.0,56167.97912508187,41684.979258024774
03042500,55.0,75021.25937277144,62746.405138151305
03044000,2.0,560572.5045820478,519994.3094543283
03044810,21.0,4073.266981630677,2923.9786396280497
03045000,87.0,54357.560335670336,41906.577559125144
03047000,14.0,65537.86021667132,55103.20650884885
03048500,80.0,1153573.5509345823,1047284.0032293684
03048900,27.0,103745.50799964005,74418.62283546792
03049500,0.0,,
03049800,99.0,2287.813551149365,1500.9413061620373
03049807,0.0,,
03049819,0.0,,
03063000,1.0,1536794.0234379757,1482436.5573736585
03072000,12.0,6008.420888279966,5218.615491636364
03072655,50.0,2353904.5009399364,2127008.256975844
03073000,97.0,36496.176436333626,22605.1104491475
03074500,95.0,47546.34099156446,39846.994432118576
03075070,22.0,2321242.351043403,2148047.835910865
03077500,0.0,,
03079000,77.0,113292.16700926387,92730.3662001531
03080000,0.0,,
03081000,22.0,890292.6662410737,803524.1777767831
03081500,0.0,,
03082500,111.0,1358370.2563133296,1163784.7468085168
03083500,114.0,1625896.3902274685,1441500.8527618863
03084698,2.0,80968.20571687649,72870.17033092062
03084800,0.0,,
03085000,0.0,,
03085213,0.0,,
03085500,46.0,78815.81449545552,69671.4621030517
03085550,0.0,,
03086000,7.0,6928578.272895378,6644910.19261208
03101500,1.0,57458.35156215995,57058.900307
03102500,22.0,15541.32755702539,13640.746970598986
03102850,1.0,86972.4650887733,76008.04750243903
03103500,112.0,228895.25792236775,158495.53351748266
03104500,42.0,323595.1059301584,226369.2430976727
03105500,39.0,888509.0596171974,762783.5335337543
03106000,62.0,59171.49689151042,49852.891783191015
03106300,41.0,68464.54554784791,25915.172736417513
03106500,4.0,88266.75615656104,85861.5068048
03107500,3.0,1013782.143586762,970915.8383762162
03108000,93.0,60551.55410743492,46290.32752042886
03111585,5.0,6361.279606024552,3945.9964542262856
04212895,0.0,,
04213075,45.0,3018.732340335717,2416.8113597506535
04213152,0.0,,
01106000,32.0,700.3784086891601,479.20845675728583
01109403,3.0,18386.818740512037,16669.117749983743
01111300,47.0,3569.254156249282,2479.8036436964553
01111500,109.0,83559.70370600617,65175.50449179036
01112500,187.0,513734.0574584501,430590.72775917285
01113895,2.0,226425.99939084533,208832.23536084208
01114000,2.0,9350.023285102954,8109.010696910769
01114500,5.0,11882.417736756805,9869.360654840717
01115098,40.0,3340.654241953325,2042.6396278128911
01115110,18.0,1971.4289463704908,1040.5653826924697
01115114,19.0,1581.2597993326626,661.6179908342488
01115170,19.0,2898.676843779674,1967.1313251272197
01115183,28.0,2288.551040687081,1318.130804983192
01115185,5.0,1961.1772227347658,969.6272364821428
01115187,30.0,3333.9542728408155,2331.6916906938286
01115190,19.0,2533.518057858986,1724.4187057094894
01115265,17.0,3270.118498060212,2220.0197851475596
01115276,25.0,5161.928489366164,3992.8808938857946
01115278,8.0,1505.2515687298783,824.0731438954643
01115280,28.0,1651.3760614584316,892.5840087732133
01115297,9.0,3289.206715306033,2257.0060336388447
01115500,0.0,,
01115630,18.0,5872.493322207952,4839.850374348672
01115770,0.0,,
01116000,160.0,182278.91114686418,139470.57830211346
01116500,11.0,145275.48889755906,126581.69353201795
01116905,12.0,8024.019932430579,6201.473473290649
01117000,9.0,4864.193360881731,4097.373243223952
01117100,0.0,,
01117350,38.0,6951.140544928071,5642.595784856117
01117370,2.0,5723.116190516877,5353.967864322936
01117420,7.0,16866.970685308843,14892.037653802532
01117430,60.0,199959.63837073147,165504.27648942053
01117468,34.0,6213.220094403075,5239.866347924616
01117500,2.0,27293.370645946947,20922.64700749473
01117800,5.0,15363.246239544036,12570.547174342517
01118000,144.0,80739.89382775077,65204.68990336194
02110400,6.0,7352.759691774659,5723.212547825196
02110500,63.0,120367.79144060687,88847.00934920067
02110550,1.0,210818.57892114096,153375.46192172306
02110701,3.0,28537.879230171045,25713.512138262744
02110704,0.0,,
02130000,0.0,,
02130561,21.0,4146018.2676993986,3644897.980295716
02130840,1.0,3720.472734524065,2975.9402658716976
02130900,188.0,214926.73253239595,177082.7744694473
02130910,72.0,106131.98933339326,85156.69109696169
02130980,1.0,104875.22804228695,97678.54879070965
02131000,3.0,1725604.2005895374,1501415.202052882
02131010,5.0,1910238.575604781,1622193.4406545453
02131472,27.0,4716.117199682714,3290.307235941203
02131500,10.0,195257.69222648925,175496.37992996778
02132000,13.0,239383.90906432873,211109.1728458265
02132500,4.0,300384.7007494718,217440.30962849315
02134900,4.0,381392.54577739007,318708.12431075145
02135000,109.0,1163980.0933288776,926253.6375782557
02135200,0.0,,
02135517,1.0,65490.85523044144,51293.27101511112
02136000,33.0,47569.862420246805,33525.399615411356
02136361,76.0,2389.2056562866305,1900.3691421063452
02145642,0.0,,
021457492,13.0,6150.295689316557,4893.595391076161
02145910,1.0,1461975.3919761665,1302751.0999200002
021459367,1.0,497.55218778477183,391.972260169697
02146000,16.0,1521621.4252184678,1425025.0772103316
02146110,20.0,1970.012052173201,1205.7245585786027
0214676115,0.0,,
02146800,3.0,128776.26668472165,120119.7272347826
02147020,1.0,1822409.5299540833,1764654.5259636363
021473415,27.0,3437.1263591084885,2264.373858448396
021473426,39.0,3172.8774521604187,1595.0655357728763
021473428,10.0,3737.9858030648415,2483.976664933921
02147403,12.0,48466.85586792963,31256.2031437087
02147500,26.0,16612.315712826065,10817.211823522151
02147659,12.0,9490.355542930196,3717.2160306033284
02148000,1.0,2359086.463479292,2294058.2363896775
02153200,1.0,363512.2142751934,335546.02055744
02153551,0.0,,
02153590,7.0,4946.405846326681,3722.9079432200556
02153700,8.0,6451.741633513625,4771.769006864249
02154500,1.0,63477.53678995283,61883.61936282353
02154790,49.0,40475.34087665751,30949.829030080244
02155500,23.0,108930.51344858624,94466.9118067918
021556525,23.0,102846.25163035849,82478.59885068685
02155800,0.0,,
02156050,24.0,4726.500989789327,3644.8634000955226
02156300,1.0,53926.235654906406,52440.526463
02156370,1.0,293846.5878214958,267059.7038506667
021564493,0.0,,
02156500,0.0,,
021569983,0.0,,
02156999,5.0,10353.18839875286,8341.9492398782
02157000,0.0,,
02157470,0.0,,
02157490,2.0,4404.573433122564,3159.4081746309284
02157510,0.0,,
02157530,2.0,64736.618731955925,44655.33697852632
02158408,1.0,32836.550222734695,30864.70732141176
02159500,0.0,,
02160000,46.0,106657.31437064518,87488.92326659198
02160200,2.0,54361.03221388403,51025.80207188732
02160325,0.0,,
02160326,96.0,122205.961041391,96708.2196061477
02160381,1.0,2182.6911723719068,2120.610543247059
02160390,6.0,89203.97384922556,73899.76402929032
02160700,1.0,132081.72853793297,122316.31216
02161000,1.0,2589852.306434416,2573003.855911111
02162035,0.0,,
02162093,14.0,3091.5299882725158,2362.9694040790514
021622845,0.0,,
021622847,0.0,,
02162290,22.0,9556.159421096092,8109.2071447252165
02162350,1.0,13346.857450334506,10212.195442526316
021623950,4.0,3869.083326562302,3251.8226360736194
021623957,3.0,3131.6287765117618,2383.501311142857
021623975,0.0,,
021624101,0.0,,
02162500,5.0,120592.52422191741,100794.57215761984
02162550,0.0,,
02163001,57.0,400272.4580451834,325659.84095763805
02163500,1.0,279186.4533108916,262609.07876869565
02164000,1.0,8562.572078928417,6291.550725333332
02164110,0.0,,
021650905,7.0,88433.84313248958,71428.40307015028
02165200,93.0,22827.550102366247,17062.277546442987
021652801,26.0,17185.37453521436,12408.542589160103
02166501,1.0,218632.17088820934,183489.27871407408
02167000,16.0,620207.9145538247,557030.8916516016
021671101,0.0,,
02167450,5.0,12700.489912665143,9818.81208852549
02167582,2.0,15345.321470089515,12407.461825599996
02167705,10.0,5178.627520950849,3355.3117647349286
02168504,16.0,654788.6707278627,558174.4254674349
02169000,19.0,729649.688112824,605690.4129065316
02169500,47.0,4688770.487998452,4016369.992573935
02169505,3.0,2361.1846154005684,1895.2157050980393
02169520,0.0,,
02169570,4.0,22618.705029799192,20926.256894245456
02169625,0.0,,
02169750,0.0,,
02171500,2.0,31253.5890712083,29014.079898412725
02171645,0.0,,
02172002,0.0,,
02172300,9.0,5468.770228558211,4793.122584712468
02173000,185.0,562886.4637864103,461091.4935534725
02173030,10.0,150286.481415899,120231.8618909463
02173051,0.0,,
02173212,0.0,,
02173299,0.0,,
02173495,0.0,,
02173500,184.0,541405.1787460711,445723.4605653333
02174000,4.0,550128.4603248613,373653.8206876336
02175000,95.0,1095171.171924248,854513.3028539792
02175025,0.0,,
02175500,12.0,175437.0418672696,142557.02048757684
02176000,0.0,,
02176500,83.0,22023.87834786562,13545.104433505874
02177000,13.0,134041.24260615595,113082.88282617342
02185010,1.0,52563.75717203894,50996.68763952941
02185200,46.0,73357.93771253644,58662.27672988603
02186000,48.0,83822.09832377508,65537.61237191892
02186645,10.0,41845.043372673164,33442.41112605201
02186702,0.0,,
02187910,4.0,17910.737969546863,16158.57155755102
02192500,171.0,138214.95428800466,111467.19175408685
02196000,12.0,7900.790604674993,4848.847816444581
02196690,0.0,,
02197300,2.0,51665.35331461432,44866.6170262857
05050000,161.0,91325.7609888099,41647.69524484879
05289985,28.0,1628.7170441751227,1013.1483064345107
05290000,100.0,5874.320957279651,4048.039114028195
05291000,113.0,7493.390320190467,5711.637519573892
06334500,112.0,12788.367656058368,8340.42608237703
06354881,11.0,3694.321882072528,3170.7618317084934
06355500,133.0,8243.591959797619,5383.979459917605
06356500,53.0,5787.7410642145505,4810.661347652642
06357800,134.0,94810.4012621664,69464.4191420981
06359500,174.0,28191.039454375765,19941.427744682685
06360500,126.0,46494.183456517996,22263.25327400031
06361000,52.0,75291.00847522757,35882.02846036415
06395000,81.0,11397.707525367834,5512.172509046981
06400000,131.0,3654.396583691509,1896.927359625483
06400875,54.0,601.9771363484057,235.65682243850793
06401500,70.0,17388.506832956555,10826.300500768923
06402000,143.0,7383.471143818843,5529.457050539313
06402500,153.0,9821.977583802252,7568.344531224691
06402600,65.0,68464.3737290382,46964.17925294446
06402995,8.0,3467.5040709345403,2572.9030488597864
06403300,64.0,3905.5115615100576,2844.533424781362
06403700,4.0,115003.26407708685,104254.00457766473
06404000,118.0,4862.370423996409,3689.3324819311283
06404800,15.0,2471.4380031772175,1864.840655283419
06404998,84.0,4605.06169817886,3591.080091095948
06405800,16.0,1188.771343919868,786.867688397729
06406000,34.0,5108.35181220034,3361.741730285227
06406500,39.0,7691.561333510596,5252.045332023718
06407500,33.0,5295.543922753347,4058.6193269820055
06408650,0.0,,
06408700,72.0,4303.675256663638,3225.47416060236
06409000,7.0,4456.6899193495,3689.697791206612
06410000,31.0,19253.333627434113,8912.63440037533
06410500,4.0,6758.256077296084,5525.582649734266
06411500,31.0,47780.57623822599,20317.79103484857
06412200,4.0,85717.07384628693,64111.38265664366
06412500,18.0,26271.382735908952,10338.466073226946
06412900,0.0,,
06414000,34.0,63336.61496683016,51984.95633007925
06418800,15.0,74270.48593442095,61603.925031335966
06421500,21.0,58599.5440916095,42998.37726882064
06422500,62.0,6454.0672738922,5435.342807621901
06423010,19.0,8753.84421455441,4559.563449494277
06423500,162.0,141178.96726780105,114713.60828188932
06425100,28.0,2917.612026305163,2118.806128145988
06425500,96.0,4715.871137191086,2100.415274353442
06428500,53.0,41668.12921900209,23583.72790744427
06430500,14.0,7783.683123061786,5800.8710723690265
06430770,2.0,5135.31644547778,4449.674756095999
06430800,43.0,2230.069001120868,1728.4261058968582
06430850,12.0,4627.948221973174,3844.346848993103
06430898,16.0,2843.482707719553,2090.572316947155
06431500,73.0,33851.50601524957,22233.33106576705
06433000,168.0,121915.96799247891,99074.5770106786
06436000,142.0,15578.925595824849,8294.056120931382
06436156,19.0,3951.5648572681844,3213.534325170732
06436170,3.0,13106.758136319902,10865.084799516979
06436180,13.0,7411.5179351033885,6209.992927246685
06436190,16.0,8029.373399026535,6311.377443770693
06436198,27.0,7876.390301271709,6404.597675551105
06437000,23.0,47376.769795758024,41005.40009620756
06437020,75.0,4474.263217098836,3720.778991816625
06437200,9.0,806.4111553651437,373.8934987453947
06437500,30.0,2042.843188650081,1398.079797439618
06438000,150.0,93181.31447504088,76775.83768867054
06438500,9.0,178026.5681463314,97501.87131112273
06439000,104.0,2429.081106465055,740.9983788812485
06439500,46.0,186176.9142419861,147552.3656265405
06440200,83.0,494.14139684053293,177.8463590354343
06441000,61.0,2827.331522282408,1023.5128320377517
06441110,14.0,398.2851762672148,180.6238595898374
06441500,192.0,20729.43465159131,6305.878667766429
06442130,19.0,795.6628355902831,375.3468341311249
06442500,56.0,2554.68173571982,1151.5674959435646
06442600,24.0,5038.394252287423,1991.3598868
06442718,31.0,513.2963809254411,222.3183933524904
06442900,27.0,1017.6110841909592,532.2136192767217
06445685,52.0,14088.516394950604,10579.447284649537
06445980,41.0,12019.628071843263,8931.704651225735
06446000,32.0,7393.2350415514375,4933.736913730524
06446100,12.0,5848.782732149754,4427.754969641084
06446500,47.0,78993.1220498225,57907.98968398971
06446700,22.0,8624.18216936564,6534.968384221515
06447000,33.0,13720.549621049702,7682.67097172319
06447230,45.0,4500.459142669762,2849.0313630154596
06447450,37.0,70995.96960114909,47872.26590464672
06447500,44.0,11423.974760473802,9052.407064233936
06449000,54.0,23141.220137560067,16391.483595453934
06449100,24.0,57004.411468046885,43206.60031704272
06449500,58.0,78237.91583891773,58219.793167555035
06450500,170.0,153532.13097302863,123321.85824372715
06452000,50.0,63118.850507821066,53065.91096543147
06452320,57.0,8224.092333088993,4129.667603442888
06453255,40.0,9395.452000894556,6734.579687218678
06464100,1.0,4319.19906409846,3658.30908152381
06464500,137.0,65400.53828019783,48373.654976058046
06467500,2.0,14178522.287078781,12701582.936819512
06471000,71.0,96051.43751668677,42671.92815919071
06471500,135.0,7432.275272305486,5858.696974121722
06471800,36.0,1621.4762478683765,1018.0345589991454
06472000,2.0,121873.60192089,93771.79319666668
06473000,7.0,173466.9920736766,144803.82654362934
06474000,32.0,1617.4702293228586,588.8283279284425
06475000,3.0,195221.5324127007,183408.61370081414
06476000,0.0,,
06477000,91.0,90652.35971833435,49581.69085380873
06477150,9.0,555.6782819573216,274.9177536807121
06477500,122.0,2369.470940136695,1243.8851727062918
06478000,22.0,229671.33488182005,151655.7279567239
06478052,20.0,2437.34104842137,1098.9024579200548
06478390,17.0,4321.430630230999,2711.3987054938702
06478500,141.0,217384.328348469,136193.44643131565
06478513,33.0,299403.3374207193,195824.75354485266
06478600,62.0,69234.17434848903,43785.572598182225
06478690,104.0,4725.394041038994,2768.998834766944
06479000,39.0,20812.344939850624,11297.182764888761
06479010,69.0,101541.58558085417,80622.21394860234
06479215,53.0,1829.9996751098743,832.8894249014033
06479438,79.0,11000.831086137974,7223.107836530899
06479500,79.0,8157.121672910991,4658.234702914733
06479515,27.0,1083.9080762376632,532.9577044421053
06479520,28.0,37249.23712054553,26094.64409769561
06479525,91.0,60206.09476770774,40248.57016689067
06479640,31.0,3652.670636391963,2243.8733505182277
06479770,7.0,11833.925575364505,9258.527827680962
06479980,9.0,4966.446392533664,3270.821068288963
06480000,111.0,102938.6272548215,74723.78994046913
06480400,4.0,1110.2057408592602,758.523471362896
06480650,29.0,10161.026619672266,7352.993060383939
06481000,47.0,25757.255262684917,19390.92779010524
06481480,38.0,4205.041692432754,2865.724981269762
06481500,106.0,14323.90451776014,8383.98245877738
06482000,19.0,20437.09166478836,15160.048281131034
06482020,75.0,203744.53824823804,154848.92056623357
06482610,71.0,41665.053640911516,31102.767654713025
06482848,11.0,6767.3827132998595,5247.779162184838
06483950,11.0,685237.9886461507,563972.8815909066
06485910,17.0,902526.6845346999,760930.5238343306
03408500,86.0,66489.70677212841,44795.501929879625
03409500,30.0,12174.867729746502,10008.70324008597
03410210,16.0,116819.73705329894,98548.61405191245
03415000,69.0,18795.112872055735,14480.445672147625
03416000,134.0,96156.10668666055,66571.6189551263
03418000,89.0,30631.268919287195,22284.93683557789
03418224,9.0,27577.661865793638,22906.889501411584
03419530,5.0,41044.34691097422,35390.132234683544
03421000,81.0,166005.84845930754,149785.01357171132
03423000,55.0,30006.068074364663,21987.041977953544
03424730,38.0,50269.383958655235,39857.49351014698
03424860,0.0,,
03425290,1.0,5413.464611512965,5110.686913504762
03425520,3.0,1433.1600170346062,786.518608865263
03425622,4.0,5427.194099522915,4177.75217672
03426310,0.0,,
03426470,44.0,2251.7254265903744,1406.9145191773987
03426800,1.0,8432.383768839922,8279.977962844443
03427500,58.0,42765.54239152308,34682.78138455629
03428200,1.0,10014.09835124696,9922.764162666663
03430200,4.0,197577.05292445645,136271.5088516277
03431060,7.0,10343.926182978388,7808.852828817648
03431300,14.0,4373.788142173714,3254.7806571463916
03431500,1.0,11150756.306117509,11110844.03416
034315005,0.0,,
03431599,17.0,5843.619147084046,3534.2850153588965
03431700,57.0,7127.917904321593,5258.362220412181
03431790,0.0,,
03431800,7.0,30900.008327302807,27012.891605928056
03432100,4.0,1888.1719590535617,995.0036848941177
0343233905,1.0,3039.450353959256,2515.059035885714
03432350,16.0,5243.510339652862,4138.768602802963
03432400,0.0,,
03433500,40.0,46837.03299424081,38290.26940567931
03434500,201.0,324291.2607868769,238292.53815812554
03435000,0.0,,
03435770,30.0,84385.69640291974,52541.39960826886
03436100,30.0,159010.38716291022,138474.6682144686
03436690,90.0,118432.25401806535,86836.56441634813
03455000,105.0,1166759.8689331438,957722.2135467735
03461500,2.0,344353.2939348499,321518.3183302564
03465500,1.0,369772.19869996794,360925.40124903223
03466208,9.0,25554.355862209406,19858.916323688758
03466500,5.0,761130.1288427162,682897.6934796582
03467609,7.0,593858.1357286203,523273.347412327
03469251,2.0,31732.67625550282,29509.55672653913
03470000,3.0,83950.75089854871,81387.59114857142
03485500,0.0,,
03486000,0.0,,
03487550,0.0,,
03491000,10.0,5987.106404428018,5087.377417315223
03491544,44.0,2200.5679425528615,1691.7524760298786
03495005,0.0,,
03497300,23.0,57881.68697609541,46683.97412719352
03498500,1.0,25496.902034283,24237.400560484846
03498850,1.0,19745.537471377884,16347.067647999998
034991109,5.0,6836.757782620733,6320.556120848277
03518500,32.0,46634.45247748185,37399.963594360655
03528000,68.0,336084.65303688816,288039.30467327626
03532000,51.0,197168.9969456551,176706.10732773584
03535000,72.0,25547.425071015125,19290.425940545505
03535200,9.0,20261.77606239241,18307.24801919204
03535400,4.0,34719.50082056062,32501.137943472524
03538830,20.0,43021.16577449823,26986.633347007115
03538970,7.0,1194.945492776452,1050.4543883083331
03539600,12.0,3874.387331638738,3177.4849585796196
03539778,18.0,6406.2677932007655,4803.486597840428
03539800,28.0,23929.270960363265,17587.852446625897
03540500,93.0,81436.26001342511,56850.91552561688
03543500,109.0,48710.91329492689,39863.203934528494
03559500,0.0,,
03565500,106.0,40970.25506458613,34390.67602068908
03566420,10.0,4601.128298339668,3870.1852448985624
03566535,11.0,4402.006580266835,1182.7085506662022
03567500,4.0,129354.56584280006,122545.58901469094
03569190,11.0,2070.1634391980283,1322.5441693516698
03571000,118.0,120570.84839418573,105224.30508418479
03578000,55.0,10300.97765841631,8403.318159619184
03578500,24.0,6928.360659377779,5791.760020727104
03582000,20.0,268984.99562438275,242689.31456734982
03584045,7.0,75479.35579775194,62501.31099655786
03584600,109.0,666497.4261394603,569052.8475237252
03588500,3.0,220844.9942538194,175576.50260652098
03593800,31.0,125275.42238237105,104283.49507258667
03596000,173.0,86228.31999547823,64229.65709424993
03597590,40.0,2616.864923240146,1326.2031738659543
03597860,5.0,90913.3634856975,85013.1417555349
03598000,69.0,210276.482576499,175902.53326046187
03598185,2.0,215746.07113168458,203603.57971948048
03599240,6.0,360690.4380750102,350770.23632436857
03599419,4.0,349705.5396920362,338131.855362353
03599500,26.0,225849.61937531183,194139.38107536707
03601600,14.0,736151.2023794975,577079.0227917308
03601990,36.0,836858.6256174007,727663.3698233488
03602500,115.0,111306.6163708622,98018.07103213026
03603000,30.0,696483.502222778,598091.2907028398
03604000,46.0,200670.08370686352,169237.70481818035
03604400,6.0,226327.25446584448,185321.1082327897
03605078,22.0,3951.33094664082,2781.934376345956
03605555,3.0,11199.948508795884,10626.605446363637
03606500,2.0,52428.746258751366,49153.65009241792
07024500,0.0,,
07025000,59.0,66639.30201025511,48062.25564274122
07025400,0.0,,
07026040,65.0,730611.5434667502,632108.3159523235
07026500,23.0,4909.504472131562,2749.194244742215
07027720,5.0,200955.84506566034,184913.10352527472
07028960,12.0,90342.15607115357,79766.1176448504
07029500,16.0,399706.0827168361,372125.81144491717
07030000,46.0,1057288.9506101764,914558.7886306721
07030050,62.0,861177.1580258142,766985.2519042745
07030240,30.0,47793.47983049304,39926.190998535836
07030392,14.0,87697.47724425848,77156.10645928165
07030500,4.0,231044.5844198087,215965.4292461972
07031650,1.0,205228.3849550902,190216.71868878053
07031692,7.0,3264.073112274595,1717.2762656791044
07031740,0.0,,
07032000,0.0,,
07032200,14.0,2354.2408070211,1240.8513140969071
07227420,3.0,0.0,0.0
07227500,187.0,79451.58604987088,53104.130849219684
07227890,24.0,1082.1979552118876,568.6983052720482
07228000,94.0,268584.6194970122,103966.63558058025
07233500,111.0,1706.5270711004007,950.6113012087524
07235000,124.0,4519.730619332748,3105.2134045145076
07295400,11.0,22.97441749702159,13.44352075791855
07295500,69.0,2640.904431725975,1272.1298475370409
07297910,78.0,2890.634229385085,1961.219619872962
07298500,67.0,2278.950899026441,831.9374521671584
07299540,39.0,8216.503699933657,6343.23498779826
07299670,70.0,7801.6346281758015,4764.853747085505
07299890,61.0,2018.8977694032951,1312.968228650962
07300000,93.0,13769.009403970507,9883.931218101225
07301300,27.0,5145.676547659415,2072.8039111107946
07301410,53.0,15163.66679763183,9283.876418596114
07308200,72.0,11788.721588696393,7178.227359354976
07308500,149.0,432334.444961129,316822.69377905555
07311700,38.0,21072.395859839387,15119.35584226911
07311783,80.0,1502.9310106636299,488.92782732585323
07311800,74.0,4179.354688103573,2820.438852867514
07311900,85.0,36449.58712944171,25336.759712348026
07312100,124.0,82862.02456388282,37832.87389773516
07312200,136.0,6840.068989847392,5136.232889834546
07312500,160.0,77200.53270729406,56327.54480567622
07312610,28.0,2687.296875618463,1821.3105595504394
07312700,1.0,41962.084110574906,41767.908425263144
07314500,175.0,784.6215442759794,287.8023432595682
07314900,233.0,1422.5598276138048,436.81626317812095
07315200,151.0,954.0793076559623,572.8006562179946
07331600,14.0,994468.8337898062,883592.1187267856
07332605,14.0,4222.537382501967,2214.5059029397794
07332622,33.0,6709.474052189104,4174.801507246271
07332655,3.0,15185.19979906603,11090.488315952938
07336820,7.0,2182153.8012463567,2026134.3687378073
07342470,27.0,7452.464188654737,4706.424504100586
07342480,59.0,686.7878141603298,185.60389837400155
07342500,165.0,24455.81590063142,13113.162289082513
07343000,79.0,2878.1321544315515,1253.7869137603795
07343200,124.0,98999.31636086323,50904.24958404669
07343356,27.0,2549.8060325189035,920.8414774937729
07343450,24.0,60760.77076193994,37900.70225884701
07343500,137.0,23424.448310008047,14752.69046523126
07343840,29.0,28855.1152213035,20422.825311931156
07344100,17.0,1290.5557759099215,530.9095370726013
07344493,44.0,17521.755822194766,13969.97029691123
07344500,15.0,22444.061370506515,8764.13724553886
07346000,130.0,177878.04848659688,125960.86289702157
07346045,94.0,67246.26381075538,37457.68491027833
07346050,40.0,6314.126253980241,1994.1287717703542
07346070,94.0,35079.22378475576,18414.148029290158
07346080,22.0,186124.80310363288,151071.33436579586
08017200,108.0,1340.460917324514,768.2617446025652
08017300,118.0,3241.9956280961437,1448.4451484765682
08017410,43.0,23733.84638361715,12738.54526953331
08018000,6.0,7062.629276656054,4558.62122527581
08018500,132.0,87890.70781871902,47357.98204427946
08019000,195.0,66715.5497828077,43910.95734979647
08019200,44.0,182735.4560490657,158770.157095972
08019500,185.0,156703.58742789738,113884.17737157943
08020000,89.0,175479.8909763707,130822.50940546732
08020450,0.0,,
08020700,11.0,2865.7799431558055,1510.6845751904573
08020900,46.0,315523.4112892133,249315.97451389965
08022040,66.0,194116.24440116307,151399.78005633663
08022500,118.0,728995.6630685821,547110.3178547135
08023200,6.0,6932.833513782494,5205.273462894209
08025360,16.0,2298248.054598269,1447383.5573844998
08026000,27.0,1294828.8403787361,909489.3916296912
08028500,19.0,878474.1657117357,757826.3154253599
08029500,16.0,21616.48459593417,17025.95752637492
08030500,81.0,1858430.9332904369,1573210.6077164558
08031000,121.0,10740.178182089694,4570.766233501864
08032000,99.0,158537.68515272488,128688.26305121844
08032500,34.0,170643.50494660554,129315.90651809407
08032700,8.0,285744.72387557465,226487.5961999606
08033000,77.0,373469.91353757214,251474.55590968655
08033500,101.0,286048.5754492973,193213.20679934567
08033900,64.0,38508.508092839824,28363.764297303547
08034500,24.0,10002.317621120792,5204.469034421529
08036500,131.0,379874.6082775641,272113.4427225381
08037050,53.0,3007.1935395556393,1700.5252474071763
08037180,4.0,131262.82183693835,96028.50258517335
08038000,48.0,86441.48102613083,64018.474681296015
08039100,23.0,3913.5848791101334,2273.15043293199
08040600,17.0,1336454.8472196513,847092.836038577
08041000,30.0,569702.144643809,444113.5285214457
08041300,16.0,92060.12286042282,70191.56317858746
08041500,197.0,415633.03138233547,309422.70965970884
08041700,49.0,27701.885222209494,20181.666637132115
08041749,0.0,,
08041780,12.0,2451712.848035005,2024996.9718356337
08042800,142.0,1084.0998758808782,410.5175724189383
08044000,120.0,4542.184087047987,1922.4708147093127
08044500,133.0,118282.34313597424,71866.63197882503
08044800,53.0,2801.3712765800765,1647.6375965701386
08045550,24.0,10116.758688532223,7808.47258402196
08045850,19.0,1332.1018131439268,953.8581237143455
08045995,24.0,10445.765702368715,6175.092786067809
08047000,78.0,26490.025201144894,8740.570772428951
08047050,23.0,1280.7168216396776,708.59522839303
08047500,52.0,6968.7806570311695,3118.84149296262
08048000,187.0,49263.624617812406,36337.46179618339
08048543,48.0,54694.78450897783,42315.802886451456
08048800,33.0,1521.8344030461499,823.2000923241463
08048970,37.0,1428.9793485904706,711.9814307292626
08049300,27.0,356801.77061641257,312196.1619239227
08049500,20.0,73084.63110391094,59740.436397394136
0804956950,5.0,4223.733816518593,3018.7815166933337
08049580,54.0,1437.405028297842,657.3407993117025
08049700,88.0,1463.294776127714,391.44515429333944
08050100,136.0,7162.983183074394,4312.359469872918
08050350,15.0,2475.873831124187,1272.524173296537
08050400,65.0,7102.9612852846885,3453.30836295599
08050800,74.0,1183.6201043240471,411.13426232051506
08050840,70.0,270.52879552133044,145.82974626607142
08051135,13.0,463063.36877752637,345259.05627618893
08051500,95.0,7267.923265793815,2931.1974414854044
08052700,126.0,1461.6648963698863,637.4412607013395
08052745,2.0,183172.71100691747,179082.30433726983
08052780,30.0,2427.5296054175014,1043.8887482207545
08053000,2.0,205296.30555601473,199724.73828941182
08053009,2.0,1324.7879560701817,926.0846816650001
08053090,17.0,3492.3763615532403,2312.7495484546685
08053430,9.0,5580.827119272139,2864.8945720130328
08053500,95.0,9841.143284506064,5316.646273277686
08055000,82.0,60723.34684224613,47262.56885577783
08055500,121.0,140271.48269065763,107553.19831127569
08055560,0.0,,
08056500,47.0,2808.875301782912,2139.607994931423
08057000,149.0,299303.13786218694,222059.57089355367
08057200,12.0,5268.898893253521,4164.794776290977
08057300,18.0,4545.775873066067,1783.8774932783315
08057410,2.0,211452.64099951895,180013.6607709091
08059000,49.0,5982.071993483742,2559.323625104408
08059350,35.0,100454.52405866537,71364.73277787093
08059400,43.0,39186.52316215116,7549.8604081096055
08059590,4.0,4696.454642725002,2978.019725574193
08061000,0.0,,
08061480,11.0,4106.94180690584,3188.6176492482896
08061540,14.0,12036.673869276186,9754.502923669617
08061548,7.0,4120.068476618613,2774.408121920917
08061551,0.0,,
08061750,3.0,43264.50861387968,42140.776961904776
08062000,19.0,40616.57386429102,26148.621802026086
08062095,1.0,5027.183573327205,4536.133399608889
08062500,124.0,840320.60928798,672865.9681077735
08062700,44.0,1043944.9102353666,944322.5140181818
08062800,79.0,1837.6258505290969,654.9640506664309
08062895,34.0,12735.894281931534,8320.94237851602
08063030,8.0,3835.2331616644956,1806.022746770937
08063040,12.0,4174.1943116770735,2800.4043385981004
08063048,17.0,2994.092851219926,1206.7681758131148
08063100,116.0,16789.049647944918,8114.757389885319
08063460,10.0,5726.612953657024,3514.653296768874
08063562,27.0,48682.17603503122,24857.883286625252
08063590,45.0,13892.378368606054,6778.142191354467
08063800,103.0,8651.886288565009,3735.6952769037407
08064100,81.0,23075.781129120234,12840.587375370866
08064700,108.0,1750.3073064256039,871.6534003287803
08065000,75.0,862820.39062446,701703.2579986462
08065200,72.0,3541.0430977712263,1641.7582023799898
08065350,5.0,1318172.860736102,1280043.5267805182
08065800,94.0,6241.057879356435,3263.8872245155203
08066000,36.0,789024.6240483581,625192.7186395506
08066175,21.0,6254.030348801991,4159.810138269388
08066200,54.0,4409.774707329835,3009.3807093407877
08066250,48.0,1133781.2481678277,917457.011548279
08066300,105.0,44607.27913313556,35687.14833817084
08066500,72.0,1506381.3317620405,1202805.270987841
08067000,0.0,,
08067500,29.0,3002.3252551969076,1900.0643887545116
08067525,3.0,1235.819360031026,1147.0888738457518
08067548,26.0,1386.8553408977998,657.3970077654913
08067650,0.0,,
08067920,27.0,58832.241672585784,35581.149775767946
08068000,127.0,57823.38970998672,39135.31852052616
08068090,25.0,53713.56741412049,47772.713668253964
08068275,32.0,7261.739842244103,3208.474085742015
08068325,16.0,4140.601765848117,3476.7933599212306
08068390,24.0,2832.5204868321325,1831.0299671508424
08068400,7.0,4549.122782867429,2831.4113252011593
08068450,9.0,4838.549116999847,2804.6497051577885
08068500,17.0,25617.17043774582,20445.75322036775
08068720,59.0,1339.781040418289,499.819336006118
08068740,33.0,3492.0538090859864,2256.8324058713847
08068780,76.0,2043.7615709694755,1169.3079344559378
08068800,46.0,21107.937047808602,16091.989585161622
08068900,0.0,,
08069000,151.0,69409.32072743824,43907.047299572965
08069500,38.0,88903.65447902618,74501.80902493327
08069800,11.0,1393.2266634824118,702.8693317017488
08070000,154.0,46247.12251723907,34852.494641416284
08070200,1.0,3983.70181752141,3605.8684070666673
08070500,19.0,14295.279675372427,12825.058981040642
08071000,16.0,12243.059649964722,9211.427466597597
08072300,9.0,5279.446873176929,4735.108204010491
08072600,18.0,73117.20523125773,60074.96309523675
08072680,0.0,,
08072730,52.0,5094.398311260929,3286.968377253564
08072760,7.0,6350.8420626291545,5183.574467460815
08073100,1.0,36615.01994411626,32966.81654981818
08073500,13.0,5311.581808826546,3639.82854232882
08073600,11.0,96515.88485363763,87769.73030058882
08073700,10.0,109066.50955604612,82466.03582231351
08074000,0.0,,
08074020,25.0,62055.84111477822,26139.879157678875
08074150,32.0,2062.6047765603485,1301.015378908782
08074250,9.0,4457.330082639572,3626.7107404073167
08074500,94.0,31792.05556648006,17498.027430946328
08074760,0.0,,
08074800,21.0,4022.3139878907227,2262.188863945775
08074810,43.0,86513.87438659958,62624.83245454323
08075000,76.0,75191.30451507581,40915.08966338361
08075400,2.0,7830.299963281216,7046.064495264864
08075500,2.0,7242.82351955417,6347.378192395062
08075605,20.0,3769.2674844386797,3226.305868638498
08075730,15.0,3420.7941494445067,2688.6996571286627
08075763,14.0,2498.816638417033,1796.4246253610017
08075770,16.0,5559.646123801904,4506.297310254546
08075900,6.0,5193.544862433679,4113.099794302804
08076000,22.0,6864.389679514382,3966.0772719198403
08076180,0.0,,
08076500,40.0,4829.270505924236,2858.034203847598
08076700,0.0,,
08076997,1.0,4104.173133854536,3738.4178240444435
08078000,22.0,6017.642705237462,4360.610487077311
08079510,0.0,,
08079600,155.0,11615.155132630935,4122.400138593896
08080500,133.0,8836.858069878988,3536.1028465728346
08080505,9.0,20286.884477528245,15314.74601074005
08080700,173.0,2868.745000015617,397.060686502608
08082000,129.0,4518.353372509668,2099.3768823017135
08082500,75.0,34874.081612149595,22363.491026665775
08082700,186.0,2705.951614636161,715.4929189851503
08083100,149.0,1397.6370629326204,993.7036021713029
08083235,17.0,7569.998897698204,5482.884689758175
08083240,60.0,17472.223521587097,11226.666033157215
08083420,78.0,2922.7940688431627,828.9080442634564
08083430,24.0,784.5417985396423,390.2432833024574
08083480,42.0,527.9292984237228,179.137687110286
08084000,102.0,8208.624027938773,6557.159761950447
08084200,8.0,5864.34258319031,2768.0810620904276
08084800,147.0,4040.72989338732,2871.374369081757
08085500,108.0,13391.937748258288,7181.088309872479
08086050,86.0,1676.9205850146473,945.2071569204064
08086212,115.0,2557.579825399459,1432.4229214443299
08086290,154.0,801.9678710611172,468.842776824511
08086500,86.0,13265.756364986957,3498.92143110864
08087300,7.0,1393.5708740067555,573.2867312631579
08088000,103.0,57945.57075575924,40004.089717219016
08088430,13.0,645.2909515940671,351.8197809172005
08088470,11.0,75.2129700200361,11.362969095049504
08088610,44.0,130245.64070436267,102050.30605796288
08089000,42.0,82028.7415953769,65093.48788501663
08090800,66.0,188276.88924945545,158378.77762158195
08090905,3.0,9677.930376255325,9386.1484137271
08091000,141.0,320807.74776946334,202477.56458944286
08091500,80.0,8844.766042016507,5798.247731834371
08092000,56.0,5872.065366092661,3539.150847108285
08093100,54.0,145125.8462936046,108036.6709921121
08093360,52.0,5199.91928673562,3441.755271718992
08094800,67.0,6208.966345770782,3942.494888801888
08095000,255.0,88436.35209552074,52550.8822291042
08095200,43.0,34059.34823131352,24635.7225258975
08095300,63.0,6612.361712807428,2839.5965505425756
08095400,70.0,3381.6899788965616,1931.9492243476982
08096500,60.0,171241.218130456,136654.4374013126
08098290,20.0,348956.16018324747,303906.86465127766
08098300,108.0,118.34281274120593,25.999255076849067
08099100,91.0,3238.5301392145243,1316.4866439001617
08099300,68.0,3757.613389135104,1062.6151706851815
08099382,11.0,3089.9886775556943,954.8470490089644
08099500,167.0,41113.60710598074,25364.446248789387
08100000,127.0,44510.46405515199,23083.996474030624
08100500,51.0,27121.634512552515,10355.990609518098
08101000,134.0,11091.722608822538,5119.204239502192
08102500,156.0,71365.85871164157,44540.29313724786
08102595,0.0,,
08103800,73.0,21338.33146050138,17902.6124860524
08103900,124.0,1286.0992940848544,495.79798662393114
08103940,24.0,41969.7628272644,30550.230231780308
08104100,80.0,65294.283693669735,39830.34583613505
08104300,36.0,21423.03784478646,14884.72254632907
08104500,132.0,154109.7734438636,122548.58870161063
0810464660,33.0,7247.077396031909,3885.8710866198344
08104700,93.0,16212.381476738472,8733.651197980967
08104900,56.0,3391.329133181106,2120.9185519612483
08105095,38.0,4806.519653920846,1657.1837934881016
08105505,22.0,1000.0343807714403,384.5551869446533
08105700,99.0,71900.93485125795,45235.99783688483
08105872,3.0,3156.5182580873497,2154.1940761497076
08105883,2.0,3426.0839693777143,2550.008438133333
08105886,43.0,1421.7249144202442,1139.5032350102176
08105888,4.0,11066.762356303869,7225.3644959300545
08106350,8.0,89359.50115449174,72097.03998501673
08106500,56.0,224968.5958063622,150028.06370429133
08107950,31.0,230.81448937694267,134.9818602240363
08108700,7.0,638434.0461484476,556950.9498525
08109700,88.0,6407.372849493251,3396.0450920736553
08109800,90.0,5671.168027566221,3224.886731913031
08110000,6.0,1462.1075858898937,331.96202719375
08110100,104.0,2154.2381726017215,987.0650098445714
08110200,18.0,1389290.9295436183,1176439.540909615
08110325,78.0,1512.4170859408125,711.0268876047969
08110430,80.0,2350.1413253264113,821.3536610536505
08110500,78.0,15739.990955148876,6215.397848178426
08110800,55.0,61624.202291050315,46641.08695839744
08111500,34.0,1227758.3184364084,1089966.9227916943
08111700,82.0,11994.822906130343,8882.826523739306
08111850,1.0,1528806.8987680336,1520614.4890536587
08114000,11.0,1268981.080795117,1186993.5860149153
08115000,155.0,3927.9095039087706,2802.2777299948953
08116400,27.0,643.2695076306117,267.7204225060241
08116650,6.0,1030194.2930885204,858608.1699500408
08117500,66.0,60490.51073036473,37288.07003857507
08117705,1.0,94851.64773367751,90117.4196320978
08117855,19.0,4633.296371680693,3197.6255865650537
08117995,96.0,2115.843505607397,775.9156502428992
08119500,85.0,1250.3880500974449,830.278494244098
08120500,101.0,1124.7648011400709,533.4088560044195
08121000,160.0,773.7879145791694,475.6540449709326
08123800,127.0,1910.0666724832713,788.0552882532335
08123850,139.0,11618.201406184515,6729.049117195375
08124000,176.0,10331.938703302847,5815.272819388823
08126380,268.0,35820.69215784677,20937.871817344283
08127000,176.0,3844.91014525902,2202.704503080055
08128000,93.0,14169.73323514459,9354.941548415489
08128030,9.0,17173.997924945743,14058.464898306534
08128400,74.0,2526.4194381081606,705.7878133449876
08129300,34.0,870.3496220286802,367.2633922808091
08130500,13.0,3168.344498131744,2500.302299485552
08130700,28.0,989.4381590804527,617.4867722875617
08131400,78.0,2020.2567316242491,755.7600882830628
08133250,38.0,319.2464425070834,107.65062765219798
08133500,97.0,863.2965640814891,288.1263923391113
08134000,179.0,2209.269541765911,1026.6006024707278
08134250,41.0,755.6837631341676,191.72547581488095
08136000,115.0,3999.084037611079,2379.084491972066
08136500,98.0,39444.31542048357,7584.395782583472
08136700,94.0,34990.79213395518,14317.967409308363
08140700,22.0,3885.3823678784206,1539.788518024833
08142000,107.0,4270.139510761771,1430.9577348346888
08143500,118.0,11642.004585144325,3940.922110336091
08143600,152.0,21954.19273564338,14981.22127538749
08144500,95.0,24767.290676514895,17793.361345039953
08145000,178.0,3410.3115600569004,877.2496937083317
08146000,268.0,127542.3629884405,95715.7703041215
08147000,182.0,172827.33374206582,132403.15385403577
08148500,125.0,19860.63957098274,13854.186858091847
08149900,17.0,40448.338708640404,33192.74476531781
08150000,221.0,121738.71175879521,96329.37337221637
08150700,1.0,91091.04040535458,91062.85916434285
08150800,45.0,762.5600947656297,391.5239363319287
08151500,90.0,87474.33836928403,69923.90511463664
08152000,74.0,5421.6850598845795,2668.6358096259764
08152900,40.0,9148.127351941586,5413.9369142764945
08153500,83.0,18377.66292777921,11338.33423446919
08154700,83.0,3417.913534809266,2292.767786991993
08155200,89.0,13188.726300445622,7118.064578844115
08155240,67.0,7429.3154202693595,4536.069022598082
08155300,112.0,10236.529878083435,3283.453510867195
08155400,49.0,5206.838764428808,2783.6748271351157
08155541,45.0,536.0652734893706,284.7360699740773
08156675,32.0,258.6595024352008,131.6751720285522
08156800,82.0,226.00854783793577,98.27111627017354
08156910,39.0,248.11428684984458,129.7356717645478
08157540,4.0,13679.740343904114,13138.44614158222
08158000,15.0,331013.51011480275,260804.95387550973
08158030,28.0,603.9753098041133,372.2987274825519
08158035,44.0,870.3004523101984,541.8052821037875
08158200,18.0,1287.2322816462852,706.1931989732758
08158380,31.0,1119.9557111104132,615.2662734694529
08158600,65.0,4239.686550258319,2980.378085509026
08158700,73.0,7818.958680006011,4916.362163534881
08158810,75.0,1345.2945914414067,701.3098883049328
08158813,18.0,2524.726880767214,1432.3788589783173
08158827,46.0,1850.7389057253256,1139.5121536243619
08158840,64.0,620.0017248154562,281.7201570037886
08158860,78.0,2674.2719482302055,582.7192101724252
08158922,45.0,99.48566594521454,25.93031199707544
08158927,69.0,155.12807783640997,22.48677650818569
08158930,71.0,1124.6015095601995,275.7094020498173
08158970,38.0,1035.1711973460601,584.0690236592133
08159000,68.0,3913.0964601367573,2178.030631845512
08159105,16.0,169.31019579363513,59.63091522534654
08159110,11.0,726.4690558121595,370.01711767989275
08159200,19.0,466192.6704000629,377736.06475611316
08159250,14.0,350.40136591330645,113.96794120172414
08159500,12.0,427265.49361531984,367176.3188348148
08160400,2.0,379451.8092970835,369994.40409212117
08160800,169.0,1778.8956919273016,1225.2390360683853
08161000,100.0,620254.8752574633,503403.088716395
08162000,14.0,522655.3552698244,473981.76964510913
08162500,6.0,526868.0201877847,427955.216436736
08162600,5.0,12748.835171749393,10361.371161272727
08163500,128.0,3704.9129501417483,2671.37647488622
08164000,212.0,64211.466311506316,45593.67529322861
08164300,55.0,7087.801217544729,3869.9556455304187
08164350,22.0,21288.410746093796,14090.45828529123
08164370,6.0,25279.317502375692,18230.32717968085
08164390,46.0,14730.099655798496,10124.586002108812
08164450,63.0,9991.752650417633,5165.284431749351
08164503,87.0,27242.30723130329,16193.056808580828
08164504,47.0,1287.0953648887928,621.7400309316004
08164600,107.0,2711.287169857424,1654.7255787579736
08164800,133.0,2725.200084226903,1835.9088632075395
08165300,145.0,29805.251908030652,21446.703993737385
08165500,27.0,60216.302950882244,40297.3792153952
08166000,22.0,7563.229955973141,5621.1386214241675
08166140,78.0,68411.70386903224,53247.416044560276
08166200,77.0,106403.33446937974,74847.64591899447
08166250,4.0,47935.16723183081,36665.30256360889
08167000,200.0,120129.56673008527,92395.04277746294
08167200,4.0,71138.16629880482,54002.34233904649
08167500,188.0,114601.30863953987,87400.46051668444
08167800,111.0,128496.89070766255,104036.11648574274
08168500,152.0,113639.12179947658,87962.17136927857
08168797,44.0,665.9765939013953,331.740288296393
08168913,10.0,40567.43969602054,32302.636328505574
08168932,4.0,158417.0536169848,130981.30544924442
08169000,56.0,104451.72523902041,87120.30407540314
08169500,7.0,362647.10534251365,304197.4859832596
08169792,0.0,,
08169845,1.0,41462.033846255195,32556.355764645155
08170500,0.0,,
08170950,10.0,5834.521447145827,4642.940007214546
08171000,110.0,19694.815127219073,15429.771734049022
08171290,9.0,5544.985126284449,4685.926543012345
08171300,72.0,23203.93036683649,13782.190673222192
08171350,25.0,3062.1019371764155,1650.8488978696546
08171400,0.0,,
08172000,111.0,87589.37400615631,74256.70813549306
08172400,99.0,3501.056998617921,1763.879707009579
08173000,105.0,8166.468592705196,5901.018287813302
08173900,6.0,200901.62100608586,167706.45140588234
08174200,17.0,1243.4800017827483,427.74472172352944
08174550,20.0,1101.448006094677,513.0807019134587
08174600,83.0,4967.0411687190735,3288.2827869063885
08175000,129.0,7135.631314601879,4882.787217622569
08175800,9.0,323044.2973178822,266903.3946370579
08176500,9.0,170629.97391735978,146585.75514758623
08176550,2.0,2124.9367801060466,1919.8162604702288
08176900,79.0,7558.154087664471,5421.244420584161
08177300,77.0,417.879708056223,280.29588845277067
08177500,153.0,7381.023803690642,5044.748101944619
08177700,49.0,436.90359401702887,258.17993184565614
08178000,2.0,171785.53813511785,131429.29994666672
08178050,0.0,,
08178500,3.0,8636.23432995348,7606.3960799999995
08178565,49.0,48447.058588601874,30385.75036398775
08178585,27.0,790.7967172336081,443.5485090287679
08178593,61.0,168.0496126748403,36.95188132465569
08178700,101.0,401.9543395007624,143.6012826296789
08178800,124.0,17530.428135496553,11708.763375369139
0817887350,16.0,42788.22178514401,19205.579734393086
08178880,69.0,41086.828535635876,28323.431915653706
08178980,6.0,11272.666276792115,8722.732848707537
08180586,27.0,935.8297172715,522.3938515786856
08180640,24.0,30182.466289051838,21424.915072481646
08180700,44.0,38870.54183625391,29756.867419575665
08180800,94.0,80993.80904035343,62265.05979797708
08181400,165.0,1627.0340186051187,520.6446574724956
08181435,33.0,2435.481353565949,656.850109990317
08181480,46.0,4844.125085238403,3848.9604670439803
08181500,0.0,,
08181800,1.0,58778.248899562335,49164.29035707318
08183200,0.0,,
08183500,11.0,74710.34755034042,51121.22164785585
08183900,79.0,4590.280574604809,3652.168205924012
08183978,22.0,122.83809750535752,24.233200362745094
08184050,34.0,73.07316860010593,12.644197431140352
08185000,137.0,5023.010902256026,1133.5041340137946
08185065,5.0,6065.186490106637,3795.507769486817
08185100,7.0,4944.834579602311,3950.8043386181816
08185500,4.0,9555.356888652808,8582.137771098733
08186000,60.0,33590.68775896984,17010.578103928186
08186500,100.0,747.2887356627191,362.344351560959
08187500,91.0,3330.4712202820515,1102.3253842032454
08188060,0.0,,
08188500,84.0,127265.9400059123,101558.00619103068
08188570,1.0,94391.12667780851,92366.0261184
08188800,0.0,,
08188810,1.0,179104.02792111167,148530.74937142857
08189200,124.0,631.9026774370953,240.7190184192633
08189300,82.0,948.0935828020177,405.5239283795098
08189500,138.0,7855.730127332208,5582.792924951293
08189700,130.0,3859.398628172304,2891.2760770641435
0818999010,0.0,,
08190000,188.0,135409.0484328103,108623.72375660989
08190500,143.0,1847.0985669604481,1000.4713635058237
08192000,189.0,60667.44357881516,37325.4289355536
08193000,176.0,86288.89177323805,43348.3105309224
08194000,176.0,36502.01673808896,9511.54663984898
08194200,169.0,17360.526688785074,6136.075009925005
08194500,71.0,2670.0055722031266,490.4853607108034
08195000,249.0,66077.01707824586,51825.04880418311
08196000,65.0,6873.997592349641,4866.890244121557
08196300,17.0,1362.4270406586727,433.32830085460756
08197500,96.0,226.20129494345497,65.31716091615102
08198000,67.0,11593.115385089499,6443.835520693672
08198500,62.0,3218.3446002103424,2226.3093248003347
08200000,165.0,12973.608276403658,8097.277591871894
08200720,20.0,349.1554627941367,75.40529048987342
08200977,36.0,143.70096917951489,59.006716220964826
08201500,60.0,1283.6828156192578,717.1200543728733
08202700,68.0,611.8773682968459,87.45897942028353
08204005,27.0,11095.18258048905,5774.852999452138
08205500,189.0,52780.102086287814,28343.672940387274
08206600,109.0,96352.59287557154,51940.91393592241
08206700,85.0,1668.8207030247272,733.3073591860048
08206910,24.0,103073.18811891983,63822.953638056526
08207500,37.0,2544.407900798229,1480.1724703295445
08208000,144.0,10084.728156161362,6691.3492561758985
08210000,162.0,41388.71028278722,30861.03767707435
08210400,60.0,98.65692684728671,10.174202331790703
08211000,111.0,118135.76069256458,99978.34695005017
08211200,56.0,104965.05860654642,85901.06347222863
08211500,31.0,34850.62297105647,6180.4553935088825
08211520,30.0,1628.4812176191815,1416.5603612328503
08211800,70.0,579.1900209316301,224.96681343224284
08211900,128.0,4621.7668012977265,2286.679345521345
08212300,20.0,411.191523593967,187.5944572399551
08212400,68.0,2057.8275830604725,426.43425017305657
08212820,21.0,2058.2674757530503,1495.8999726224718
08412500,129.0,51530.90962281831,32453.500448633156
08433000,54.0,825.3506910573115,136.2621230062323
08437710,30.0,4307.694374167712,2608.975157170324
08446500,18.0,36196.98006927526,13700.162597461576
08447000,74.0,70288.66714056145,44800.92791688749
08447020,0.0,,
08447300,55.0,74412.11222668842,55573.4619651152
08447410,0.0,,
08449000,67.0,93225.74161990201,65717.36084393422
08449100,8.0,7121.370508865683,5379.878325192612
08458975,34.0,2257.705857355842,1698.8107257712877
08458995,33.0,1348.2335642664589,884.2922108459574
09180000,0.0,,
09180500,0.0,,
09182400,63.0,4562.543843142366,3484.329149247776
09183500,101.0,6731.312520676841,4330.611364275556
09183600,68.0,3239.4719570562966,1888.9120470518806
09184600,9.0,1305.3073937714169,1049.7119456328444
09185100,13.0,9218.492280278277,5797.173739316364
09185600,0.0,,
09217900,46.0,27498.368883137155,23722.246583209544
09234500,28.0,1911409.8426556548,1253014.83119648
09261000,18.0,1228929.6594727074,1026295.7815716055
09261700,80.0,20946.531452819614,15423.251209549671
09263500,41.0,16228.62099635437,8133.969956893205
09266500,149.0,40875.827240304076,27523.427748425216
09271000,45.0,42506.03625407717,30110.799930613313
09271550,9.0,3874.8349918454524,2832.6043667544045
09272400,0.0,,
09277500,122.0,182846.6259559674,157415.52715115264
09279000,202.0,53088.38450581313,36777.32435009966
09285900,0.0,,
09288000,2.0,10182.566747589684,8161.369693090912
09288180,23.0,43009.20804542642,25932.822614086155
09289500,130.0,37609.6079914584,29775.39265267887
09291000,99.0,13450.592347224434,5708.201354467093
09292000,16.0,45279.716043021486,38754.932178773335
09292500,14.0,30798.945454552515,29068.409109228614
09294500,71.0,86206.21483310564,65712.03377340952
09295000,97.0,233073.35791491566,140585.27692525627
09295100,47.0,136859.96537851947,86778.73157166861
09296800,9.0,24426.167604361097,20865.814046265423
09299500,194.0,48302.09621766321,39360.56346142691
09301500,5.0,9966.887524496646,8577.862400086486
09302000,72.0,151947.9720612288,125055.87148423115
09306500,16.0,627094.5360473867,546256.2350428829
09310500,175.0,11566.99475995944,8509.49990735489
09310700,22.0,5816.5599603022265,4835.115620647619
09311500,53.0,32496.996159830178,14399.446923889356
09312600,91.0,4158.411195454713,3223.1238053977586
09313520,0.0,,
09314250,33.0,41482.278798472216,30434.424619860165
09314500,22.0,26835.022912007225,21547.19825767461
09315000,28.0,1888934.6295876526,1616775.0064173886
09326500,59.0,13347.391279251633,12047.046456874526
09328000,82.0,56943.77260182923,43681.936381768624
09328500,202.0,48264.893301140844,36368.76017661193
09328910,14.0,11464.523163941107,7489.937815770595
09328920,0.0,,
09328960,2.0,5201864.055973755,4171284.8881860464
09329050,18.0,3979.6247065917896,3485.512095817143
09330000,175.0,43586.98818765223,32211.715565950817
09330500,144.0,18520.775531926527,12438.330026659709
09332100,13.0,8523.641028306138,5881.475089266359
09333500,144.0,200800.4531119068,101277.41950217704
09337000,173.0,4926.8924414949,3460.49094097681
09337500,124.0,4285.8725749496725,3211.8960302875303
09378170,67.0,646.4035415174586,376.4568995867004
09378630,77.0,875.7992695746057,511.66455319726805
09379500,44.0,936643.1932007867,837053.2505306628
09381800,16.0,6527.896346744081,4617.077793194507
09403600,72.0,5385.2079980472445,4139.635575871128
09404450,40.0,5763.583498778443,4326.751787076555
09404900,17.0,15985.116302048942,11124.96835234707
09405500,208.0,38756.95956333488,30301.98981511173
09406000,188.0,128534.76014963716,105802.56352634777
09406100,4.0,82238.96667410964,68070.06475515923
09408000,119.0,5692.369062016325,3966.1090792908763
09408135,1.0,64803.367485039635,63771.90106176
09408150,108.0,89771.69235068494,64108.09784440059
09408195,71.0,1869.0122044313666,383.5693599044277
09408400,133.0,7468.69671374585,4947.814994551554
09409100,82.0,9855.370438483542,6597.88589921648
09410100,40.0,1784.4895104408993,1296.4264255299652
09413000,21.0,6896.311550496284,4963.961610547834
09413200,71.0,143263.8585553157,113539.10389018658
09413500,116.0,196340.79217141357,156539.48496287607
10011500,95.0,124534.01139189773,90132.32607176542
10023000,26.0,6819.841435414599,5599.549651894164
10102250,0.0,,
10105900,21.0,81879.40514166043,66211.31181373318
10109000,150.0,169945.79428529931,140376.57335992917
10109001,0.0,,
10113500,85.0,28228.944822644477,23823.84819429796
10118000,61.0,286568.1903691684,154048.58545037813
10126000,26.0,314559.53647583316,201359.70070409024
10126180,4.0,66575.63007300443,61616.27651781818
10127100,7.0,63631.63161060551,51455.51738204579
10128500,193.0,88676.5361837987,70295.14596481547
10129300,58.0,120057.58239099743,90840.93341465689
10129500,99.0,212260.79625476437,168854.3401059364
10129900,48.0,5855.224172194121,4484.06556039383
10130500,195.0,171439.147400677,133434.49271863681
10131000,24.0,13738.789242434425,11098.639949296947
10132000,38.0,138017.46078195813,93044.86944993565
10132500,45.0,33910.28043445215,14059.255052007606
10133000,1.0,7188.576162367838,6604.738916444445
10133600,1.0,10570.80303672045,10313.608716454903
10133650,11.0,8968.460776298023,7816.533914290488
10133800,47.0,22546.25761258792,18552.4871431004
10133980,0.0,,
10134500,153.0,81540.78472928258,37762.272510219474
10136500,3.0,45948.03780147245,37019.62354170629
10136600,0.0,,
10137000,0.0,,
10137300,4.0,74609.90807754025,47190.347374585035
10137500,169.0,58477.439746040385,45637.025391740666
10140100,46.0,13104.202423373834,11292.659432834902
10140700,16.0,35304.247486397704,28498.84856658344
10141000,66.0,105912.92235468018,67073.75343880842
10142000,92.0,6015.220680396441,5119.722529326249
10145400,7.0,8752.17680836906,6176.1204075558935
10146000,60.0,13273.639023301472,8990.742355979342
10146400,50.0,7924.614369889268,5281.401384559509
10147100,18.0,5538.859819617914,3968.419074160797
10149000,9.0,27383.66439068959,23880.416156482763
10149400,28.0,46883.40247038934,39098.55893932326
10149500,37.0,50470.79296491691,32117.41495032183
10150500,0.0,,
10153100,11.0,49579.69553142623,33831.71986793728
10154200,113.0,134531.93591765847,122225.01346567004
10155000,149.0,160545.21366565285,138838.65414911194
10155200,0.0,,
10155500,0.0,,
10156000,5.0,21703.375274676426,17200.72098614857
10157500,54.0,3047.5073676228485,1876.308563628027
10163000,158.0,348255.0527125782,229978.74762385542
10164500,20.0,9788.303880579393,8795.921860491944
10166430,57.0,3260.1022432372442,2017.2276711233012
10168000,66.0,12482.706442190554,9419.51236912289
10170490,0.0,,
10171000,184.0,82992.42234811214,64736.50090069325
10172200,77.0,3207.4210446457178,2689.1791024545482
10172600,11.0,71033.34012578308,61043.570397495656
10172700,85.0,3182.178644298474,2251.7680406666063
10172727,41.0,1511.5272791336672,1104.7673979416545
10172765,25.0,3284.0366327970255,2570.616757273696
10172800,97.0,6659.497066658687,4046.5945072259924
10172870,69.0,3777.129739176243,2351.1425740321056
10172952,69.0,4333.886475270935,3460.907804629942
10173450,65.0,11278.997398333748,7701.078251766088
10174500,234.0,58878.399258301935,44691.839899245395
10183500,111.0,114810.24633423997,48063.781642035385
10189000,166.0,80119.55263941067,35369.418340780016
10194200,147.0,15481.539279895871,11518.701739535078
10205030,38.0,7034.043766794596,5702.3624858561425
10215900,86.0,4635.719568357579,3795.069656380428
10217000,0.0,,
10219000,120.0,74071.62138040246,39515.90557921033
10224000,14.0,59770.00830247131,52238.96715342032
10234500,8.0,6628.9010904915385,5905.106885333332
10242000,44.0,8020.745695577864,5074.687265747818
01133000,66.0,62813.20958963069,54932.73273110729
01134500,41.0,66159.5233473678,58802.41824415664
01134800,15.0,5091.469875839298,4218.280777900297
01135100,11.0,784.4720460694483,564.1577343054055
01135150,53.0,3487.926738011633,2924.2574674153975
01135300,2.0,3671.888390246902,3004.7171725333337
01135500,45.0,356098.28553561395,312079.15948903863
01138500,0.0,,
01139000,259.0,138333.66948570198,112583.09531026914
01139800,1.0,983.8512727266221,491.92113671111116
01141500,70.0,82153.03464297116,64760.1097853047
01142500,8.0,6903.6322994544635,5261.5132403368425
01144000,19.0,196178.53651104443,168964.1105298773
01150800,20.0,4180.684671801358,3464.7865867212254
01150900,1.0,2858.8938115245746,2480.4094173599997
01151500,17.0,174304.54505372283,155227.80484325846
01153000,2.0,112467.33202992138,110320.24502575341
01153550,0.0,,
01155500,42.0,77000.89641275161,59595.58832492383
01155910,0.0,,
01334000,0.0,,
04280000,1.0,13019.378807605804,12912.984827529412
04282000,0.0,,
04282500,6.0,230093.8184838726,205441.59513222813
04282525,56.0,115620.20688536104,93598.48318094153
04282538,3.0,3918.3838670200244,2402.0681520754715
04282581,9.0,1415.3642747250203,713.35619111412
04282586,11.0,1498.1043102002036,693.9501077856515
04282629,2.0,7157.62965749798,6020.127517167214
04282650,14.0,7003.524686312423,5683.633611059104
04282700,26.0,2993.579427466902,2263.159873521224
04282780,56.0,50780.828417903685,39985.57080565239
04282795,17.0,6914.491935171412,5494.836350357955
04285500,26.0,22512.30078365,18034.95538803368
04286000,1.0,86110.40492385921,83834.59877189188
04287000,11.0,17730.406823997007,13594.779409253098
04287300,32.0,1972.4210986565902,1308.4844672914594
04288000,0.0,,
04288225,5.0,6659.710433750604,6157.643959119327
04288230,0.0,,
04288295,27.0,136051.47850663197,106371.4942243237
04289000,2.0,148404.95880884113,114097.55171020224
04290500,0.0,,
04292000,0.0,,
04292100,14.0,6041.742721616955,5344.378857803219
04292500,0.0,,
04292750,12.0,2396.8233933860456,1445.6411613203647
04292810,19.0,313.96511040432443,165.17827620329066
04293000,0.0,,
04293500,0.0,,
04294000,1.0,622440.0140093698,621009.3469846154
04294140,10.0,717.170712673259,407.4619162329571
04294300,7.0,3737.1633958335537,3071.2507100666667
04296000,0.0,,
04296280,0.0,,
04296500,3.0,101823.89825828839,82769.0480992593
01613900,5.0,1121.7991348549474,941.6551963750002
01615000,6.0,4260.222008358454,3583.789408720497
01616100,41.0,4146.92682207472,3378.9487487416754
01620500,95.0,3304.7172050717113,2572.9995786203017
01621050,63.0,4278.46273826253,3499.4549410851323
01622000,93.0,108554.65551829583,95700.43897224008
01625000,57.0,95086.28257551527,83663.47662689221
01626000,183.0,124659.8095544133,97962.77594177156
01626850,0.0,,
01627500,0.0,,
01628500,26.0,282222.42972940684,257897.32017941156
01629500,2.0,447760.53430042113,422582.16901692306
01631000,1.0,515139.2761521285,494200.16634888883
01632000,166.0,49362.92465539136,30628.825028778927
01632082,45.0,11643.31396435478,9928.75569584466
0163287828,5.0,2594.9423674892923,2013.3635889634677
01632900,15.0,20550.09706239543,18397.943745365785
01633000,91.0,96205.07357100981,81899.73121917472
01634000,9.0,89258.89906412172,79591.18136535981
01634500,149.0,30865.22573492121,25246.733883384273
01635500,37.0,7849.361183460819,6537.007981345257
01636316,16.0,6089.53889700323,4945.088121190743
01636690,3.0,528.5057690112095,420.7871264
01638350,42.0,10772.045374529567,8245.39735505656
01638420,26.0,4901.378149141683,3427.5313792366014
01638480,88.0,26553.124173435084,19807.844121159764
01643590,41.0,2248.6056574132876,1604.3176853824352
01643700,25.0,9695.38545053912,5768.974592893561
01643805,12.0,4749.888549562678,3877.499829598161
01643880,21.0,2580.5214536139642,1773.271801012
01644000,131.0,80266.69994573883,56943.51956146604
01644280,21.0,39617.65094029339,31180.1214408233
01645704,10.0,4012.8768728629893,2916.959210889498
01645762,39.0,2063.3763511130082,1403.458684732695
0164578734,6.0,1142.427757547003,786.2135090231076
0164579522,13.0,675.9415738602789,392.7798072037617
01646000,3.0,7286.2558801141895,6120.111309913044
01646305,34.0,1791.0191848173051,1184.6988461832038
01652500,0.0,,
01652620,7.0,1105.732104361909,516.3917050281369
01653000,14.0,10472.205536173324,8775.415797248119
01654000,14.0,6181.900098638059,4621.4530582865455
01654107,6.0,526.2780318004176,309.4355401093333
01654500,32.0,2851.3581496640345,2107.875421166644
01654670,1.0,2758.4031194994764,2694.497935587096
01656000,37.0,5000.102230306663,3620.1655798691772
01656903,13.0,2057.530196164842,1513.3117255115715
01658500,121.0,2271.3583834878386,1445.1305286045415
01660400,37.0,3497.280189417662,2308.4285039162082
01662800,32.0,3947.3677129017547,2685.0694716107696
01663500,39.0,85199.10042512334,60725.06944407624
01664000,51.0,138307.45544076397,97243.51937512404
01665500,244.0,153290.77430798966,123340.98349323071
01666500,0.0,,
01667500,1.0,74608.07976518464,71034.62332363636
01668000,9.0,446373.1701034234,308069.16439222504
01669000,74.0,17550.54344514708,13041.622342849489
01669520,29.0,15935.619431958557,10266.640887400601
01670400,5.0,25461.104790771366,21252.75098701639
01671020,72.0,94628.60395735106,81562.00499360116
01671100,32.0,8564.740366437858,5168.068379246577
01671200,3.0,1498.4222014791987,960.3561190595042
01672500,47.0,71340.34190618519,54886.404681036816
01673000,149.0,462283.0145630634,349870.9614325338
01673550,14.0,6836.247666889028,4690.025856549073
0167357970,2.0,10249.439933522215,9344.803380585076
01673800,29.0,5131.707478758833,2993.9044698877515
01674000,143.0,99981.64646290516,68498.33335939849
01674182,5.0,3544.8665727500365,2268.1443282807013
01674500,8.0,66280.86718534451,55471.076179930795
02011400,126.0,118671.81349117198,91565.95764177355
02011460,26.0,7117.191764208463,5779.336100438803
02011470,56.0,30183.971374850305,25070.523559745292
02011490,75.0,3455.288492554661,2844.996979892021
02011500,148.0,98650.28401416456,70699.79245364503
02011800,44.0,128316.24671761272,106466.08562124369
02012500,0.0,,
02013000,217.0,100975.30725329863,71049.42639416065
02013100,30.0,180219.95200603025,153259.47239459312
02014000,158.0,58672.82067542575,46398.8968179532
02015700,175.0,118500.06577011637,93323.17611979379
02016000,2.0,80083.39327533424,74961.13503783784
02016500,28.0,334316.1052238202,295412.0721110098
02017500,68.0,24332.52700557866,22050.42759404278
02018000,103.0,86401.00466630203,73535.57834147649
02018500,170.0,11321.333880543942,8718.2309869647
02019500,8.0,483480.9850011335,456743.6110847552
02020500,211.0,111310.36206716306,72343.83620327213
02021500,98.0,57459.204111315106,49046.30139941688
02022500,78.0,11885.94986324957,10563.137487180518
02024000,81.0,129957.64100619964,115565.65420596379
02024752,9.0,901803.2937638594,776381.3463528538
02024915,14.0,7816.26426853801,6136.45629723862
02025500,48.0,843957.1096247837,743903.7634301948
02025652,8.0,13069.67094622267,11758.444178519998
02026000,23.0,1543279.1265244128,1445994.6756419125
02027000,253.0,150816.34711425003,120659.25983201832
02027500,140.0,41031.610893058634,31746.35056748464
02028500,240.0,148591.97914328598,118658.90718023773
02029000,3.0,1223542.5423402882,1053601.709986055
02030000,8.0,14706.783204139592,10763.046027185499
02030500,0.0,,
02031000,98.0,51189.75268676999,38484.04526568352
02032250,79.0,31486.191917179167,23074.28612721639
02032515,17.0,65548.16067830617,48094.170658271585
02032640,12.0,19732.644742426713,12917.921525019454
02034000,38.0,160495.97223307943,125747.80449410458
02035000,0.0,,
02036500,59.0,4271.397424462214,3044.9688873876867
02037000,70.0,488792.61719717906,240737.29182548457
02037500,0.0,,
02038850,87.0,4092.1880402092393,3302.653354382529
02039000,3.0,53515.990133100495,47914.675828771935
02039500,4.0,119534.00330379877,110862.37769408955
02040000,69.0,167403.17231035492,131596.90649679396
02040892,19.0,251987.87234053397,214072.90847150845
02041000,29.0,11274.373394313307,8336.22442836291
02041650,43.0,203393.45879461415,165089.24519292006
02042426,1.0,2244.7242822561884,1885.367817013333
02042500,6.0,8154.540299561613,6567.9027284967515
02044500,52.0,55665.18027029925,41862.77572436184
02045320,7.0,139033.94798022413,114678.61967755822
02045500,28.0,50585.46073746058,40529.57888267188
02046000,121.0,30616.61529468773,20944.719376462745
02047000,46.0,168620.9172830187,131353.96326839802
02047500,116.0,66692.64266155046,39531.92676351998
02047783,3.0,13766.826230057575,9734.61268471049
02049500,89.0,106456.07336639527,64468.50542439992
02051000,24.0,4476.916168343211,3121.9948847627734
02051190,0.0,,
02051500,2.0,12797.858521572029,9448.83713497436
02052000,8.0,67054.1849304172,54295.993066222225
02052090,7.0,103525.50502395307,87176.49419829213
02053800,49.0,37332.30198982679,30293.60733267899
02054500,2.0,63742.30952381625,60565.80315733335
02054530,1.0,63765.658878063616,62516.18589090909
02055000,62.0,105803.74587690471,92126.8234416959
02055100,1.0,851.73863935395,726.559197128205
0205551460,5.0,1736.7210678501597,1278.654292211255
0205551614,3.0,41341.27239082512,37789.686383039996
02056000,0.0,,
02056650,2.0,2983.912683834943,2300.0374684444446
02056900,2.0,43462.00160197899,34782.42337632463
02058400,14.0,162881.94777488723,132753.1842761191
02059500,105.0,89764.75526265186,72752.4701057813
02060500,0.0,,
02061500,31.0,103580.27658588784,85742.43452005216
02062500,58.0,1011852.4115009761,843249.6922515781
02064000,257.0,128473.17030637355,102632.83474297934
02065500,112.0,45790.28702769536,36711.35204266154
02066000,39.0,6098130.573786533,2810096.168861501
02069700,1.0,34697.878580597484,33587.05144094118
02070000,0.0,,
02071530,0.0,,
02072000,24.0,190893.25930269493,175888.70193055633
02072500,7.0,112720.84853761113,93832.50674238201
02073000,0.0,,
02074500,143.0,62805.55898174889,52091.118309614554
02075045,0.0,,
02075500,7.0,669380.3541183374,536009.7107153623
02076000,0.0,,
02077000,3.0,61932.481217908,52546.63738210232
02079500,2.0,3852194.0145206493,3488288.2254066668
02079640,66.0,8358.403611482237,5293.735612792921
03164000,16.0,580421.6714524537,520004.31168694486
03165000,6.0,34244.1464687129,29444.336356102565
03165500,0.0,,
03167000,16.0,100832.98696555925,93327.4511696126
03168000,2.0,792344.1197303118,712312.8586422857
03170000,11.0,118392.69878581936,100521.29832471939
03171000,3.0,1194642.5893211786,1097908.1321741594
03173000,120.0,78606.4670577379,66942.666398282
03175500,102.0,69012.20731193667,59585.7927996535
03176500,0.0,,
03177710,0.0,,
03207800,25.0,67322.53615426549,58578.2004463534
03208500,143.0,79947.46749173579,60614.88950733359
03208950,2.0,20470.608401824476,16447.16013419718
03209000,22.0,79471.56063132934,57973.639979249994
03209200,14.0,160947.84266811796,126070.25470609212
03471500,109.0,44993.76571243924,39404.85029763667
03473000,0.0,,
03474000,157.0,114674.09590494577,92525.29772572224
03475000,0.0,,
03478400,21.0,14376.627195276662,12202.199416171114
03488000,99.0,59267.61159626469,51184.9334526436
03490000,124.0,374884.68487957586,276000.0299163123
03524000,59.0,126205.6804062249,111364.42995020954
03527000,19.0,234844.48565078338,201054.84448498703
03529500,70.0,83210.54928115122,64725.10626198561
03531500,17.0,50531.93759649476,42866.31482428871
12010000,95.0,53807.55468097328,46029.031564622135
12013500,76.0,44202.19113167882,38188.096072643035
12020000,93.0,35567.92014402204,29160.809221922587
12020525,10.0,105967.08098833507,91781.7361995826
12020800,0.0,,
12021800,10.0,83705.79503875594,65821.88909940029
12024000,0.0,,
12024400,43.0,181908.81635443037,148343.21025309336
12025000,72.0,57826.95694317848,52456.91545393747
12025700,89.0,55274.90212020877,40314.94314540763
12026150,3.0,34337.98632132115,32192.55389240367
12026400,96.0,120537.78905630502,104356.28692076787
12027500,132.0,505986.39690304303,399084.18546675815
12031000,80.0,351885.40474472725,296491.90912368207
12035000,132.0,239514.03188594402,206339.56569068212
12035400,2.0,73416.49963517283,64755.3157638095
12035450,44.0,28170.197215163957,20997.880611662236
12036000,180.0,458239.0098421974,376756.28224608005
12037400,13.0,159692.61547129747,114490.08108468229
12039005,15.0,260864.47886028697,207685.43003071318
12039500,116.0,624138.645459885,482640.7543064142
12039510,9.0,15784.495850484816,13350.662572513618
1203951610,6.0,272052.7783205379,221846.63541037033
12040500,51.0,1535463.3573581877,1476654.3086032106
12041200,31.0,992919.7557966827,891204.8406198807
12042800,1.0,78308.1526270871,75727.44475230189
12043000,48.0,89937.20334044103,81830.3136993925
12043163,34.0,31989.290071648953,23328.30807719593
12043300,65.0,37525.35885919905,31512.84743999022
12045500,1.0,324568.1933350139,322125.79778042546
12048000,46.0,101423.12466216968,88041.65235473722
12052210,16.0,21707.56391843666,19797.104204321837
12054000,0.0,,
12056500,14.0,52328.087566901726,48019.079875860145
12058790,14.0,51884.42511955009,41877.23298891271
12059500,142.0,182646.87707115064,132982.6302599701
12060500,93.0,72397.98676792592,62683.67078124708
12061500,48.0,142962.6940178649,123428.05191925431
12073500,94.0,2613.1752802141013,2057.9460355659526
12076800,36.0,108244.68117086247,82027.93651764264
12079000,34.0,28178.53371323099,24882.582884518608
12080010,63.0,83349.13201824797,71513.7722792849
12082500,181.0,717575.8691801891,637108.2514444396
12083000,77.0,48845.95619091721,42102.17943714259
12086500,3.0,980628.9872851706,948808.8007275978
12087000,73.0,73151.92353771019,50987.96583021864
12088000,19.0,12098.070669104998,11315.680857072186
12088400,1.0,270575.6285128403,227110.55227661016
12089000,9.0,16798.641692193567,8673.89017081212
12089500,4.0,812940.0495062693,725446.4611105184
12090400,41.0,513.0578150490127,138.77695279051753
12090500,52.0,7383.2906435865225,5147.418474928033
12091100,20.0,1644.8700849314941,976.0252365307234
12091200,86.0,3070.729155818508,2375.7112737875136
12091290,0.0,,
12091500,20.0,39179.46610237191,33812.37287499431
12092000,0.0,,
12093500,150.0,668072.8481786418,586579.3263602166
12094000,0.0,,
12095000,1.0,28975.075284157385,27234.128485161298
12096500,0.0,,
12096505,0.0,,
12096865,24.0,45787.348304847066,37843.06355660287
12097500,12.0,38669.514812783695,35984.022064
12097820,17.0,9166.571042951027,7050.486678435359
12097850,0.0,,
12098500,3.0,306171.9421088086,277760.73761792004
12099200,0.0,,
12099600,37.0,8997.548467638555,7892.4349818040155
12100490,0.0,,
12100496,38.0,435264.41220224125,322534.531445907
12100500,11.0,77750.78762648648,68633.11729565957
12101470,0.0,,
12101500,0.0,,
12102078,1.0,14032.23439325141,13022.371279360003
12102190,12.0,1298.4842118886147,455.01609135424457
12105900,33.0,272227.48179545085,244863.7146419978
12106700,3.0,183664.82287361604,179821.49487299268
12108500,7.0,8520.60336119463,7211.8915804928
12112600,32.0,22186.098386298454,19267.161651479273
12113000,34.0,203681.5722138327,169904.51395183982
12113344,10.0,392915.9788493386,353203.49839089427
12113346,30.0,4433.010367935028,3551.1386074483394
12113347,47.0,1741.872584812787,1180.4462401392868
12113349,11.0,1269.5156713835222,961.7468923225298
12113350,7.0,251728.52132818868,212660.86744972973
12114500,170.0,143475.3211308014,106530.80884421294
12115000,8.0,43285.94921054557,41368.19917714285
12115500,112.0,31165.45451956111,22428.99877992388
12115700,45.0,2715.21195179397,1517.5160750790199
12116100,25.0,15318.468344146471,11964.333331504884
12116400,56.0,50038.54379127876,36581.845784677775
12116500,66.0,115732.4006787291,99226.99822292992
12117000,106.0,38124.0123928477,30491.77893475614
12117500,210.0,438871.5225631496,369574.16159457486
12117600,8.0,59972.72995624805,51457.21016121379
12117700,5.0,5116.628446899915,4718.339711286857
12118400,3.0,6245.4887439100185,5130.756036407547
12119000,54.0,201259.75446746708,173473.32886584857
12120600,0.0,,
12121600,19.0,19958.212877351176,17471.09369912666
12123100,2.0,8737.898368956061,7998.0683688563395
12131500,8.0,334601.38431162055,282006.5301656174
12134500,56.0,525673.158735202,451854.7012085413
12135000,119.0,128490.86414866467,94448.91525127154
12137290,10.0,12253.735561442332,11515.70635992988
12137800,1.0,189759.75276994664,189700.85767466665
12138160,2.0,264198.36296854273,227083.46820637683
12141300,4.0,158796.21218864043,151721.61144868573
12142000,23.0,61699.392999773976,55687.43530298923
12143000,22.0,127477.38259316911,106308.7526234957
12143400,76.0,72721.82154288582,59352.02937755024
12143600,13.0,80966.81782954145,76883.54483511033
12143700,96.0,8865.481233532239,6501.943768104144
12143900,1.0,2905.2647762286706,2376.9494545454545
12144000,12.0,124416.74265603881,119604.20857976472
12144500,70.0,508727.22263662744,393428.5976161366
12145500,48.0,19220.202600908608,18008.02961771187
12147470,11.0,54062.835599107224,39465.39593453171
12147500,36.0,52714.062354356276,46879.401911489134
12147600,18.0,5406.736446410832,5057.086359228184
12148000,126.0,62001.26654968193,48951.83246237145
12148300,81.0,99955.46920381476,68526.93992015565
12148500,13.0,161500.10467626186,149536.8084125646
12149000,16.0,642085.1635541584,600864.1519386045
12150800,10.0,3445573.0629374697,3387134.1872835103
12155300,9.0,69439.63934022601,66663.67371158763
12157000,7.0,5121.830497102802,4691.447681181817
12157005,2.0,3337.631068248648,2813.3980730879994
12157250,42.0,3605.4687946569734,2985.52123136908
12158010,38.0,3651.8478825327247,2888.3205277392417
12158032,37.0,2026.449350276276,1542.95970927052
12158040,1.0,9292.397142713955,8981.922955576469
12161000,16.0,108845.39888636369,89112.59397164403
12167000,73.0,284940.67964252,250605.67328140544
12170300,0.0,,
12172000,0.0,,
12173500,0.0,,
12175500,79.0,203196.67350501617,184563.28468783194
12178000,2.0,933085.7268214695,841761.3021852348
12178100,62.0,70538.33770627766,59518.42840938197
12179000,0.0,,
12179900,0.0,,
12180500,6.0,143268.22872575614,109416.17100611763
12181000,0.0,,
12182500,3.0,128355.36246906228,103758.90664145452
12186000,4.0,163965.06229645968,149769.90916248588
12187500,1.0,537986.1304064811,529302.5941973333
12189500,2.0,574510.0160477676,511986.78968421044
12190400,22.0,489049.63241490343,426095.0974667397
12193400,8.0,1707823.1134111537,1271588.7915029787
12194000,0.0,,
12199000,0.0,,
12200500,0.0,,
12201500,1.0,36303.55147815418,35866.620413
12201950,19.0,2920.818377668985,1791.766873283299
12201960,29.0,1686.0170710863613,797.9085709166667
12202300,37.0,2126.2644420745983,1332.4868053455407
12202310,43.0,2136.1978702563906,1278.3213183815164
12202400,49.0,669.8178118448856,387.4291288995327
12202450,38.0,740.1352668797251,419.1614673365926
12204010,6.0,2699.7838900719153,1540.2594965422818
12205000,185.0,655552.1902312702,551579.0019566339
12208000,0.0,,
12209490,7.0,27584.237352696662,25615.906389469095
12210000,1.0,112765.77982997622,112314.76829212904
12210700,0.0,,
12210900,37.0,2106.1542831735096,1253.0734965752724
12211200,0.0,,
12211500,0.0,,
12212050,16.0,7047.575549149551,5420.671863509712
12212430,25.0,2894.7382231045585,2107.851809295238
12213100,3.0,499658.70151970966,412170.01807733334
12214500,2.0,13504.059253424142,12153.614267387387
12396500,0.0,,
12398600,0.0,,
12399500,0.0,,
12401500,71.0,261199.48824448235,235420.5681834805
12404500,161.0,924856.1268116388,762658.3834622453
12409000,105.0,123175.40159203693,93952.17189353993
12422000,5.0,1174262.8514242591,954853.1476078756
12422500,11.0,1516063.9845471014,1220492.3666189474
12422990,25.0,2560.3590975338443,1909.9372852297572
12424000,102.0,49118.65770391947,35820.56620400907
12426000,3.0,1816411.6265949127,1561868.8587798262
12431000,109.0,144914.88119458887,123945.8741377238
12431500,17.0,91415.33118323795,73458.58169656806
12433000,0.0,,
12433100,11.0,9819.167867605642,7531.627937865657
12433200,16.0,19841.578077269256,17876.93598559601
12434590,7.0,50341.26079130788,44877.10282114286
12436500,0.0,,
12438000,0.0,,
12438905,12.0,2164.4233826827285,1277.19713777479
12439500,59.0,251109.5826984126,194935.3751469821
12442500,141.0,583781.4785022689,494432.4436126747
12443500,0.0,,
12444290,24.0,4215.573553053366,3200.4428566071183
12444550,14.0,13510.809235444034,9214.242886136944
12445000,156.0,1419646.8607179762,1181335.1046928614
12445500,26.0,8795.197616014666,6974.416275415402
12445900,23.0,5298.5226312182795,4053.1586643892215
12446150,19.0,3529.4242788650613,2646.350468826179
12446400,15.0,5033.329673795199,3815.078425753064
12446995,12.0,17914.19190097888,11561.753883555302
12447200,51.0,1142987.3606983803,974109.5275613961
12447285,24.0,6143.275888847038,4240.099596200001
12447383,0.0,,
12447390,65.0,4517.603094273273,3776.763669240568
12448000,70.0,135626.419239228,119160.09603712268
12448500,42.0,423442.4839077962,393531.50488373084
12448998,15.0,65643.8283126878,59815.76661887798
12449500,39.0,262172.332321168,228264.76616291294
12449950,50.0,408666.92293266434,365379.3598203905
12450500,8.0,393998.46647720435,353388.2813555905
12450700,0.0,,
12451000,77.0,305408.21447282133,275291.5214601834
12452500,21.0,2201601.481256307,1604958.7769153474
12452800,113.0,90398.25848820427,74971.14388400146
12452890,7.0,26666.743087118943,23375.30331031579
12452990,0.0,,
12453700,0.0,,
12456500,0.0,,
12457000,35.0,329722.37878264114,260112.04067344742
12458000,7.0,84262.51005711361,81564.94967068493
12459000,167.0,957323.0547475694,777973.8027222372
12462500,133.0,1216063.9644276884,991586.9365592913
12462600,0.0,,
12464800,46.0,2401.4184512309575,1714.439835291919
12465000,81.0,6248.530634405236,4948.743763105547
12465400,44.0,2586.449043364486,1551.3115979741046
12467000,49.0,86631.5480903152,56139.22754562178
12470500,57.0,58313.300155434226,39590.62904172883
12472600,1.0,10961.4838081329,7796.720731428568
12472800,0.0,,
12480500,19.0,82191.43322483679,54267.46819532168
12484500,107.0,743889.1819777733,600801.1124983596
12488500,50.0,64096.28248582519,59685.33156172845
12500450,2.0,647263.1715039692,553718.4127161906
12502500,20.0,45154.54878317094,36700.310306971165
12506000,43.0,33591.74000695412,27053.438714152835
12508990,6.0,1182554.829318199,1033776.7762675585
12510500,2.0,407471.6811324184,318315.829472
12513000,79.0,136.69607012332574,45.54117999986289
13334300,0.0,,
13335050,52.0,66883.04185262119,50694.17711550178
13344500,105.0,106369.89520289958,87956.78702079837
13348000,99.0,10121.413119120476,7656.960317851834
13351000,17.0,24678.280647550622,19516.45163629795
14013000,113.0,41167.12181164987,34609.57085192725
14013500,17.0,925.6824787919253,740.8013670034527
14013700,16.0,36936.5016117136,33592.21203953197
14015000,100.0,5745.488028747176,3915.094804134518
14018500,38.0,55880.671959227875,42843.94736405671
14107000,88.0,123465.80607334839,111606.45287600083
14111400,1.0,416916.19183746347,414407.85718999995
14113000,1.0,373986.64081612683,371885.8174399999
14123500,4.0,442332.62980032037,432555.50965560286
14128500,27.0,207531.5127137591,195228.89803596764
14144700,0.0,,
14216000,23.0,305106.9453697073,287568.29549275985
14216500,1.0,218232.21216573004,218182.85105999996
14219000,41.0,43340.58652924445,37898.98507778981
14219800,88.0,24547.92026204953,16884.52007798263
14220500,47.0,1769723.3082124756,1502761.9011941913
14222500,112.0,85949.92359834965,76791.63982520689
14226500,2.0,185860.38895428187,161538.92797968254
14231000,39.0,713679.0886327126,612725.0128394446
14231900,0.0,,
14233500,8.0,728038.02310169,642284.1783271958
14236200,111.0,285389.9931351922,221464.30906630898
14238000,12.0,3839945.1134485565,3286943.849299094
14238800,1.0,1188249.957423821,1124859.5965866665
14240525,48.0,425531.9232786738,322853.7453975926
14242580,5.0,436955.67658936203,407885.14463329845
14243000,5.0,1307081.5969954175,1199684.087470588
01595300,10.0,4203.077418605502,3306.1096374360977
01595800,3.0,235404.40269594538,183521.0535354386
01604500,232.0,116060.00686029665,77444.38584019133
01605500,130.0,61278.12811408982,51068.807239085116
01606000,37.0,49668.1888624991,38050.8090359367
01606500,85.0,143085.54582095193,128606.8117517844
01607500,140.0,25618.50709355072,19622.63859602418
01608000,36.0,35674.339227836674,32270.495759055702
01608070,6.0,204251.44165455532,181314.3965080952
01608500,36.0,202078.1331881379,178118.65143068827
01610400,0.0,,
01611500,9.0,76673.26739494993,72820.82752063818
01613030,21.0,1813.6086938501917,1311.1436585462202
01614000,100.0,43602.65809921114,32695.051080764028
01616400,22.0,4637.992388065906,3951.9940725996084
01616425,24.0,6564.537487735921,5623.645873886348
01616500,1.0,40053.82887691705,39673.155640000004
01617000,85.0,4424.266534326636,3541.0064089018883
01618000,11.0,1186255.063030403,1087703.4106215646
01618100,5.0,7431.627404035744,6433.880510252973
01636464,11.0,3235.616887789959,2392.728468318446
01636500,81.0,761537.6671442086,661549.3475231762
03050000,61.0,42497.472068517614,27786.02429515045
03050500,22.0,31752.678487325837,23314.787600266896
03051000,97.0,126050.28438890466,88387.3760592268
03052000,52.0,41407.21309224813,25401.147243851483
03052120,0.0,,
03052450,0.0,,
03052500,67.0,3809.789284091027,2392.4391115061567
03053500,6.0,28511.309206618578,17322.509880612248
03054500,30.0,123707.8895521586,89152.4207443601
03056000,11.0,502868.2804603286,423622.2347257971
03056250,38.0,37982.92518211112,25836.363764487574
03057000,87.0,1289319.9507419416,1159090.9302543502
03057300,4.0,1489.056191483091,800.8343431969581
03058000,115.0,127923.5799331044,87913.99398520812
03058500,11.0,5151.024007257989,3924.551113116928
03058975,0.0,,
03061000,39.0,173579.4116974401,139976.25965163208
03061500,104.0,22135.6512128921,16765.858073540152
03062500,72.0,34387.50892726443,23343.057612890232
03065000,57.0,151691.96014633647,113392.01445666395
03066000,92.0,58407.68137521886,41160.57914921969
03067510,43.0,108538.27793763914,76581.95299695921
03068000,4.0,88173.01414220476,80813.08251789474
03068800,0.0,,
03069500,16.0,144995.5484196332,121895.55079711111
03069880,6.0,4736.412433184828,3203.4851082112677
0307020015,0.0,,
03070260,5.0,494922.9123646722,375290.68377762573
03070500,43.0,59875.18002838906,32946.084819521384
03110830,5.0,7415.592560784859,5553.676883404348
03112000,128.0,80743.21235552123,57051.26015026695
0311404647,4.0,4367.197885828349,2776.7518611905216
03114283,5.0,3330.5228476114776,2491.22952513195
03114350,3.0,3264.5411710608696,2088.2092923719297
03114431,2.0,20969.31348100052,14577.19784813559
03114500,52.0,28833.566715504803,20022.886545409314
03114650,20.0,1521.0259701035936,940.8362697536448
03151000,18.0,16533759.618800454,15968802.846654546
03151400,4.0,4068.292989704778,3121.203601224742
03151600,3.0,49004.54694387161,46061.626732540535
03151915,5.0,4181.518080515955,3342.8531847654544
03152000,15.0,41432.49844132123,32105.93210773647
03153500,41.0,85182.24759975012,54359.86083182412
03154000,22.0,4367.371166164683,2648.8094392961766
03155000,51.0,151452.39764649447,110495.41582173848
03155220,5.0,3721.150095251261,2429.3071945633583
03177120,2.0,11490.965687152997,11324.8929433971
03177480,1.0,10843.040224297414,9904.944630149019
03178000,0.0,,
03179000,49.0,58072.071718497486,50475.46239428145
03180500,1.0,2962.846579216501,2335.21961632
03181949,4.0,21840.55554197281,19610.941877633333
03182500,152.0,273815.37455569836,198193.7005277125
03182700,13.0,80190.61222283996,56103.39159846851
03183500,91.0,216133.11180933195,184553.14501603084
03184000,45.0,175479.35267715636,148836.20242546077
03184500,77.0,4159270.5760273947,3749919.238218494
03185000,16.0,5506.298746268688,4647.355556868479
03185400,2.0,2012921.9054492766,1809041.5101086567
03186500,50.0,39233.946165141635,25533.259894389917
03187000,3.0,30741.635305981545,23601.561609982302
03187500,0.0,,
03188900,16.0,22493.445418233874,16011.185270545266
03189100,12.0,123647.56258579362,102616.15224652039
03189600,8.0,288677.8526247234,237383.41293415928
03190000,27.0,40047.34802091089,31753.633906048843
03191500,9.0,4774.30745594168,3273.640525570439
03192000,53.0,481054.11533673364,344420.90897326847
03193000,0.0,,
03194700,33.0,88962.68594187831,70637.48177328677
03195500,23.0,161154.81283917764,124182.97360984425
03196500,0.0,,
03196800,2.0,176661.38267695467,152095.03751851548
03197000,32.0,381262.984843455,271949.56212466315
03197790,4.0,1690.0905326086088,1132.2071618576922
03197950,8.0,857058.8395800104,641880.4959823631
03198000,0.0,,
03198350,6.0,8708.85555301141,6951.626863189042
03198500,55.0,49617.58226656403,40932.74004967769
03199000,4.0,98729.52309677734,88710.15874644312
03200500,45.0,231661.6931710787,189576.690954943
03201000,30.0,4159.88513424342,2365.9549541033675
03201405,21.0,3454.8285676399155,2362.697617069289
03201500,0.0,,
03202300,5.0,65362.77457062776,55122.318538097774
03202400,45.0,86468.79730544772,73847.85041611127
03202480,16.0,2670.5689560391843,1886.5840200829764
03202750,61.0,44087.708464103715,31705.986309946322
03202928,1.0,1274.1877128737462,1045.6291448470588
03203000,3.0,27263.777081697343,21554.208905473686
03203600,27.0,193562.30674607927,166974.7919562292
03204000,25.0,179736.79995025895,126202.62970204666
03204346,8.0,9760.20761213377,5912.0014637920385
03204500,21.0,4265.770951325493,2951.2852865206764
03206000,1.0,15192863.775765691,14866127.636835556
03206600,31.0,2381.6139638266304,1744.885707277198
03207020,0.0,,
03207061,0.0,,
03212750,66.0,89420.60630167201,74507.14393201434
03212980,0.0,,
03213000,10.0,50985.81231335234,44482.956094705885
03213500,99.0,9260.734426519224,6600.09064504022
03213700,39.0,204245.29968754223,170997.4947932392
03214500,13.0,204222.84480032872,166943.63969649756
04024430,87.0,115157.57273862972,97067.99196995854
04025500,155.0,59673.43291655733,44773.59457088704
040263205,0.0,,
04026390,19.0,1162.4480545458912,652.5820125723133
04026561,5.0,15965.781995932715,14261.699361832065
040265935,0.0,,
04026740,12.0,130286.7062007282,104659.15558567023
04027000,0.0,,
04027500,7.0,41475.61510553495,35894.121430000014
04062011,0.0,,
04063000,1.0,280985.25398223737,243887.00808533336
04063700,157.0,58808.114532944615,45197.83646532658
04064500,1.0,237155.00782251923,223575.9226533333
04065106,0.0,,
04066003,9.0,1254750.8806756234,971380.537881098
04066500,0.0,,
04067500,0.0,,
04067958,6.0,117656.36576147222,104881.36232495576
04069416,64.0,953660.0020004135,862645.6317962611
04069500,0.0,,
04071000,22.0,165334.26908414508,153815.2777304144
04071765,4.0,454353.7844581783,435017.8128647058
04072076,26.0,1305.9974620418475,804.1981954088218
04072150,48.0,5118.12940013423,3515.4863199526676
04073240,7.0,2437.5736233897446,2062.6307420321846
04073365,0.0,,
04073458,13.0,1250.825544482744,890.9015877656566
040734605,1.0,2695.8522832251015,2408.202924693333
04073462,62.0,4072.913985228372,3251.975949572826
04073466,0.0,,
04073468,8.0,10846.161250478819,8687.864159056535
04073500,12.0,536515.5627437729,454573.0595026751
04074950,0.0,,
04075200,4.0,5244.6763583601605,4710.478474389611
04077630,90.0,97976.27868257451,73122.11233909553
04078500,64.0,130198.59280913603,110892.0098491942
04079000,69.0,418984.3798483509,356878.1561286792
04080798,0.0,,
04082400,1.0,3956308.3576782634,3938140.668610169
04084445,0.0,,
04084500,5.0,1764879.4241918768,1561865.4207042793
04085059,0.0,,
04085068,14.0,1765.139729085274,1166.134982359876
040850684,7.0,3791.503813335657,3059.5668931555556
04085074,10.0,1456.7094052163216,848.8192865095435
04085078,3.0,2337.780451992735,2243.9231077264953
04085108,21.0,4227.9767186062545,3098.695950367577
040851385,0.0,,
04085200,28.0,23650.677027538568,21509.728572625852
04085427,91.0,107736.14289143831,89313.6864896459
04086000,5.0,65322.6046420634,57658.53843346154
04086500,41.0,21577.53431028412,15288.317546079026
04086600,0.0,,
040869416,0.0,,
04087000,18.0,70988.38058765914,59241.309289924044
04087030,17.0,5985.8263642022375,5038.690970235326
04087050,45.0,2640.12069354823,2030.0403497109282
04087070,16.0,3249.036134248623,2476.9799722341754
04087088,2.0,2006.3442620510784,1576.494163657143
04087119,9.0,3446.646834466879,2958.646869336842
04087120,59.0,39712.19731390643,32135.192121985026
04087142,11.0,112862.40581040632,84600.98212952138
040871473,53.0,647.4682091432226,356.2842273971323
040871475,36.0,1602.1061268693709,901.8273516885026
040871476,92.0,262.0020345081377,81.1546122290193
040871488,4.0,3869.784301295274,3366.20572499021
04087159,7.0,5337.796262158019,4453.0108124472445
04087170,34.0,597684.0031391353,498050.4834333613
04087204,38.0,5357.853660940489,4520.044409189935
04087214,2.0,1966.7627711417617,1605.1856950666668
04087220,35.0,10274.369332002,8551.933993720555
04087233,47.0,6185.4418379056015,4778.772466729727
04087234,7.0,19991.94241663298,17614.85273007829
04087240,24.0,19023.854726707705,14758.745023539372
04087257,29.0,10352.581482209882,9003.606948020451
05331833,57.0,142076.29743221958,117704.28038223846
05333500,7.0,251343.80781628645,206019.51508999997
05335492,0.0,,
05340500,11.0,2706366.0404806184,2358837.081887437
05341498,0.0,,
05342000,11.0,29780.53041927511,23372.358695355604
05344490,0.0,,
05344500,32.0,9433757.013391128,8086158.681333849
05356000,211.0,473708.46164846665,364688.58439484914
05356500,8.0,761215.7319335626,578376.1002826666
05357335,13.0,95456.20219583584,65804.56067998144
05359500,3.0,64967.34267212554,51578.71977674418
05360500,5.0,883794.1063522659,796368.5113476922
05362000,7.0,64192.62944639113,59865.06050972973
05363600,1.0,11240.430357787327,10987.02749339608
05364000,4.0,22635.574194733344,17962.15509751634
05364500,0.0,,
05365500,6.0,2999522.877004341,2929657.3152574254
05366000,23.0,107843.10929266838,88271.10038035194
05366500,0.0,,
05366800,0.0,,
05367500,114.0,710000.538287602,608767.5015268481
05368000,51.0,60849.094968633864,48890.895270400004
05369000,0.0,,
05369500,26.0,5693309.354702887,5272457.977050825
05370000,33.0,4205.677441936158,3457.621291117762
05379400,0.0,,
05379500,1.0,232073.53148525802,231493.06198620686
05380900,4.0,34413.81592261984,20487.73547325301
05381000,80.0,60166.558939704126,50953.96384290083
053813595,6.0,277317.6883129232,246684.24834783032
05382000,13.0,472915.91755769873,427647.07118305296
05382255,17.0,2559.477734644832,2139.5849844981026
05382257,40.0,2748.9188653457527,2169.5091965663823
05382267,46.0,28328.084770645535,21794.854054109874
05382284,0.0,,
05382325,0.0,,
05383075,0.0,,
05391000,27.0,349100.7843260496,293402.05510756304
05393500,59.0,28367.54237786263,25510.634431463855
05394500,215.0,48073.949358211285,34955.55984102084
05395000,3.0,2731290.7953271526,2543414.16431269
05396000,9.0,68827.71412337566,67065.35657535281
05397500,10.0,26187.957978255865,22936.72949324255
05398000,0.0,,
05399500,148.0,22272.524773840094,17511.05208831733
05400625,22.0,5563.280661743128,4686.894317294074
05400760,1.0,824610.6265929613,766401.650102857
05401034,3.0,11840.990803064573,11118.673139741937
05401050,38.0,55534.343165543425,45711.73445376038
05401514,3.0,8831.34225305531,6756.489802028026
05402000,93.0,24404.22940516916,19451.2717780404
05403000,11.0,87486.1162027041,73342.94231055224
05403500,62.0,151246.0326633845,128186.76246356183
05404000,0.0,,
054041665,2.0,144434.8913036788,138947.2222916129
05405000,1.0,194195.4824590241,189263.98471111114
05406457,4.0,3960.7552399429937,3220.059333595979
05406469,32.0,4443.831979539032,3169.8004880572316
05406479,24.0,19955.950671134044,16234.983983882667
05406500,3.0,23120.593858491527,22866.37517701818
05407000,17.0,4083058.0469886186,3568244.347012245
05407468,17.0,24467.96882933383,17072.702782877193
05408000,0.0,,
05410490,7.0,100693.31111079894,81195.31023267972
05413400,4.0,8850.866788415466,5916.4173044176705
05413500,152.0,86219.274905905,63685.54103078511
05414000,65.0,38050.771477707756,29807.08991026992
05414213,5.0,15761.096618347316,10041.219261722035
05423500,107.0,13972.910581625758,9283.087548950814
05424057,21.0,135914.96612406775,115051.7286499268
05424157,1.0,78452.26484921477,69995.724128
05425500,25.0,68751.78156338383,57708.85096314502
05425912,54.0,51349.170907776584,36480.31140426923
05426000,43.0,63581.16928457543,52944.54856154729
05426031,5.0,334362.00867956947,275090.8503946154
05426067,3.0,7861.861037332921,6312.222359834481
05426250,103.0,81494.0432122923,64504.590633408974
05427085,18.0,522367.95226900245,407301.5921048708
05427530,18.0,943697.8429113779,767693.0271834732
05427718,7.0,11164.373550212207,9527.859627785916
05427850,2.0,30526.10865889678,23669.13098126582
05427880,0.0,,
05427905,0.0,,
05427910,5.0,25008.487910848213,20779.228584627625
05427927,24.0,3463.2929246313292,2623.5849663497647
05427930,13.0,5848.752774337576,4807.7037062573245
05427943,51.0,1794.3262782902882,1272.3836754316742
054279465,39.0,1886.1151965888273,913.0009009888599
05427948,98.0,1904.051259090185,1376.5890964883988
05428500,44.0,157600.42238048522,121109.61703383428
05429120,6.0,533.9248202027842,228.4923351294737
05429369,14.0,2204.9600120951545,1643.0120691722054
05429500,7.0,38959.04721660584,31718.90834083221
05429510,0.0,,
05429700,8.0,116373.78630844367,80348.47188232042
05430150,0.0,,
05430175,0.0,,
05430403,1.0,292.75604021574753,124.06180025806451
05430500,0.0,,
05431016,4.0,1591.3555439228353,1083.786193301734
05431017,2.0,739.720359895153,666.9962982210527
05431022,35.0,6920.139687367686,3909.0334877464434
05431486,228.0,134533.92515385637,108264.02732426958
05432500,95.0,72801.83215426115,56572.37598534105
05433000,151.0,65194.62816088859,52153.38358098631
05434500,186.0,427273.36629266286,344233.87446551304
05435935,7.0,308.0693660250509,132.66767500188087
05435943,8.0,7022.44654445422,6128.782337818181
05435950,27.0,32015.36635254222,26233.44415800486
05436500,16.0,104638.96713740003,92393.98024491398
05438283,80.0,2723.217753948067,2113.5829294918044
05543830,13.0,21374.176004586083,17843.19949204288
05544200,2.0,71221.3045221479,61047.38916513433
055451345,54.0,46626.52665157441,25696.59436241251
05545750,20.0,266144.57916375285,221934.0479519694
441520088045002,11.0,124.74248963288656,58.91660597953148
06036805,17.0,18549.224381886237,12408.05468478732
06036905,4.0,23831.778647270796,19652.52315354837
06036940,46.0,2172.5027781459426,1707.9613785502481
06037100,0.0,,
06186500,134.0,483768.24956833734,388857.391935293
06188000,108.0,112412.51747409275,96929.49832799609
06218500,81.0,92104.5918131461,70091.91259943752
06220800,2.0,170242.25867060336,159199.35301688893
06221400,59.0,17825.908404450962,15477.019310503463
06224000,3.0,55955.18614363794,44610.10439069951
06227600,0.0,,
06228000,90.0,334136.8427784744,269520.3894623706
06228350,55.0,67486.57203352916,59888.98702622313
06235500,5.0,59283.36064696904,48832.002223552
06236100,70.0,943217.9635609175,837775.0808441784
06253000,124.0,80701.33551675176,57608.67749201599
06258000,25.0,7093.112769995083,5549.022051394801
06274300,0.0,,
06278300,98.0,4440.061098220299,3690.147903112402
06279500,4.0,1398789.8260999836,1325603.189851579
06279940,39.0,244425.51109729073,226829.35627400395
06280300,115.0,152977.57663861467,137151.82139092297
06281000,111.0,185069.7619832885,151521.3990658181
06285100,122.0,438712.20206005825,362316.89334431896
06309200,94.0,3630.017206219686,2687.9254226539915
06313400,0.0,,
06317000,24.0,50132.965866426064,32425.23250263894
06318500,62.0,11542.11530631769,8570.14690716435
06324970,39.0,1819.4998855444962,837.6672911866291
06386500,67.0,4243.531155981282,2358.4907418292173
06425900,13.0,1621.2911024622567,846.5367327609536
06426500,65.0,3086.0027959632876,1368.3218929430118
06622700,116.0,8959.299347571416,6484.482966086746
06623800,50.0,15627.741544606904,10880.000360405753
06625000,169.0,122579.7426249938,103664.88642557248
06630000,1.0,442100.71519985725,433240.06037499994
06630465,21.0,9298.120607625448,7980.265879718399
06632400,54.0,6064.011155707164,5158.359020220256
06634060,18.0,5690.488812708515,4463.778431513662
06634620,65.0,6050.71391054338,4483.764944150164
06635000,76.0,42943.59882047932,34531.38849458189
06638090,46.0,61682.58724368043,50583.66608758583
06641000,78.0,1487511.3333647375,902916.082076012
06642000,50.0,932943.9018081116,843591.7077153216
06645000,40.0,351838.93328149954,203413.997471994
06646000,62.0,14674.69283126306,12466.637819063853
06652000,2.0,615343.6638272379,552799.6879123288
06657000,134.0,57361.40668379738,29109.848887905307
06660000,88.0,82875.9522257491,63532.699852982514
06670500,163.0,67706.83411664257,52258.342080397306
06674500,86.0,182683.778296013,151664.69305279152
09188500,0.0,,
09196000,3.0,31067.17062488544,28596.838842162157
09196500,92.0,28160.982598333725,24220.915218389815
09201500,6.0,71329.69284776556,54408.04735962429
09202000,45.0,131604.22031722718,95178.39831974806
09204500,15.0,31242.34889254211,24846.114765853657
09205000,1.0,226766.75515597535,225496.12324324323
09209400,10.0,410504.55314311746,362332.5319257358
09210500,16.0,22607.090145487542,17779.228266224065
09211200,14.0,514335.7168100879,427834.6160709299
09213500,104.0,45747.01115516181,33687.0525787433
09216050,22.0,33504.82391045318,23092.195018341463
09217000,6.0,553119.4620301462,414742.4719886452
09218500,92.0,151670.67952746502,106387.05672554286
09219000,27.0,35024.75925135935,27187.84161366798
09219200,15.0,33124.18795337275,21650.657719961062
09220000,65.0,10219.323383921623,8541.55617398477
09222400,19.0,5306.985679804609,3836.379036538568
09223000,67.0,21035.750888268423,18676.014566121998
09224000,24.0,21535.174258583058,17645.1525629364
09224700,13.0,35927.48332269127,17728.823496493893
09228000,2.0,33697.96739976727,27444.043044876187
09229500,48.0,55263.2194852187,27889.835343866886
09257000,158.0,159012.50218249724,119333.08124462853
09258050,29.0,5492.680180939533,3929.4428050430574
09258980,39.0,2973.385541934772,1815.0698273554094
09259700,22.0,150353.6379875725,114522.42412805912
10016900,2.0,53525.36024867014,50472.416467753086
10020100,95.0,152361.68186279538,106590.23578864624
10020300,102.0,98355.64710875312,69428.50679703926
10028500,89.0,99819.26158189464,69501.00966632266
10032000,130.0,68297.86094744304,56271.51988479674
10038000,80.0,89855.76391050016,67665.89002968294
13010065,24.0,157013.42129284036,140069.66685807105
13011000,162.0,874433.841611292,503972.4455530484
13011500,139.0,83755.91847640843,70546.18372944235
13011820,7.0,7539.309005789352,5599.135098831238
13011900,2.0,89073.55905030441,80080.7042004819
13013650,36.0,330706.44851342484,242022.13598650676
13014300,0.0,,
13014500,2.0,31652.116402367225,27218.133732173897
13015000,30.0,90250.10584952142,60631.622202294246
13016305,36.0,7371.440797075561,5796.060723160387
13016450,0.0,,
13018300,135.0,5829.218605878087,4635.045419499936
13018350,61.0,92237.28331845715,74836.16576744855
13018750,25.0,1019114.5185212017,933525.1737028571
13019500,20.0,200896.94503385344,176721.7368517056
13022500,104.0,1461154.5727641063,1264331.0323598864
13023000,0.0,,
13025500,14.0,54172.99837003494,49333.12786376798
13027500,102.0,251658.92304340878,205522.32441412233
01648000,2.0,4662.475695587851,3965.3888749306925
01648010,0.0,,
01648011,4.0,885.672386393034,539.4801614734462
01651770,13.0,1272.2621836088574,721.7927655342858
01651800,23.0,2153.635406634403,1472.4414704091287
